audio_id,class_name,source_dataset,grade,issues,duration_s,sample_rate,peak_dbfs,active_level_dbfs,noise_floor_dbfs,dynamic_range_db,spectral_flatness,clipped_fraction,silent_fraction,dropouts
MCH-00001,Machinery Fault,mimii,Acceptable,low signal strength: active level -51 dBFS,10.0,16000,-20.8,-50.5,-53.5,3.9,0.053,0.0,0.0,0
MCH-00002,Machinery Fault,mimii,Acceptable,low signal strength: active level -51 dBFS,10.0,16000,-19.9,-50.6,-53.9,4.9,0.078,0.0,0.0,0
MCH-00003,Machinery Fault,mimii,Acceptable,low signal strength: active level -50 dBFS,10.0,16000,-20.7,-50.4,-53.1,3.0,0.056,0.0,0.0,0
MCH-00004,Machinery Fault,mimii,Acceptable,low signal strength: active level -50 dBFS,10.0,16000,-20.8,-50.4,-53.9,5.0,0.07,0.0,0.0,0
MCH-00005,Machinery Fault,mimii,Acceptable,low signal strength: active level -51 dBFS,10.0,16000,-20.0,-50.6,-54.0,4.6,0.024,0.0,0.0,0
MCH-00006,Machinery Fault,mimii,Acceptable,low signal strength: active level -51 dBFS,10.0,16000,-20.4,-50.7,-53.8,4.4,0.116,0.0,0.0,0
MCH-00007,Machinery Fault,mimii,Acceptable,low signal strength: active level -50 dBFS,10.0,16000,-21.1,-50.4,-53.2,3.1,0.038,0.0,0.0,0
MCH-00008,Machinery Fault,mimii,Acceptable,low signal strength: active level -50 dBFS,10.0,16000,-20.8,-50.3,-53.5,3.7,0.06,0.0,0.0,0
MCH-00009,Machinery Fault,mimii,Acceptable,low signal strength: active level -51 dBFS,10.0,16000,-21.0,-50.6,-53.4,3.3,0.046,0.0,0.0,0
MCH-00010,Machinery Fault,mimii,Acceptable,low signal strength: active level -50 dBFS,10.0,16000,-21.0,-50.4,-53.9,4.3,0.054,0.0,0.0,0
MCH-00011,Machinery Fault,mimii,Acceptable,low signal strength: active level -50 dBFS,10.0,16000,-20.4,-50.5,-53.4,3.6,0.052,0.0,0.0,0
MCH-00012,Machinery Fault,mimii,Acceptable,low signal strength: active level -51 dBFS,10.0,16000,-21.3,-50.6,-52.8,2.5,0.261,0.0,0.0,0
MCH-00013,Machinery Fault,mimii,Acceptable,low signal strength: active level -50 dBFS,10.0,16000,-21.3,-50.4,-53.3,3.4,0.061,0.0,0.0,0
MCH-00014,Machinery Fault,mimii,Acceptable,low signal strength: active level -50 dBFS,10.0,16000,-20.6,-50.4,-55.3,9.6,0.037,0.0,0.0,0
MCH-00015,Machinery Fault,mimii,Acceptable,low signal strength: active level -50 dBFS,10.0,16000,-21.6,-50.3,-53.8,4.4,0.072,0.0,0.0,0
MCH-00016,Machinery Fault,mimii,Acceptable,low signal strength: active level -51 dBFS,10.0,16000,-21.9,-50.8,-53.7,4.5,0.068,0.0,0.0,0
MCH-00017,Machinery Fault,mimii,Acceptable,low signal strength: active level -51 dBFS,10.0,16000,-21.2,-50.7,-54.2,5.1,0.071,0.0,0.0,0
MCH-00018,Machinery Fault,mimii,Acceptable,low signal strength: active level -51 dBFS,10.0,16000,-22.2,-50.7,-53.2,3.2,0.035,0.0,0.0,0
MCH-00019,Machinery Fault,mimii,Acceptable,low signal strength: active level -51 dBFS,10.0,16000,-21.4,-50.6,-53.4,3.8,0.052,0.0,0.0,0
MCH-00020,Machinery Fault,mimii,Acceptable,low signal strength: active level -51 dBFS,10.0,16000,-21.5,-50.7,-53.1,3.0,0.175,0.0,0.0,0
MCH-00021,Machinery Fault,mimii,Acceptable,low signal strength: active level -51 dBFS,10.0,16000,-20.5,-50.7,-54.2,5.0,0.044,0.0,0.0,0
MCH-00022,Machinery Fault,mimii,Acceptable,low signal strength: active level -50 dBFS,10.0,16000,-21.3,-50.5,-53.3,3.3,0.037,0.0,0.0,0
MCH-00023,Machinery Fault,mimii,Acceptable,low signal strength: active level -51 dBFS,10.0,16000,-21.3,-50.6,-53.5,3.7,0.045,0.0,0.0,0
MCH-00024,Machinery Fault,mimii,Acceptable,low signal strength: active level -50 dBFS,10.0,16000,-21.8,-49.8,-53.5,5.1,0.118,0.0,0.0,0
MCH-00025,Machinery Fault,mimii,Acceptable,low signal strength: active level -50 dBFS,10.0,16000,-21.4,-49.9,-53.5,4.3,0.066,0.0,0.0,0
MCH-00026,Machinery Fault,mimii,Acceptable,low signal strength: active level -50 dBFS,10.0,16000,-21.0,-49.9,-53.8,4.7,0.049,0.0,0.0,0
MCH-00027,Machinery Fault,mimii,Acceptable,low signal strength: active level -50 dBFS,10.0,16000,-21.4,-49.8,-53.5,4.1,0.049,0.0,0.0,0
MCH-00028,Machinery Fault,mimii,Acceptable,low signal strength: active level -50 dBFS,10.0,16000,-21.9,-49.8,-53.8,4.8,0.03,0.0,0.0,0
MCH-00029,Machinery Fault,mimii,Acceptable,low signal strength: active level -50 dBFS,10.0,16000,-21.5,-49.9,-53.3,3.7,0.049,0.0,0.0,0
MCH-00030,Machinery Fault,mimii,Acceptable,low signal strength: active level -50 dBFS,10.0,16000,-21.4,-49.9,-53.8,5.3,0.131,0.0,0.0,0
MCH-00031,Machinery Fault,mimii,Acceptable,low signal strength: active level -50 dBFS,10.0,16000,-21.9,-49.9,-52.8,2.8,0.216,0.0,0.0,0
MCH-00032,Machinery Fault,mimii,Acceptable,low signal strength: active level -50 dBFS,10.0,16000,-21.5,-49.9,-53.1,3.5,0.061,0.0,0.0,0
MCH-00033,Machinery Fault,mimii,Acceptable,low signal strength: active level -50 dBFS,10.0,16000,-21.4,-49.6,-54.0,5.3,0.102,0.0,0.0,0
MCH-00034,Machinery Fault,mimii,Acceptable,low signal strength: active level -50 dBFS,10.0,16000,-21.4,-49.9,-53.2,3.5,0.049,0.0,0.0,0
MCH-00035,Machinery Fault,mimii,Acceptable,low signal strength: active level -50 dBFS,10.0,16000,-21.4,-49.9,-55.3,7.8,0.013,0.0,0.0,0
MCH-00036,Machinery Fault,mimii,Acceptable,low signal strength: active level -50 dBFS,10.0,16000,-21.6,-49.9,-53.0,3.9,0.153,0.0,0.0,0
MCH-00037,Machinery Fault,mimii,Acceptable,low signal strength: active level -50 dBFS,10.0,16000,-21.7,-50.1,-53.3,3.7,0.063,0.0,0.0,0
MCH-00038,Machinery Fault,mimii,Acceptable,low signal strength: active level -50 dBFS,10.0,16000,-22.0,-50.0,-53.1,3.3,0.12,0.0,0.0,0
MCH-00039,Machinery Fault,mimii,Acceptable,low signal strength: active level -50 dBFS,10.0,16000,-22.1,-49.9,-55.1,7.4,0.02,0.0,0.0,0
MCH-00040,Machinery Fault,mimii,Acceptable,low signal strength: active level -50 dBFS,10.0,16000,-21.9,-50.1,-53.4,4.0,0.076,0.0,0.0,0
MCH-00041,Machinery Fault,mimii,Acceptable,low signal strength: active level -50 dBFS,10.0,16000,-21.6,-49.8,-53.7,5.3,0.077,0.0,0.0,0
MCH-00042,Machinery Fault,mimii,Acceptable,low signal strength: active level -50 dBFS,10.0,16000,-22.1,-50.1,-53.7,4.6,0.017,0.0,0.0,0
MCH-00043,Machinery Fault,mimii,Acceptable,low signal strength: active level -50 dBFS,10.0,16000,-22.9,-50.2,-53.2,3.5,0.059,0.0,0.0,0
MCH-00044,Machinery Fault,mimii,Acceptable,low signal strength: active level -50 dBFS,10.0,16000,-22.6,-50.3,-53.3,3.5,0.045,0.0,0.0,0
MCH-00045,Machinery Fault,mimii,Acceptable,low signal strength: active level -50 dBFS,10.0,16000,-23.1,-50.3,-53.7,4.7,0.073,0.0,0.0,0
MCH-00046,Machinery Fault,mimii,Acceptable,low signal strength: active level -50 dBFS,10.0,16000,-22.7,-50.2,-53.3,3.4,0.071,0.0,0.0,0
MCH-00047,Machinery Fault,mimii,Acceptable,low signal strength: active level -50 dBFS,10.0,16000,-22.3,-50.0,-53.8,5.3,0.019,0.0,0.0,0
MCH-00048,Machinery Fault,mimii,Acceptable,low signal strength: active level -50 dBFS,10.0,16000,-22.2,-50.0,-53.9,5.5,0.081,0.0,0.0,0
MCH-00049,Machinery Fault,mimii,Good,,10.0,16000,-8.7,-44.3,-53.7,8.5,0.092,0.0,0.0,0
MCH-00050,Machinery Fault,mimii,Good,,10.0,16000,-7.5,-44.4,-53.2,6.7,0.076,0.0,0.0,0
MCH-00051,Machinery Fault,mimii,Good,,10.0,16000,-8.2,-44.7,-54.6,8.8,0.048,0.0,0.0,0
MCH-00052,Machinery Fault,mimii,Good,,10.0,16000,-7.6,-44.6,-54.0,8.0,0.014,0.0,0.0,0
MCH-00053,Machinery Fault,mimii,Good,,10.0,16000,-6.5,-43.7,-53.4,8.7,0.043,0.0,0.0,0
MCH-00054,Machinery Fault,mimii,Good,,10.0,16000,-7.5,-43.8,-54.1,8.7,0.199,0.0,0.0,0
MCH-00055,Machinery Fault,mimii,Good,,10.0,16000,-8.7,-44.1,-53.2,8.0,0.066,0.0,0.0,0
MCH-00056,Machinery Fault,mimii,Good,,10.0,16000,-8.5,-45.0,-53.4,6.7,0.06,0.0,0.0,0
MCH-00057,Machinery Fault,mimii,Good,,10.0,16000,-6.5,-43.8,-53.2,8.1,0.042,0.0,0.0,0
MCH-00058,Machinery Fault,mimii,Good,,10.0,16000,-7.4,-44.7,-52.8,6.5,0.249,0.0,0.0,0
MCH-00059,Machinery Fault,mimii,Good,,10.0,16000,-6.7,-44.3,-54.6,8.1,0.033,0.0,0.0,0
MCH-00060,Machinery Fault,mimii,Good,,10.0,16000,-7.1,-43.5,-53.7,8.5,0.021,0.0,0.0,0
MCH-00061,Machinery Fault,mimii,Good,,10.0,16000,-7.5,-43.5,-53.1,8.1,0.066,0.0,0.0,0
MCH-00062,Machinery Fault,mimii,Good,,10.0,16000,-8.6,-44.5,-53.0,6.6,0.093,0.0,0.0,0
MCH-00063,Machinery Fault,mimii,Good,,10.0,16000,-8.0,-44.9,-53.9,6.9,0.036,0.0,0.0,0
MCH-00064,Machinery Fault,mimii,Good,,10.0,16000,-8.1,-44.4,-53.1,6.5,0.069,0.0,0.0,0
MCH-00065,Machinery Fault,mimii,Good,,10.0,16000,-8.2,-43.8,-53.2,7.8,0.053,0.0,0.0,0
MCH-00066,Machinery Fault,mimii,Good,,10.0,16000,-9.1,-44.3,-53.8,7.3,0.061,0.0,0.0,0
MCH-00067,Machinery Fault,mimii,Good,,10.0,16000,-8.9,-43.5,-53.2,8.5,0.086,0.0,0.0,0
MCH-00068,Machinery Fault,mimii,Good,,10.0,16000,-9.1,-43.6,-53.3,8.9,0.087,0.0,0.0,0
MCH-00069,Machinery Fault,mimii,Good,,10.0,16000,-8.7,-44.4,-53.8,9.0,0.045,0.0,0.0,0
MCH-00070,Machinery Fault,mimii,Good,,10.0,16000,-8.2,-44.7,-54.0,7.2,0.013,0.0,0.0,0
MCH-00071,Machinery Fault,mimii,Good,,10.0,16000,-8.3,-44.7,-53.2,6.1,0.039,0.0,0.0,0
MCH-00072,Machinery Fault,mimii,Good,,10.0,16000,-7.8,-43.8,-53.7,9.4,0.07,0.0,0.0,0
MCH-00073,Machinery Fault,mimii,Good,,10.0,16000,-8.0,-44.1,-54.1,9.4,0.013,0.0,0.0,0
MCH-00074,Machinery Fault,mimii,Good,,10.0,16000,-8.0,-44.7,-53.9,7.9,0.084,0.0,0.0,0
MCH-00075,Machinery Fault,mimii,Good,,10.0,16000,-8.5,-44.2,-54.2,9.2,0.203,0.0,0.0,0
MCH-00076,Machinery Fault,mimii,Good,,10.0,16000,-9.3,-44.6,-53.1,7.7,0.053,0.0,0.0,0
MCH-00077,Machinery Fault,mimii,Good,,10.0,16000,-8.3,-45.5,-53.3,6.6,0.055,0.0,0.0,0
MCH-00078,Machinery Fault,mimii,Good,,10.0,16000,-8.8,-44.7,-53.1,7.2,0.037,0.0,0.0,0
MCH-00079,Machinery Fault,mimii,Good,,10.0,16000,-8.6,-42.5,-52.9,9.1,0.083,0.0,0.0,0
MCH-00080,Machinery Fault,mimii,Good,,10.0,16000,-9.1,-42.2,-53.3,10.1,0.05,0.0,0.0,0
MCH-00081,Machinery Fault,mimii,Good,,10.0,16000,-9.4,-42.7,-52.4,8.9,0.328,0.0,0.0,0
MCH-00082,Machinery Fault,mimii,Good,,10.0,16000,-9.7,-42.6,-53.4,10.1,0.168,0.0,0.0,0
MCH-00083,Machinery Fault,mimii,Good,,10.0,16000,-9.5,-42.7,-53.9,10.4,0.023,0.0,0.0,0
MCH-00084,Machinery Fault,mimii,Good,,10.0,16000,-10.0,-42.8,-53.2,9.7,0.024,0.0,0.0,0
MCH-00085,Machinery Fault,mimii,Good,,10.0,16000,-9.4,-42.2,-52.8,9.5,0.071,0.0,0.0,0
MCH-00086,Machinery Fault,mimii,Good,,10.0,16000,-9.3,-42.5,-53.9,11.1,0.078,0.0,0.0,0
MCH-00087,Machinery Fault,mimii,Good,,10.0,16000,-9.1,-42.6,-52.8,10.0,0.07,0.0,0.0,0
MCH-00088,Machinery Fault,mimii,Good,,10.0,16000,-9.2,-42.3,-53.4,11.2,0.079,0.0,0.0,0
MCH-00089,Machinery Fault,mimii,Good,,10.0,16000,-9.5,-43.3,-52.7,9.6,0.071,0.0,0.0,0
MCH-00090,Machinery Fault,mimii,Good,,10.0,16000,-9.0,-43.1,-52.8,9.1,0.047,0.0,0.0,0
MCH-00091,Machinery Fault,mimii,Good,,10.0,16000,-9.0,-43.0,-52.8,9.5,0.043,0.0,0.0,0
MCH-00092,Machinery Fault,mimii,Good,,10.0,16000,-9.2,-42.7,-53.1,9.4,0.052,0.0,0.0,0
MCH-00093,Machinery Fault,mimii,Good,,10.0,16000,-8.4,-42.9,-53.1,9.5,0.111,0.0,0.0,0
MCH-00094,Machinery Fault,mimii,Good,,10.0,16000,-7.8,-41.9,-53.2,12.1,0.068,0.0,0.0,0
MCH-00095,Machinery Fault,mimii,Good,,10.0,16000,-7.9,-42.2,-53.3,10.3,0.076,0.0,0.0,0
MCH-00096,Machinery Fault,mimii,Good,,10.0,16000,-8.1,-41.9,-52.9,9.7,0.062,0.0,0.0,0
MCH-00097,Machinery Fault,mimii,Good,,10.0,16000,-7.5,-41.4,-57.4,17.2,0.159,0.0,0.177,0
MCH-00098,Machinery Fault,mimii,Good,,10.0,16000,-7.7,-41.8,-53.3,11.0,0.058,0.0,0.0,0
MCH-00099,Machinery Fault,mimii,Good,,10.0,16000,-7.3,-41.6,-53.3,10.7,0.059,0.0,0.0,0
MCH-00100,Machinery Fault,mimii,Good,,10.0,16000,-7.6,-41.6,-56.0,15.2,0.085,0.0,0.0,0
MCH-00101,Machinery Fault,mimii,Good,,10.0,16000,-7.7,-41.5,-53.0,10.7,0.073,0.0,0.0,0
MCH-00102,Machinery Fault,mimii,Good,,10.0,16000,-7.3,-41.4,-53.2,10.0,0.114,0.0,0.0,0
MCH-00103,Machinery Fault,mimii,Good,,10.0,16000,-7.0,-41.5,-53.0,10.7,0.043,0.0,0.0,0
MCH-00104,Machinery Fault,mimii,Good,,10.0,16000,-7.2,-41.2,-53.1,11.1,0.084,0.0,0.0,0
MCH-00105,Machinery Fault,mimii,Good,,10.0,16000,-7.3,-41.5,-53.3,11.1,0.101,0.0,0.0,0
MCH-00106,Machinery Fault,mimii,Good,,10.0,16000,-7.2,-41.1,-52.7,10.9,0.126,0.0,0.0,0
MCH-00107,Machinery Fault,mimii,Good,,10.0,16000,-7.7,-41.8,-52.8,10.3,0.038,0.0,0.0,0
MCH-00108,Machinery Fault,mimii,Good,,10.0,16000,-7.1,-41.5,-53.1,10.9,0.079,0.0,0.0,0
MCH-00109,Machinery Fault,mimii,Good,,10.0,16000,-8.7,-42.0,-53.3,10.7,0.044,0.0,0.0,0
MCH-00110,Machinery Fault,mimii,Good,,10.0,16000,-10.0,-45.6,-52.6,6.6,0.078,0.0,0.0,0
MCH-00111,Machinery Fault,mimii,Good,,10.0,16000,-10.3,-45.7,-52.0,5.1,0.065,0.0,0.0,0
MCH-00112,Machinery Fault,mimii,Good,,10.0,16000,-9.3,-44.9,-52.3,5.2,0.067,0.0,0.0,0
MCH-00113,Machinery Fault,mimii,Good,,10.0,16000,-11.9,-45.9,-52.1,4.7,0.061,0.0,0.0,0
MCH-00114,Machinery Fault,mimii,Good,,10.0,16000,-7.9,-44.9,-51.8,4.8,0.05,0.0,0.0,0
MCH-00115,Machinery Fault,mimii,Good,,10.0,16000,-11.8,-45.6,-52.0,5.4,0.059,0.0,0.0,0
MCH-00116,Machinery Fault,mimii,Good,,10.0,16000,-9.9,-45.6,-52.1,5.1,0.069,0.0,0.0,0
MCH-00117,Machinery Fault,mimii,Good,,10.0,16000,-9.2,-44.9,-52.4,6.1,0.105,0.0,0.0,0
MCH-00118,Machinery Fault,mimii,Good,,10.0,16000,-10.7,-45.0,-52.6,6.0,0.084,0.0,0.0,0
MCH-00119,Machinery Fault,mimii,Good,,10.0,16000,-12.8,-47.2,-52.4,4.9,0.076,0.0,0.0,0
MCH-00120,Machinery Fault,mimii,Good,,10.0,16000,-12.4,-46.5,-52.2,5.0,0.069,0.0,0.0,0
MCH-00121,Machinery Fault,mimii,Good,,10.0,16000,-10.0,-45.5,-52.2,5.0,0.091,0.0,0.0,0
MCH-00122,Machinery Fault,mimii,Good,,10.0,16000,-8.3,-44.8,-52.6,7.4,0.043,0.0,0.0,0
MCH-00123,Machinery Fault,mimii,Good,,10.0,16000,-9.5,-45.1,-51.4,4.9,0.154,0.0,0.0,0
MCH-00124,Machinery Fault,mimii,Good,,10.0,16000,-8.4,-45.4,-52.2,5.3,0.05,0.0,0.0,0
MCH-00125,Machinery Fault,mimii,Good,,10.0,16000,-8.8,-44.9,-52.3,5.4,0.062,0.0,0.0,0
MCH-00126,Machinery Fault,mimii,Good,,10.0,16000,-8.7,-45.7,-52.4,5.5,0.075,0.0,0.0,0
MCH-00127,Machinery Fault,mimii,Good,,10.0,16000,-9.2,-44.8,-52.7,8.4,0.096,0.0,0.0,0
MCH-00128,Machinery Fault,mimii,Good,,10.0,16000,-12.4,-47.0,-52.5,5.5,0.08,0.0,0.0,0
MCH-00129,Machinery Fault,mimii,Good,,10.0,16000,-13.3,-47.7,-53.0,5.6,0.095,0.0,0.0,0
MCH-00130,Machinery Fault,mimii,Good,,10.0,16000,-12.9,-47.0,-52.4,4.4,0.063,0.0,0.0,0
MCH-00131,Machinery Fault,mimii,Good,,10.0,16000,-13.1,-47.4,-51.9,3.8,0.172,0.0,0.0,0
MCH-00132,Machinery Fault,mimii,Good,,10.0,16000,-13.2,-47.3,-52.5,5.0,0.086,0.0,0.0,0
MCH-00133,Machinery Fault,mimii,Good,,10.0,16000,-12.0,-46.7,-52.9,5.6,0.023,0.0,0.0,0
MCH-00134,Machinery Fault,mimii,Good,,10.0,16000,-11.8,-46.1,-52.5,5.2,0.059,0.0,0.0,0
MCH-00135,Machinery Fault,mimii,Good,,10.0,16000,-11.9,-46.7,-52.5,5.1,0.067,0.0,0.0,0
MCH-00136,Machinery Fault,mimii,Good,,10.0,16000,-11.3,-46.2,-52.4,5.2,0.068,0.0,0.0,0
MCH-00137,Machinery Fault,mimii,Good,,10.0,16000,-10.9,-46.7,-52.6,5.0,0.043,0.0,0.0,0
MCH-00138,Machinery Fault,mimii,Good,,10.0,16000,-11.3,-45.5,-52.2,6.4,0.06,0.0,0.0,0
MCH-00139,Machinery Fault,mimii,Good,,10.0,16000,-13.5,-46.9,-52.2,6.6,0.09,0.0,0.0,0
MCH-00140,Machinery Fault,mimii,Good,,10.0,16000,-13.8,-47.9,-52.5,3.6,0.163,0.0,0.0,0
MCH-00141,Machinery Fault,mimii,Good,,10.0,16000,-13.1,-47.7,-52.5,4.4,0.134,0.0,0.0,0
MCH-00142,Machinery Fault,mimii,Good,,10.0,16000,-10.1,-41.9,-52.6,10.8,0.348,0.0,0.0,0
MCH-00143,Machinery Fault,mimii,Good,,10.0,16000,-9.7,-42.0,-52.1,8.1,0.126,0.0,0.0,0
MCH-00144,Machinery Fault,mimii,Good,,10.0,16000,-9.4,-42.0,-52.2,8.6,0.063,0.0,0.0,0
MCH-00145,Machinery Fault,mimii,Good,,10.0,16000,-9.2,-41.6,-52.1,9.9,0.051,0.0,0.0,0
MCH-00146,Machinery Fault,mimii,Good,,10.0,16000,-9.2,-42.1,-52.4,8.8,0.075,0.0,0.0,0
MCH-00147,Machinery Fault,mimii,Good,,10.0,16000,-9.0,-42.1,-52.1,8.7,0.072,0.0,0.0,0
MCH-00148,Machinery Fault,mimii,Good,,10.0,16000,-9.2,-41.6,-52.4,9.9,0.077,0.0,0.0,0
MCH-00149,Machinery Fault,mimii,Good,,10.0,16000,-9.1,-42.1,-52.2,7.7,0.077,0.0,0.0,0
MCH-00150,Machinery Fault,mimii,Good,,10.0,16000,-9.0,-42.0,-52.1,7.4,0.074,0.0,0.0,0
MCH-00151,Machinery Fault,mimii,Good,,10.0,16000,-9.0,-42.0,-52.1,9.3,0.061,0.0,0.0,0
MCH-00152,Machinery Fault,mimii,Good,,10.0,16000,-9.3,-42.3,-52.4,9.0,0.117,0.0,0.0,0
MCH-00153,Machinery Fault,mimii,Good,,10.0,16000,-10.0,-42.5,-52.2,9.1,0.077,0.0,0.0,0
MCH-00154,Machinery Fault,mimii,Good,,10.0,16000,-9.8,-42.9,-52.0,8.8,0.141,0.0,0.0,0
MCH-00155,Machinery Fault,mimii,Good,,10.0,16000,-10.0,-42.9,-52.6,9.7,0.031,0.0,0.0,0
MCH-00156,Machinery Fault,mimii,Good,,10.0,16000,-10.2,-43.0,-52.2,8.7,0.102,0.0,0.0,0
MCH-00157,Machinery Fault,mimii,Good,,10.0,16000,-10.4,-43.1,-52.8,9.6,0.059,0.0,0.0,0
MCH-00158,Machinery Fault,mimii,Good,,10.0,16000,-11.0,-43.3,-53.8,11.1,0.036,0.0,0.0,0
MCH-00159,Machinery Fault,mimii,Good,,10.0,16000,-10.9,-43.1,-52.2,9.0,0.061,0.0,0.0,0
MCH-00160,Machinery Fault,mimii,Good,,10.0,16000,-11.2,-43.3,-52.4,9.9,0.122,0.0,0.0,0
MCH-00161,Machinery Fault,mimii,Good,,10.0,16000,-11.5,-43.3,-51.9,7.5,0.056,0.0,0.0,0
MCH-00162,Machinery Fault,mimii,Good,,10.0,16000,-11.9,-43.3,-52.1,8.5,0.06,0.0,0.0,0
MCH-00163,Machinery Fault,mimii,Good,,10.0,16000,-12.2,-43.3,-52.0,9.5,0.067,0.0,0.0,0
MCH-00164,Machinery Fault,mimii,Good,,10.0,16000,-11.8,-41.5,-50.8,13.4,0.043,0.0,0.0,0
MCH-00165,Machinery Fault,mimii,Good,,10.0,16000,-12.0,-43.4,-51.4,8.5,0.054,0.0,0.0,0
MCH-00166,Machinery Fault,mimii,Good,,10.0,16000,-12.4,-43.2,-51.5,9.5,0.059,0.0,0.0,0
MCH-00167,Machinery Fault,mimii,Good,,10.0,16000,-11.8,-43.4,-51.9,9.7,0.073,0.0,0.0,0
MCH-00168,Machinery Fault,mimii,Good,,10.0,16000,-5.7,-42.9,-53.2,9.7,0.048,0.0,0.0,0
MCH-00169,Machinery Fault,mimii,Good,,10.0,16000,-5.4,-42.8,-54.1,9.9,0.034,0.0,0.0,0
MCH-00170,Machinery Fault,mimii,Good,,10.0,16000,-5.9,-42.4,-53.0,10.0,0.124,0.0,0.0,0
MCH-00171,Machinery Fault,mimii,Good,,10.0,16000,-5.9,-42.5,-53.3,9.9,0.085,0.0,0.0,0
MCH-00172,Machinery Fault,mimii,Good,,10.0,16000,-6.9,-43.8,-53.6,9.4,0.09,0.0,0.0,0
MCH-00173,Machinery Fault,mimii,Good,,10.0,16000,-12.0,-46.5,-53.3,7.9,0.094,0.0,0.0,0
MCH-00174,Machinery Fault,mimii,Good,,10.0,16000,-10.0,-46.5,-53.0,7.6,0.204,0.0,0.0,0
MCH-00175,Machinery Fault,mimii,Good,,10.0,16000,-10.8,-45.8,-52.9,10.2,0.056,0.0,0.0,0
MCH-00176,Machinery Fault,mimii,Good,,10.0,16000,-7.1,-43.9,-53.2,9.6,0.089,0.0,0.0,0
MCH-00177,Machinery Fault,mimii,Good,,10.0,16000,-9.3,-44.8,-53.2,9.0,0.049,0.0,0.0,0
MCH-00178,Machinery Fault,mimii,Good,,10.0,16000,-11.3,-46.1,-53.0,10.1,0.198,0.0,0.0,0
MCH-00179,Machinery Fault,mimii,Good,,10.0,16000,-8.1,-44.4,-53.1,9.9,0.091,0.0,0.0,0
MCH-00180,Machinery Fault,mimii,Good,,10.0,16000,-10.9,-46.8,-53.0,9.0,0.043,0.0,0.0,0
MCH-00181,Machinery Fault,mimii,Good,,10.0,16000,-12.5,-46.2,-53.1,9.6,0.092,0.0,0.0,0
MCH-00182,Machinery Fault,mimii,Good,,10.0,16000,-11.3,-46.6,-53.4,8.7,0.075,0.0,0.0,0
MCH-00183,Machinery Fault,mimii,Good,,10.0,16000,-10.7,-45.5,-53.3,12.0,0.042,0.0,0.0,0
MCH-00184,Machinery Fault,mimii,Good,,10.0,16000,-10.9,-46.4,-53.7,10.0,0.085,0.0,0.0,0
MCH-00185,Machinery Fault,mimii,Good,,10.0,16000,-11.6,-46.5,-53.1,9.7,0.064,0.0,0.0,0
MCH-00186,Machinery Fault,mimii,Good,,10.0,16000,-12.8,-46.4,-52.9,9.0,0.077,0.0,0.0,0
MCH-00187,Machinery Fault,mimii,Good,,10.0,16000,-13.4,-46.9,-52.9,8.9,0.074,0.0,0.0,0
MCH-00188,Machinery Fault,mimii,Good,,10.0,16000,-18.4,-48.0,-53.0,8.5,0.082,0.0,0.0,0
MCH-00189,Machinery Fault,mimii,Good,,10.0,16000,-18.2,-47.2,-53.4,9.2,0.055,0.0,0.0,0
MCH-00190,Machinery Fault,mimii,Good,,10.0,16000,-18.6,-48.0,-53.3,8.5,0.055,0.0,0.0,0
MCH-00191,Machinery Fault,mimii,Good,,10.0,16000,-16.1,-45.6,-52.9,12.9,0.062,0.0,0.0,0
MCH-00192,Machinery Fault,mimii,Good,,10.0,16000,-16.3,-45.7,-53.4,14.4,0.049,0.0,0.0,0
MCH-00193,Machinery Fault,mimii,Good,,10.0,16000,-17.4,-45.0,-52.8,14.8,0.121,0.0,0.0,0
MCH-00194,Machinery Fault,mimii,Good,,10.0,16000,-17.3,-45.0,-54.0,15.3,0.025,0.0,0.0,0
MCH-00195,Machinery Fault,mimii,Good,,10.0,16000,-17.1,-45.2,-52.7,13.7,0.228,0.0,0.0,0
MCH-00196,Machinery Fault,mimii,Good,,10.0,16000,-16.4,-45.2,-52.7,14.6,0.069,0.0,0.0,0
MCH-00197,Machinery Fault,mimii,Good,,10.0,16000,-17.5,-45.7,-52.8,14.2,0.049,0.0,0.0,0
MCH-00198,Machinery Fault,mimii,Good,,10.0,16000,-16.4,-44.8,-53.4,17.3,0.053,0.0,0.0,0
MCH-00199,Machinery Fault,mimii,Good,,10.0,16000,-14.4,-44.9,-53.4,15.3,0.082,0.0,0.0,0
MCH-00200,Machinery Fault,mimii,Good,,10.0,16000,-15.3,-45.0,-53.0,14.4,0.075,0.0,0.0,0
MCH-00201,Machinery Fault,mimii,Good,,10.0,16000,-15.8,-45.2,-53.0,15.1,0.058,0.0,0.0,0
MCH-00202,Machinery Fault,mimii,Good,,10.0,16000,-13.7,-45.0,-56.8,18.8,0.026,0.0,0.007,0
MCH-00203,Machinery Fault,mimii,Good,,10.0,16000,-17.1,-45.3,-52.4,15.3,0.153,0.0,0.0,0
MCH-00204,Machinery Fault,mimii,Good,,10.0,16000,-15.0,-45.2,-53.5,15.5,0.047,0.0,0.0,0
MCH-00205,Machinery Fault,mimii,Good,,10.0,16000,-16.7,-45.9,-52.6,12.7,0.062,0.0,0.0,0
MCH-00206,Machinery Fault,mimii,Good,,10.0,16000,-15.6,-46.5,-52.7,12.8,0.046,0.0,0.0,0
MCH-00207,Machinery Fault,mimii,Good,,10.0,16000,-13.4,-45.5,-53.2,13.9,0.088,0.0,0.0,0
MCH-00208,Machinery Fault,mimii,Good,,10.0,16000,-14.8,-45.2,-53.0,14.0,0.068,0.0,0.0,0
MCH-00209,Machinery Fault,mimii,Good,,10.0,16000,-16.7,-46.0,-53.4,13.3,0.038,0.0,0.0,0
MCH-00210,Machinery Fault,mimii,Good,,10.0,16000,-22.0,-47.1,-53.2,13.1,0.062,0.0,0.0,0
MCH-00211,Machinery Fault,mimii,Acceptable,low signal strength: active level -50 dBFS,10.0,16000,-20.5,-50.0,-53.8,4.9,0.079,0.0,0.0,0
MCH-00212,Machinery Fault,mimii,Acceptable,low signal strength: active level -50 dBFS,10.0,16000,-20.2,-50.2,-53.4,3.5,0.069,0.0,0.0,0
MCH-00213,Machinery Fault,mimii,Acceptable,low signal strength: active level -50 dBFS,10.0,16000,-20.2,-50.4,-53.4,3.5,0.044,0.0,0.0,0
MCH-00214,Machinery Fault,mimii,Acceptable,low signal strength: active level -51 dBFS,10.0,16000,-20.5,-50.7,-53.6,4.0,0.081,0.0,0.0,0
MCH-00215,Machinery Fault,mimii,Acceptable,low signal strength: active level -50 dBFS,10.0,16000,-21.5,-50.0,-53.2,3.8,0.052,0.0,0.0,0
MCH-00216,Machinery Fault,mimii,Acceptable,low signal strength: active level -50 dBFS,10.0,16000,-21.9,-49.9,-53.9,5.0,0.104,0.0,0.0,0
MCH-00217,Machinery Fault,mimii,Acceptable,low signal strength: active level -50 dBFS,10.0,16000,-21.5,-49.7,-53.4,3.9,0.062,0.0,0.0,0
MCH-00218,Machinery Fault,mimii,Acceptable,low signal strength: active level -50 dBFS,10.0,16000,-21.8,-49.9,-53.6,4.7,0.099,0.0,0.0,0
MCH-00219,Machinery Fault,mimii,Acceptable,low signal strength: active level -50 dBFS,10.0,16000,-21.5,-49.9,-53.3,4.3,0.209,0.0,0.0,0
MCH-00220,Machinery Fault,mimii,Acceptable,low signal strength: active level -50 dBFS,10.0,16000,-21.3,-49.8,-53.7,4.4,0.028,0.0,0.0,0
MCH-00221,Machinery Fault,mimii,Acceptable,low signal strength: active level -50 dBFS,10.0,16000,-22.0,-49.9,-53.5,4.5,0.064,0.0,0.0,0
MCH-00222,Machinery Fault,mimii,Acceptable,low signal strength: active level -50 dBFS,10.0,16000,-21.4,-49.9,-55.4,10.3,0.058,0.0,0.0,0
MCH-00223,Machinery Fault,mimii,Acceptable,low signal strength: active level -50 dBFS,10.0,16000,-22.3,-50.2,-53.4,3.8,0.084,0.0,0.0,0
MCH-00224,Machinery Fault,mimii,Acceptable,low signal strength: active level -50 dBFS,10.0,16000,-22.1,-50.2,-53.7,5.1,0.091,0.0,0.0,0
MCH-00225,Machinery Fault,mimii,Good,,10.0,16000,-9.1,-44.6,-53.5,8.6,0.068,0.0,0.0,0
MCH-00226,Machinery Fault,mimii,Good,,10.0,16000,-9.1,-43.7,-53.0,7.8,0.192,0.0,0.0,0
MCH-00227,Machinery Fault,mimii,Good,,10.0,16000,-8.8,-43.7,-53.3,8.6,0.052,0.0,0.0,0
MCH-00228,Machinery Fault,mimii,Good,,10.0,16000,-8.9,-44.9,-53.3,6.3,0.064,0.0,0.0,0
MCH-00229,Machinery Fault,mimii,Good,,10.0,16000,-9.1,-44.8,-53.3,6.1,0.076,0.0,0.0,0
MCH-00230,Machinery Fault,mimii,Good,,10.0,16000,-9.0,-42.1,-53.1,10.7,0.058,0.0,0.0,0
MCH-00231,Machinery Fault,mimii,Good,,10.0,16000,-9.0,-42.6,-53.1,10.1,0.023,0.0,0.0,0
MCH-00232,Machinery Fault,mimii,Good,,10.0,16000,-9.1,-42.5,-53.4,10.7,0.072,0.0,0.0,0
MCH-00233,Machinery Fault,mimii,Good,,10.0,16000,-9.1,-43.0,-53.0,9.5,0.041,0.0,0.0,0
MCH-00234,Machinery Fault,mimii,Good,,10.0,16000,-8.9,-44.8,-52.2,5.4,0.044,0.0,0.0,0
MCH-00235,Machinery Fault,mimii,Good,,10.0,16000,-9.5,-45.2,-51.9,4.9,0.08,0.0,0.0,0
MCH-00236,Machinery Fault,mimii,Good,,10.0,16000,-9.0,-45.8,-52.2,5.5,0.056,0.0,0.0,0
MCH-00237,Machinery Fault,mimii,Good,,10.0,16000,-8.6,-46.0,-53.1,5.7,0.065,0.0,0.0,0
MCH-00238,Machinery Fault,mimii,Good,,10.0,16000,-10.7,-45.0,-52.2,7.5,0.053,0.0,0.0,0
MCH-00239,Machinery Fault,mimii,Good,,10.0,16000,-11.4,-41.6,-52.2,11.5,0.089,0.0,0.0,0
MCH-00240,Machinery Fault,mimii,Good,,10.0,16000,-9.3,-42.2,-52.7,9.7,0.061,0.0,0.0,0
MCH-00241,Machinery Fault,mimii,Good,,10.0,16000,-9.2,-42.3,-52.4,9.2,0.077,0.0,0.0,0
MCH-00242,Machinery Fault,mimii,Good,,10.0,16000,-11.1,-43.2,-52.1,9.3,0.07,0.0,0.0,0
MCH-00243,Machinery Fault,mimii,Good,,10.0,16000,-8.7,-44.7,-55.3,11.9,0.208,0.0,0.0,0
MCH-00244,Machinery Fault,mimii,Good,,10.0,16000,-8.1,-44.5,-53.0,9.7,0.06,0.0,0.0,0
MCH-00245,Machinery Fault,mimii,Good,,10.0,16000,-11.4,-46.6,-53.1,8.7,0.07,0.0,0.0,0
MCH-00246,Machinery Fault,mimii,Good,,10.0,16000,-12.9,-46.1,-53.5,10.7,0.09,0.0,0.0,0
MCH-00247,Machinery Fault,mimii,Good,,10.0,16000,-12.6,-46.6,-53.5,9.1,0.043,0.0,0.0,0
MCH-00248,Machinery Fault,mimii,Good,,10.0,16000,-14.1,-47.2,-53.0,8.2,0.063,0.0,0.0,0
MCH-00249,Machinery Fault,mimii,Good,,10.0,16000,-10.5,-45.6,-52.9,10.6,0.046,0.0,0.0,0
MCH-00250,Machinery Fault,mimii,Good,,10.0,16000,-10.7,-46.2,-52.9,9.2,0.06,0.0,0.0,0
MCH-00251,Machinery Fault,mimii,Good,,10.0,16000,-11.0,-45.6,-52.6,10.4,0.146,0.0,0.0,0
MCH-00252,Machinery Fault,mimii,Good,,10.0,16000,-16.9,-45.2,-53.5,14.9,0.031,0.0,0.0,0
MCH-00253,Machinery Fault,mimii,Good,,10.0,16000,-17.1,-45.2,-53.1,15.0,0.059,0.0,0.0,0
MCH-00254,Machinery Fault,mimii,Good,,10.0,16000,-15.4,-45.3,-52.7,15.0,0.049,0.0,0.0,0
MCH-00255,Machinery Fault,mimii,Good,,10.0,16000,-15.1,-46.2,-53.1,12.8,0.057,0.0,0.0,0
MCH-00256,Machinery Fault,mimii,Acceptable,low signal strength: active level -51 dBFS; excessive noise: little contrast above the noise (range 2 dB),10.0,16000,-20.4,-50.5,-52.7,2.3,0.352,0.0,0.0,0
MCH-00257,Machinery Fault,mimii,Acceptable,low signal strength: active level -51 dBFS,10.0,16000,-20.0,-50.6,-53.6,3.8,0.098,0.0,0.0,0
MCH-00258,Machinery Fault,mimii,Acceptable,low signal strength: active level -50 dBFS,10.0,16000,-20.3,-50.4,-54.0,4.7,0.023,0.0,0.0,0
MCH-00259,Machinery Fault,mimii,Acceptable,low signal strength: active level -51 dBFS,10.0,16000,-21.1,-50.7,-53.4,3.9,0.073,0.0,0.0,0
MCH-00260,Machinery Fault,mimii,Acceptable,low signal strength: active level -50 dBFS,10.0,16000,-19.3,-50.4,-53.3,3.5,0.039,0.0,0.0,0
MCH-00261,Machinery Fault,mimii,Acceptable,low signal strength: active level -50 dBFS,10.0,16000,-21.3,-50.5,-54.0,5.3,0.036,0.0,0.0,0
MCH-00262,Machinery Fault,mimii,Acceptable,low signal strength: active level -50 dBFS,10.0,16000,-21.2,-50.3,-54.2,4.9,0.076,0.0,0.0,0
MCH-00263,Machinery Fault,mimii,Acceptable,low signal strength: active level -50 dBFS,10.0,16000,-22.0,-49.8,-53.5,4.4,0.03,0.0,0.0,0
MCH-00264,Machinery Fault,mimii,Acceptable,low signal strength: active level -50 dBFS,10.0,16000,-22.4,-50.2,-53.2,3.5,0.117,0.0,0.0,0
MCH-00265,Machinery Fault,mimii,Acceptable,low signal strength: active level -50 dBFS,10.0,16000,-22.4,-50.1,-53.3,3.6,0.04,0.0,0.0,0
MCH-00266,Machinery Fault,mimii,Good,,10.0,16000,-6.5,-43.9,-54.1,9.9,0.219,0.0,0.0,0
MCH-00267,Machinery Fault,mimii,Good,,10.0,16000,-7.2,-44.7,-53.1,6.6,0.063,0.0,0.0,0
MCH-00268,Machinery Fault,mimii,Good,,10.0,16000,-7.8,-43.4,-53.2,8.7,0.06,0.0,0.0,0
MCH-00269,Machinery Fault,mimii,Good,,10.0,16000,-7.6,-44.9,-53.4,7.0,0.067,0.0,0.0,0
MCH-00270,Machinery Fault,mimii,Good,,10.0,16000,-8.4,-43.7,-53.3,8.5,0.053,0.0,0.0,0
MCH-00271,Machinery Fault,mimii,Good,,10.0,16000,-8.4,-44.6,-53.2,6.2,0.058,0.0,0.0,0
MCH-00272,Machinery Fault,mimii,Good,,10.0,16000,-8.2,-42.1,-52.8,10.4,0.059,0.0,0.0,0
MCH-00273,Machinery Fault,mimii,Good,,10.0,16000,-8.8,-42.8,-54.3,11.5,0.026,0.0,0.0,0
MCH-00274,Machinery Fault,mimii,Good,,10.0,16000,-8.5,-42.6,-53.0,10.4,0.05,0.0,0.0,0
MCH-00275,Machinery Fault,mimii,Good,,10.0,16000,-8.3,-42.3,-54.0,10.8,0.03,0.0,0.0,0
MCH-00276,Machinery Fault,mimii,Good,,10.0,16000,-9.9,-45.4,-52.6,7.0,0.141,0.0,0.0,0
MCH-00277,Machinery Fault,mimii,Good,,10.0,16000,-9.3,-45.5,-52.4,6.0,0.029,0.0,0.0,0
MCH-00278,Machinery Fault,mimii,Good,,10.0,16000,-12.0,-46.9,-53.2,6.5,0.157,0.0,0.0,0
MCH-00279,Machinery Fault,mimii,Good,,10.0,16000,-11.6,-46.1,-52.7,5.7,0.034,0.0,0.0,0
MCH-00280,Machinery Fault,mimii,Good,,10.0,16000,-10.1,-42.0,-52.3,9.2,0.106,0.0,0.0,0
MCH-00281,Machinery Fault,mimii,Good,,10.0,16000,-9.2,-41.9,-57.9,16.9,0.055,0.0,0.033,0
MCH-00282,Machinery Fault,mimii,Good,,10.0,16000,-9.6,-42.3,-52.4,9.9,0.09,0.0,0.0,0
MCH-00283,Machinery Fault,mimii,Good,,10.0,16000,-10.9,-43.2,-52.4,9.4,0.069,0.0,0.0,0
MCH-00284,Machinery Fault,mimii,Good,,10.0,16000,-12.5,-43.3,-51.5,9.9,0.042,0.0,0.0,0
MCH-00285,Machinery Fault,mimii,Good,,10.0,16000,-7.8,-44.7,-53.6,9.9,0.017,0.0,0.0,0
MCH-00286,Machinery Fault,mimii,Good,,10.0,16000,-7.3,-44.7,-53.1,8.8,0.065,0.0,0.0,0
MCH-00287,Machinery Fault,mimii,Good,,10.0,16000,-11.0,-45.6,-55.4,13.6,0.066,0.0,0.0,0
MCH-00288,Machinery Fault,mimii,Good,,10.0,16000,-12.5,-46.7,-53.8,9.6,0.077,0.0,0.0,0
MCH-00289,Machinery Fault,mimii,Good,,10.0,16000,-13.4,-47.0,-53.6,9.5,0.041,0.0,0.0,0
MCH-00290,Machinery Fault,mimii,Good,,10.0,16000,-16.9,-45.5,-53.0,14.5,0.045,0.0,0.0,0
MCH-00291,Machinery Fault,mimii,Good,,10.0,16000,-17.3,-45.3,-52.8,14.0,0.18,0.0,0.0,0
MCH-00292,Machinery Fault,mimii,Good,,10.0,16000,-16.9,-45.1,-52.7,14.3,0.042,0.0,0.0,0
MCH-00293,Machinery Fault,mimii,Good,,10.0,16000,-16.6,-45.4,-52.7,12.5,0.064,0.0,0.0,0
MCH-00294,Machinery Fault,mimii,Good,,10.0,16000,-17.6,-45.6,-53.0,13.6,0.078,0.0,0.0,0
MCH-00295,Machinery Fault,mimii,Good,,10.0,16000,-17.8,-45.7,-52.9,14.9,0.068,0.0,0.0,0
MCH-00296,Machinery Fault,mimii,Good,,10.0,16000,-15.2,-45.2,-53.3,16.0,0.027,0.0,0.0,0
MCH-00297,Machinery Fault,mimii,Good,,10.0,16000,-16.2,-45.2,-52.5,14.6,0.19,0.0,0.0,0
MCH-00298,Machinery Fault,mimii,Good,,10.0,16000,-14.7,-44.7,-52.9,15.4,0.248,0.0,0.0,0
MCH-00299,Machinery Fault,mimii,Good,,10.0,16000,-14.6,-44.8,-54.1,14.4,0.015,0.0,0.0,0
MCH-00300,Machinery Fault,mimii,Good,,10.0,16000,-13.4,-45.3,-53.1,13.7,0.265,0.0,0.0,0
GLS-00001,Glass Breaking,esc50,Good,,5.0,44100,0.0,-13.3,-39.0,31.0,0.006,0.0,0.365,0
GLS-00002,Glass Breaking,esc50,Good,,5.0,44100,0.0,-17.4,-53.5,42.7,0.008,0.00031,0.74,0
GLS-00003,Glass Breaking,esc50,Good,,5.0,44100,-0.0,-21.6,-52.2,34.8,0.034,0.0,0.88,0
GLS-00004,Glass Breaking,esc50,Good,,5.0,44100,-14.7,-37.8,-53.5,22.6,0.007,0.0,0.73,0
GLS-00005,Glass Breaking,esc50,Good,,5.0,44100,-7.2,-29.5,-58.1,36.4,0.015,0.0,0.81,0
GLS-00006,Glass Breaking,esc50,Good,,5.0,44100,0.0,-12.1,-45.6,40.8,0.048,0.00033,0.885,0
GLS-00007,Glass Breaking,fsd50k,Good,,7.732,44100,-0.0,-31.1,-54.6,19.9,0.001,5e-05,0.0,0
GLS-00008,Glass Breaking,fsd50k,Acceptable,clipping: 0.17% of samples are clipped,14.198,44100,-0.0,-21.1,-55.5,39.9,0.001,0.00165,0.0,0
GLS-00009,Glass Breaking,fsd50k,Good,,2.181,44100,0.0,-25.7,-50.3,24.4,0.034,0.0,0.0,0
GLS-00010,Glass Breaking,fsd50k,Good,,2.086,44100,0.0,-25.7,-56.6,31.7,0.236,0.0,0.386,0
GLS-00011,Glass Breaking,fsd50k,Good,,0.88,44100,0.0,-18.2,-55.1,44.6,0.041,0.00015,0.057,0
GLS-00012,Glass Breaking,fsd50k,Acceptable,missing audio frames: 2 dropouts (0.68 s),14.55,44100,0.0,-20.8,-53.8,41.8,0.002,0.0,0.196,2
GLS-00013,Glass Breaking,fsd50k,Acceptable,clipping: 0.83% of samples are clipped,3.635,44100,0.0,-14.2,-51.8,43.3,0.013,0.00826,0.386,0
GLS-00014,Glass Breaking,fsd50k,Good,,3.635,44100,0.0,-17.6,-52.0,40.9,0.026,0.00075,0.414,0
GLS-00015,Glass Breaking,fsd50k,Good,,1.561,44100,-3.1,-20.3,-45.2,29.8,0.004,0.0,0.048,0
GLS-00016,Glass Breaking,fsd50k,Good,,1.702,44100,-3.8,-34.4,-50.7,23.2,0.039,0.0,0.559,0
GLS-00017,Glass Breaking,fsd50k,Good,,3.49,44100,-4.8,-30.8,-54.1,29.4,0.003,0.0,0.072,0
GLS-00018,Glass Breaking,fsd50k,Good,,5.49,44100,-0.1,-22.4,-52.7,37.5,0.0,0.0,0.041,0
GLS-00019,Glass Breaking,fsd50k,Good,,2.414,44100,-10.3,-26.5,-54.0,34.8,0.002,0.0,0.448,0
GLS-00020,Glass Breaking,fsd50k,Good,,1.84,44100,-0.8,-24.3,-53.0,31.2,0.065,0.0,0.438,0
GLS-00021,Glass Breaking,fsd50k,Poor,missing audio frames: 9 dropouts (3.10 s),16.44,44100,-3.6,-24.4,-54.9,38.1,0.089,0.0,0.566,9
GLS-00022,Glass Breaking,fsd50k,Good,,19.186,44100,0.0,-28.3,-57.0,32.8,0.027,0.0,0.522,0
GLS-00023,Glass Breaking,fsd50k,Good,,21.288,44100,0.0,-29.3,-57.1,34.1,0.077,0.0,0.194,0
GLS-00024,Glass Breaking,fsd50k,Good,,3.788,44100,0.0,-28.0,-50.2,28.3,0.016,0.0,0.477,0
GLS-00025,Glass Breaking,fsd50k,Good,,3.883,44100,0.0,-27.1,-52.7,30.5,0.004,0.0,0.51,0
GLS-00026,Glass Breaking,fsd50k,Good,,3.783,44100,0.0,-16.4,-55.0,44.2,0.139,2e-05,0.192,0
GLS-00027,Glass Breaking,fsd50k,Good,,2.852,44100,-0.0,-23.4,-49.8,33.0,0.088,2e-05,0.202,0
GLS-00028,Glass Breaking,fsd50k,Good,,5.299,44100,0.0,-15.9,-51.1,42.4,0.024,1e-05,0.594,0
GLS-00029,Glass Breaking,fsd50k,Good,,3.795,44100,0.0,-20.7,-44.8,30.8,0.173,0.0,0.364,0
GLS-00030,Glass Breaking,fsd50k,Good,,3.52,44100,0.0,-21.1,-46.7,29.8,0.185,0.00029,0.279,0
GLS-00031,Glass Breaking,fsd50k,Good,,4.919,44100,0.0,-16.5,-44.4,33.0,0.182,1e-05,0.531,0
GLS-00032,Glass Breaking,fsd50k,Good,,6.056,44100,0.0,-20.9,-51.4,35.2,0.203,0.00024,0.368,0
GLS-00033,Glass Breaking,fsd50k,Good,,4.254,44100,0.0,-22.6,-56.5,39.8,0.049,4e-05,0.353,0
GLS-00034,Glass Breaking,fsd50k,Good,,3.782,44100,0.0,-22.8,-51.7,33.9,0.081,0.00014,0.272,0
GLS-00035,Glass Breaking,fsd50k,Good,,3.868,44100,-0.0,-21.1,-47.8,31.7,0.143,0.0,0.26,0
GLS-00036,Glass Breaking,fsd50k,Good,,4.757,44100,0.0,-19.6,-50.6,35.7,0.134,0.0001,0.4,0
GLS-00037,Glass Breaking,fsd50k,Good,,5.274,44100,0.0,-21.2,-52.7,38.2,0.081,0.0,0.427,0
GLS-00038,Glass Breaking,fsd50k,Good,,5.462,44100,-0.4,-18.6,-54.1,41.2,0.112,0.0,0.514,0
GLS-00039,Glass Breaking,fsd50k,Good,,4.481,44100,-0.0,-15.8,-50.6,39.9,0.202,0.0,0.363,0
GLS-00040,Glass Breaking,fsd50k,Good,,4.435,44100,0.0,-20.3,-56.5,39.9,0.02,0.00051,0.582,0
GLS-00041,Glass Breaking,fsd50k,Good,,4.889,44100,0.0,-15.2,-38.0,28.8,0.182,0.00032,0.179,0
GLS-00042,Glass Breaking,fsd50k,Acceptable,clipping: 0.10% of samples are clipped,4.977,44100,0.0,-14.6,-46.7,38.4,0.18,0.00103,0.231,0
GLS-00043,Glass Breaking,fsd50k,Good,,2.823,44100,0.0,-19.1,-53.1,42.8,0.016,0.00064,0.134,0
GLS-00044,Glass Breaking,fsd50k,Poor,missing audio frames: 10 dropouts (0.29 s),7.428,44100,-1.5,-23.1,-53.0,38.9,0.002,0.0,0.185,10
GLS-00045,Glass Breaking,fsd50k,Good,,6.43,44100,-1.1,-25.6,-51.9,30.1,0.007,0.0,0.661,0
GLS-00046,Glass Breaking,fsd50k,Good,,7.058,44100,-0.1,-30.5,-53.9,25.8,0.018,0.0,0.621,0
GLS-00047,Glass Breaking,fsd50k,Good,,5.707,44100,-0.5,-28.7,-56.5,32.1,0.017,0.0,0.465,0
GLS-00048,Glass Breaking,fsd50k,Good,,3.407,44100,-0.6,-27.5,-55.5,32.3,0.018,0.0,0.485,0
GLS-00049,Glass Breaking,fsd50k,Good,,7.285,44100,-0.5,-21.3,-51.6,36.9,0.006,0.0,0.595,0
GLS-00050,Glass Breaking,fsd50k,Good,,5.692,44100,-0.3,-26.3,-54.4,32.2,0.004,0.0,0.709,0
GLS-00051,Glass Breaking,fsd50k,Good,,2.423,44100,-2.2,-34.0,-59.2,23.8,0.041,0.0,0.312,0
GLS-00052,Glass Breaking,fsd50k,Good,,4.618,44100,-0.3,-29.3,-53.2,29.8,0.031,0.0,0.582,0
GLS-00053,Glass Breaking,fsd50k,Good,,4.83,44100,-0.0,-23.3,-57.2,41.2,0.053,0.00053,0.57,0
GLS-00054,Glass Breaking,fsd50k,Good,,5.667,44100,-0.3,-23.3,-58.1,42.5,0.005,0.0,0.708,0
GLS-00055,Glass Breaking,fsd50k,Good,,5.467,44100,-0.0,-24.2,-55.9,38.3,0.004,0.0,0.729,0
GLS-00056,Glass Breaking,fsd50k,Good,,0.829,44100,-3.6,-23.0,-55.5,39.4,0.017,0.0,0.03,0
GLS-00057,Glass Breaking,fsd50k,Good,,1.99,44100,-3.3,-25.5,-51.8,32.8,0.035,0.0,0.038,0
GLS-00058,Glass Breaking,fsd50k,Good,,1.241,44100,-6.5,-26.1,-57.2,37.6,0.031,0.0,0.204,0
GLS-00059,Glass Breaking,fsd50k,Good,,1.415,44100,-2.0,-20.3,-55.1,42.4,0.021,0.0,0.286,0
GLS-00060,Glass Breaking,fsd50k,Good,,1.312,44100,0.0,-23.3,-44.2,28.0,0.008,0.0,0.0,0
GLS-00061,Glass Breaking,fsd50k,Good,,2.032,44100,-11.5,-34.2,-59.4,33.7,0.015,0.0,0.198,0
GLS-00062,Glass Breaking,fsd50k,Good,,1.869,44100,-0.0,-24.0,-52.8,37.8,0.012,0.0,0.0,0
GLS-00063,Glass Breaking,fsd50k,Good,,5.833,44100,-1.1,-29.5,-58.7,27.1,0.008,0.0,0.403,0
GLS-00064,Glass Breaking,fsd50k,Good,,0.919,44100,-3.4,-25.7,-44.5,24.6,0.011,0.0,0.0,0
GLS-00065,Glass Breaking,fsd50k,Good,,1.148,44100,-4.8,-27.1,-47.3,26.5,0.051,0.0,0.067,0
GLS-00066,Glass Breaking,fsd50k,Good,,1.451,44100,0.0,-20.1,-51.8,38.3,0.011,5e-05,0.138,0
GLS-00067,Glass Breaking,fsd50k,Good,,0.624,44100,-1.0,-20.1,-44.2,29.7,0.014,0.0,0.0,0
GLS-00068,Glass Breaking,fsd50k,Good,,2.0,44100,-6.7,-32.8,-58.1,28.4,0.021,0.0,0.8,0
GLS-00069,Glass Breaking,fsd50k,Acceptable,missing audio frames: 2 dropouts (0.06 s),3.0,44100,-6.5,-25.3,-58.3,40.1,0.029,0.0,0.883,2
GLS-00070,Glass Breaking,fsd50k,Good,,3.0,44100,-7.0,-33.4,-58.1,30.2,0.034,0.0,0.892,0
GLS-00071,Glass Breaking,fsd50k,Good,,3.0,44100,-7.6,-34.0,-56.8,19.2,0.025,0.0,0.808,0
GLS-00072,Glass Breaking,fsd50k,Poor,missing audio frames: 6 dropouts (0.60 s),3.0,44100,-7.1,-33.0,-56.8,31.2,0.088,0.0,0.892,6
GLS-00073,Glass Breaking,fsd50k,Acceptable,missing audio frames: 1 dropout (0.08 s),3.0,44100,-7.4,-34.0,-53.3,25.1,0.033,0.0,0.908,1
GLS-00074,Glass Breaking,fsd50k,Good,,7.358,44100,-0.0,-21.1,-47.7,33.2,0.006,0.0,0.061,0
GLS-00075,Glass Breaking,fsd50k,Good,,2.381,44100,-0.3,-25.8,-57.2,39.7,0.007,0.0,0.358,0
GLS-00076,Glass Breaking,fsd50k,Good,,3.235,44100,-0.3,-25.0,-54.9,35.8,0.009,0.0,0.403,0
GLS-00077,Glass Breaking,fsd50k,Good,,2.369,44100,-0.3,-29.2,-58.2,36.0,0.063,0.0,0.213,0
GLS-00078,Glass Breaking,fsd50k,Good,,2.787,44100,-0.7,-26.2,-57.5,31.0,0.038,0.0,0.216,0
GLS-00079,Glass Breaking,fsd50k,Good,,2.771,44100,-0.2,-25.7,-58.3,36.8,0.012,0.0,0.4,0
GLS-00080,Glass Breaking,fsd50k,Good,,1.905,44100,-0.0,-23.1,-55.8,41.8,0.003,0.0,0.697,0
GLS-00081,Glass Breaking,fsd50k,Good,,1.086,44100,-4.3,-26.3,-58.2,40.0,0.044,0.0,0.488,0
GLS-00082,Glass Breaking,fsd50k,Good,,2.0,44100,-0.0,-15.0,-47.8,39.0,0.066,0.0,0.65,0
GLS-00083,Glass Breaking,fsd50k,Good,,2.758,44100,-0.8,-27.0,-53.5,33.8,0.088,0.0,0.0,0
GLS-00084,Glass Breaking,fsd50k,Good,,1.6,44100,0.0,-20.2,-39.9,27.1,0.037,0.0,0.0,0
GLS-00085,Glass Breaking,fsd50k,Good,,2.15,44100,-7.4,-31.7,-54.9,29.4,0.017,0.0,0.186,0
GLS-00086,Glass Breaking,fsd50k,Good,,3.249,44100,-0.9,-24.1,-45.6,29.4,0.025,0.0,0.0,0
GLS-00087,Glass Breaking,fsd50k,Good,,3.041,44100,-3.4,-29.9,-46.2,21.0,0.001,0.0,0.0,0
GLS-00088,Glass Breaking,fsd50k,Good,,0.668,44100,-0.1,-22.3,-45.6,26.9,0.028,0.0,0.0,0
GLS-00089,Glass Breaking,fsd50k,Good,,10.684,44100,-1.0,-33.4,-57.6,27.7,0.005,0.0,0.171,0
GLS-00090,Glass Breaking,fsd50k,Good,,7.12,44100,-2.3,-27.7,-53.1,32.7,0.03,0.0,0.623,0
GLS-00091,Glass Breaking,fsd50k,Acceptable,missing audio frames: 2 dropouts (0.07 s),5.04,44100,-2.2,-20.1,-42.8,28.6,0.03,0.0,0.821,2
GLS-00092,Glass Breaking,fsd50k,Good,,3.336,44100,-0.0,-21.7,-48.5,36.4,0.027,0.0,0.429,0
GLS-00093,Glass Breaking,fsd50k,Acceptable,missing audio frames: 1 dropout (0.04 s),4.875,44100,-2.6,-24.2,-57.9,41.3,0.011,0.0,0.569,1
GLS-00094,Glass Breaking,fsd50k,Good,,1.464,44100,-0.1,-29.0,-54.4,34.5,0.054,0.0,0.638,0
GLS-00095,Glass Breaking,fsd50k,Poor,clipping: 2.3% of samples are clipped,1.773,44100,0.0,-12.1,-49.7,44.9,0.04,0.02293,0.243,0
GLS-00096,Glass Breaking,fsd50k,Good,,0.766,44100,0.0,-18.8,-49.9,39.1,0.087,0.0,0.0,0
GLS-00097,Glass Breaking,fsd50k,Good,,10.626,44100,-1.1,-22.5,-53.1,38.4,0.008,0.0,0.181,0
GLS-00098,Glass Breaking,fsd50k,Acceptable,missing audio frames: 1 dropout (0.03 s),4.866,44100,-0.9,-32.6,-57.8,27.9,0.019,0.0,0.696,1
GLS-00099,Glass Breaking,fsd50k,Good,,1.753,44100,0.0,-14.8,-52.4,45.4,0.054,0.00098,0.443,0
GLS-00100,Glass Breaking,fsd50k,Acceptable,clipping: 0.10% of samples are clipped,2.308,44100,0.0,-18.7,-58.8,46.0,0.005,0.00102,0.348,0
GLS-00101,Glass Breaking,fsd50k,Good,,10.295,44100,-1.7,-21.8,-42.7,28.6,0.006,0.0,0.153,0
GLS-00102,Glass Breaking,fsd50k,Good,,6.52,44100,-2.9,-19.1,-54.6,39.6,0.022,0.0,0.142,0
GLS-00103,Glass Breaking,fsd50k,Good,,1.108,44100,-0.0,-14.5,-49.5,41.1,0.115,0.00053,0.114,0
GLS-00104,Glass Breaking,fsd50k,Acceptable,clipping: 0.35% of samples are clipped,5.311,44100,0.0,-13.4,-58.6,52.4,0.012,0.00351,0.509,0
GLS-00105,Glass Breaking,fsd50k,Good,,9.893,44100,0.0,-25.0,-56.7,38.5,0.064,1e-05,0.625,0
GLS-00106,Glass Breaking,fsd50k,Poor,missing audio frames: 3 dropouts (2.87 s),16.171,44100,-0.0,-20.1,-54.8,42.5,0.127,0.0,0.75,3
GLS-00107,Glass Breaking,fsd50k,Good,,0.424,44100,-6.7,-21.4,-35.9,19.7,0.075,0.0,0.062,0
GLS-00108,Glass Breaking,fsd50k,Good,,0.796,44100,-8.3,-24.4,-43.5,24.3,0.046,0.0,0.226,0
GLS-00109,Glass Breaking,fsd50k,Good,,0.883,44100,-10.8,-24.0,-55.4,37.4,0.036,0.0,0.171,0
GLS-00110,Glass Breaking,fsd50k,Good,,1.064,44100,-9.8,-22.3,-40.8,22.9,0.079,0.0,0.024,0
GLS-00111,Glass Breaking,fsd50k,Good,,0.4,44100,-5.3,-22.4,-47.0,28.8,0.095,0.0,0.0,0
GLS-00112,Glass Breaking,fsd50k,Good,,27.738,44100,-0.3,-20.8,-58.6,46.9,0.023,0.0,0.638,0
GLS-00113,Glass Breaking,fsd50k,Good,,0.933,44100,0.0,-17.3,-51.1,40.0,0.029,0.00034,0.108,0
GLS-00114,Glass Breaking,fsd50k,Good,,1.167,44100,0.0,-20.2,-52.6,38.1,0.038,0.00019,0.217,0
GLS-00115,Glass Breaking,fsd50k,Good,,2.616,44100,-3.6,-24.3,-48.7,31.2,0.004,0.0,0.029,0
GLS-00116,Glass Breaking,fsd50k,Good,,26.783,44100,0.0,-22.4,-55.4,41.2,0.036,0.0,0.654,0
GLS-00117,Glass Breaking,fsd50k,Good,,8.408,44100,0.0,-13.9,-57.1,50.6,0.008,2e-05,0.125,0
GLS-00118,Glass Breaking,fsd50k,Good,,3.2,44100,-8.9,-35.1,-56.8,22.4,0.474,0.0,0.742,0
GLS-00119,Glass Breaking,fsd50k,Good,,0.771,44100,-4.2,-25.2,-52.0,32.6,0.078,0.0,0.133,0
GLS-00120,Glass Breaking,fsd50k,Good,,0.474,44100,-4.0,-25.9,-48.4,28.6,0.056,0.0,0.0,0
GLS-00121,Glass Breaking,fsd50k,Good,,4.918,44100,0.0,-20.3,-57.9,47.1,0.006,0.0,0.495,0
GLS-00122,Glass Breaking,fsd50k,Good,,2.142,44100,0.0,-19.9,-51.9,38.3,0.015,0.0007,0.0,0
GLS-00123,Glass Breaking,fsd50k,Good,,1.515,44100,0.0,-15.4,-51.7,41.6,0.014,0.00087,0.0,0
GLS-00124,Glass Breaking,fsd50k,Acceptable,clipping: 0.18% of samples are clipped,1.358,44100,0.0,-16.6,-45.4,35.4,0.008,0.00182,0.0,0
GLS-00125,Glass Breaking,fsd50k,Good,,2.09,44100,0.0,-22.9,-55.3,39.5,0.041,3e-05,0.0,0
GLS-00126,Glass Breaking,fsd50k,Good,,1.358,44100,0.0,-16.7,-44.4,34.2,0.002,0.00065,0.0,0
GLS-00127,Glass Breaking,fsd50k,Good,,1.071,44100,0.0,-19.5,-47.5,36.3,0.01,0.00049,0.0,0
GLS-00128,Glass Breaking,fsd50k,Acceptable,clipping: 0.12% of samples are clipped,1.829,44100,0.0,-18.6,-54.4,44.3,0.009,0.00124,0.0,0
GLS-00129,Glass Breaking,fsd50k,Acceptable,missing audio frames: 1 dropout (0.35 s),5.12,44100,-0.6,-23.8,-53.6,38.1,0.016,0.0,0.662,1
GLS-00130,Glass Breaking,fsd50k,Good,,2.355,44100,-1.0,-20.8,-52.2,40.2,0.078,0.0,0.617,0
GLS-00131,Glass Breaking,fsd50k,Good,,1.033,44100,-0.5,-21.6,-52.1,37.4,0.022,0.0,0.0,0
GLS-00132,Glass Breaking,fsd50k,Good,,2.612,44100,-4.1,-24.8,-45.7,30.1,0.007,0.0,0.163,0
GLS-00133,Glass Breaking,fsd50k,Good,,2.154,44100,-1.1,-18.3,-53.5,43.1,0.039,0.0,0.5,0
GLS-00134,Glass Breaking,fsd50k,Good,,3.5,44100,0.0,-26.7,-46.4,25.5,0.001,0.00012,0.007,0
GLS-00135,Glass Breaking,fsd50k,Good,,4.232,44100,0.0,-29.9,-55.3,31.4,0.002,5e-05,0.065,0
GLS-00136,Glass Breaking,fsd50k,Good,,4.389,44100,0.0,-29.4,-49.3,24.0,0.001,6e-05,0.006,0
GLS-00137,Glass Breaking,fsd50k,Good,,3.631,44100,0.0,-30.3,-44.5,17.5,0.001,0.0,0.021,0
GLS-00138,Glass Breaking,fsd50k,Good,,5.224,44100,0.0,-34.4,-55.1,23.4,0.001,0.0,0.048,0
GLS-00139,Glass Breaking,fsd50k,Good,,3.187,44100,-0.2,-36.6,-50.7,16.4,0.0,0.0,0.039,0
GLS-00140,Glass Breaking,fsd50k,Good,,2.56,44100,0.0,-31.2,-48.5,24.2,0.0,0.0,0.01,0
GLS-00141,Glass Breaking,fsd50k,Good,,4.911,44100,0.0,-31.2,-45.0,16.3,0.0,6e-05,0.005,0
GLS-00142,Glass Breaking,fsd50k,Good,,2.717,44100,-2.8,-35.1,-59.1,31.2,0.003,0.0,0.333,0
GLS-00143,Glass Breaking,fsd50k,Good,,0.606,44100,-1.5,-19.7,-45.4,33.5,0.027,0.0,0.208,0
GLS-00144,Glass Breaking,fsd50k,Good,,1.303,44100,-0.5,-19.7,-52.1,40.6,0.04,0.0,0.115,0
GLS-00145,Glass Breaking,fsd50k,Good,,1.441,44100,-2.0,-23.1,-56.5,41.1,0.033,0.0,0.175,0
GLS-00146,Glass Breaking,fsd50k,Good,,2.043,44100,0.0,-26.3,-51.4,23.6,0.008,9e-05,0.0,0
GLS-00147,Glass Breaking,fsd50k,Good,,2.336,44100,-2.8,-22.5,-54.1,40.1,0.031,0.0,0.097,0
GLS-00148,Glass Breaking,fsd50k,Good,,6.0,44100,-0.9,-16.9,-56.7,47.2,0.026,0.0,0.8,0
GLS-00149,Glass Breaking,fsd50k,Good,,6.0,44100,-2.3,-19.2,-57.0,45.8,0.041,0.0,0.871,0
GLS-00150,Glass Breaking,fsd50k,Good,,0.487,44100,-6.9,-35.0,-58.6,29.7,0.055,0.0,0.368,0
GLS-00151,Glass Breaking,fsd50k,Good,,1.325,44100,-8.4,-33.8,-55.0,26.3,0.014,0.0,0.868,0
GLS-00152,Glass Breaking,fsd50k,Good,,0.361,44100,-7.8,-37.3,-59.7,25.3,0.034,0.0,0.643,0
GLS-00153,Glass Breaking,fsd50k,Good,,1.332,44100,-6.2,-31.2,-57.1,30.2,0.084,0.0,0.887,0
GLS-00154,Glass Breaking,fsd50k,Good,,1.016,44100,-5.2,-36.8,-58.9,26.6,0.06,0.0,0.8,0
GLS-00155,Glass Breaking,fsd50k,Poor,missing audio frames: 11 dropouts (0.55 s),1.727,44100,-6.1,-32.9,-56.1,27.9,0.155,0.0,0.928,11
GLS-00156,Glass Breaking,fsd50k,Good,,0.821,44100,-10.3,-34.3,-58.3,29.7,0.029,0.0,0.719,0
GLS-00157,Glass Breaking,fsd50k,Good,,1.152,44100,-9.2,-39.8,-55.4,20.6,0.054,0.0,0.804,0
GLS-00158,Glass Breaking,fsd50k,Good,,1.108,44100,-8.0,-35.3,-56.7,25.5,0.071,0.0,0.795,0
GLS-00159,Glass Breaking,fsd50k,Good,,0.673,44100,-9.8,-39.5,-55.1,18.9,0.066,0.0,0.846,0
GLS-00160,Glass Breaking,fsd50k,Good,,0.938,44100,-6.4,-35.1,-58.6,27.8,0.157,0.0,0.838,0
GLS-00161,Glass Breaking,fsd50k,Good,,0.853,44100,-5.9,-38.4,-58.9,25.5,0.063,0.0,0.794,0
GLS-00162,Glass Breaking,fsd50k,Good,,0.645,44100,-6.2,-34.1,-57.5,26.1,0.159,0.0,0.88,0
GLS-00163,Glass Breaking,fsd50k,Good,,1.061,44100,-9.6,-37.0,-58.5,25.2,0.076,0.0,0.786,0
GLS-00164,Glass Breaking,fsd50k,Good,,1.598,44100,-9.8,-39.7,-57.6,21.7,0.255,0.0,0.921,0
GLS-00165,Glass Breaking,fsd50k,Poor,missing audio frames: 6 dropouts (0.54 s),1.442,44100,-8.0,-36.0,-59.5,27.4,0.178,0.0,0.895,6
GLS-00166,Glass Breaking,fsd50k,Poor,missing audio frames: 7 dropouts (0.29 s),1.531,44100,-8.6,-39.1,-54.3,19.1,0.292,0.0,0.918,7
GLS-00167,Glass Breaking,fsd50k,Good,,0.635,44100,-7.2,-36.9,-58.9,26.7,0.107,0.0,0.8,0
GLS-00168,Glass Breaking,fsd50k,Good,,0.611,44100,-6.4,-37.1,-53.9,20.2,0.076,0.0,0.875,0
GLS-00169,Glass Breaking,fsd50k,Good,,0.836,44100,-0.6,-18.3,-52.3,41.5,0.037,0.0,0.273,0
GLS-00170,Glass Breaking,fsd50k,Good,,23.118,44100,-0.6,-24.7,-55.3,37.9,0.016,0.0,0.613,0
GLS-00171,Glass Breaking,fsd50k,Good,,1.921,44100,-0.1,-20.6,-40.7,27.4,0.014,0.0,0.118,0
GLS-00172,Glass Breaking,fsd50k,Poor,missing audio frames: 26 dropouts (7.29 s),21.487,44100,-0.2,-21.9,-54.8,40.9,0.012,0.0,0.701,26
GLS-00173,Glass Breaking,fsd50k,Acceptable,clipping: 0.11% of samples are clipped,1.168,44100,0.0,-13.9,-38.2,32.5,0.004,0.00107,0.0,0
GLS-00174,Glass Breaking,fsd50k,Good,,16.043,44100,-2.7,-14.8,-36.8,27.7,0.014,0.0,0.0,0
GLS-00175,Glass Breaking,fsd50k,Acceptable,missing audio frames: 2 dropouts (0.69 s),5.205,44100,0.0,-25.7,-55.5,34.6,0.116,0.0,0.447,2
GLS-00176,Glass Breaking,fsd50k,Good,,3.388,44100,-14.5,-29.8,-58.7,36.0,0.007,0.0,0.719,0
GLS-00177,Glass Breaking,fsd50k,Acceptable,clipping: 0.20% of samples are clipped,2.116,44100,0.0,-12.1,-58.0,52.4,0.026,0.00197,0.44,0
GLS-00178,Glass Breaking,fsd50k,Good,,3.501,44100,0.0,-15.7,-56.8,47.1,0.017,3e-05,0.143,0
GLS-00179,Glass Breaking,fsd50k,Good,,2.693,44100,-0.5,-28.6,-54.5,20.4,0.0,0.0,0.0,0
GLS-00180,Glass Breaking,fsd50k,Good,,5.546,44100,-1.1,-24.8,-56.7,35.4,0.003,0.0,0.222,0
GLS-00181,Glass Breaking,fsd50k,Good,,27.336,44100,-1.0,-20.3,-33.6,19.0,0.026,0.0,0.004,0
GLS-00182,Glass Breaking,fsd50k,Good,,1.134,44100,0.0,-26.1,-54.6,36.6,0.002,0.0,0.111,0
GLS-00183,Glass Breaking,fsd50k,Good,,6.231,44100,-17.7,-35.8,-53.8,23.7,0.019,0.0,0.904,0
GLS-00184,Glass Breaking,fsd50k,Good,,15.003,44100,-0.3,-34.2,-53.7,17.1,0.001,0.0,0.002,0
GLS-00185,Glass Breaking,fsd50k,Poor,missing audio frames: 14 dropouts (2.41 s),11.335,44100,-1.4,-28.1,-51.4,29.4,0.009,0.0,0.422,14
GLS-00186,Glass Breaking,fsd50k,Good,,2.711,44100,-6.0,-20.7,-45.8,33.2,0.011,0.0,0.0,0
GLS-00187,Glass Breaking,fsd50k,Poor,missing audio frames: 4 dropouts (0.28 s),5.5,44100,-15.1,-29.4,-56.6,34.6,0.005,0.0,0.514,4
GLS-00188,Glass Breaking,fsd50k,Good,,1.152,44100,0.0,-15.0,-58.5,50.8,0.008,0.0,0.37,0
GLS-00189,Glass Breaking,fsd50k,Good,,1.28,44100,-3.1,-28.4,-56.5,31.7,0.051,0.0,0.686,0
GLS-00190,Glass Breaking,fsd50k,Acceptable,clipping: 0.96% of samples are clipped,8.357,44100,0.0,-10.7,-52.1,49.0,0.0,0.00964,0.066,0
GLS-00191,Glass Breaking,fsd50k,Good,,2.229,44100,0.0,-15.8,-57.9,50.1,0.008,0.00043,0.292,0
GLS-00192,Glass Breaking,fsd50k,Good,,7.108,44100,-0.3,-18.7,-38.3,24.7,0.0,0.0,0.44,0
GLS-00193,Glass Breaking,fsd50k,Good,,2.612,44100,-0.7,-26.8,-56.4,31.1,0.05,0.0,0.144,0
GLS-00194,Glass Breaking,fsd50k,Good,,4.467,44100,0.0,-13.7,-49.8,43.8,0.001,0.00095,0.0,0
GLS-00195,Glass Breaking,fsd50k,Good,,2.247,44100,0.0,-19.8,-53.4,40.5,0.008,0.0,0.326,0
GLS-00196,Glass Breaking,fsd50k,Poor,missing audio frames: 7 dropouts (1.99 s),25.657,44100,-0.3,-16.2,-32.6,21.7,0.001,0.0,0.14,7
GLS-00197,Glass Breaking,fsd50k,Good,,2.44,44100,-1.3,-23.9,-47.2,27.9,0.017,0.0,0.639,0
GLS-00198,Glass Breaking,fsd50k,Good,,0.557,44100,-0.8,-18.0,-38.6,26.5,0.009,0.0,0.0,0
GLS-00199,Glass Breaking,fsd50k,Good,,2.5,44100,-2.1,-33.7,-58.0,24.2,0.064,0.0,0.44,0
GLS-00200,Glass Breaking,fsd50k,Good,,10.983,44100,-0.0,-15.6,-58.6,52.5,0.103,0.00013,0.535,0
GLS-00201,Glass Breaking,fsd50k,Good,,1.138,44100,0.0,-18.5,-53.5,43.4,0.028,0.0,0.489,0
GLS-00202,Glass Breaking,fsd50k,Good,,0.923,44100,-3.5,-30.0,-59.9,39.1,0.019,0.0,0.528,0
GLS-00203,Glass Breaking,fsd50k,Good,,0.923,44100,-3.1,-29.3,-59.7,38.9,0.007,0.0,0.5,0
GLS-00204,Glass Breaking,fsd50k,Acceptable,missing audio frames: 2 dropouts (0.54 s),23.219,44100,-0.9,-17.1,-51.5,41.3,0.0,0.0,0.399,2
GLS-00205,Glass Breaking,fsd50k,Good,,3.951,44100,-0.1,-21.9,-55.9,40.8,0.036,0.0,0.513,0
GLS-00206,Glass Breaking,fsd50k,Good,,1.241,44100,-7.9,-33.7,-56.8,30.5,0.045,0.0,0.469,0
GLS-00207,Glass Breaking,fsd50k,Good,,1.047,44100,-3.5,-27.5,-51.8,26.6,0.043,0.0,0.561,0
GLS-00208,Glass Breaking,fsd50k,Good,,2.009,44100,-0.5,-35.5,-53.8,20.1,0.065,0.0,0.188,0
GLS-00209,Glass Breaking,fsd50k,Good,,1.77,44100,-4.3,-28.0,-57.8,35.0,0.024,0.0,0.557,0
GLS-00210,Glass Breaking,fsd50k,Good,,2.517,44100,-0.6,-33.8,-56.1,19.4,0.095,0.0,0.65,0
GLS-00211,Glass Breaking,esc50,Poor,missing audio frames: 3 dropouts (0.72 s),5.0,44100,-5.1,-20.6,-56.4,41.1,0.016,0.0,0.555,3
GLS-00212,Glass Breaking,fsd50k,Good,,1.7,44100,0.0,-22.7,-56.2,31.0,0.065,9e-05,0.603,0
GLS-00213,Glass Breaking,fsd50k,Good,,3.955,44100,0.0,-19.8,-44.3,30.0,0.149,0.0003,0.304,0
GLS-00214,Glass Breaking,fsd50k,Good,,4.502,44100,0.0,-22.7,-51.8,34.7,0.103,0.0,0.25,0
GLS-00215,Glass Breaking,fsd50k,Good,,4.652,44100,0.0,-21.7,-47.2,31.4,0.156,0.00019,0.478,0
GLS-00216,Glass Breaking,fsd50k,Good,,4.751,44100,0.0,-15.7,-51.1,41.6,0.273,3e-05,0.316,0
GLS-00217,Glass Breaking,fsd50k,Good,,5.696,44100,-0.3,-30.9,-57.9,30.3,0.017,0.0,0.634,0
GLS-00218,Glass Breaking,fsd50k,Good,,8.166,44100,-0.0,-29.7,-56.4,30.0,0.013,0.0,0.767,0
GLS-00219,Glass Breaking,fsd50k,Good,,8.353,44100,-0.2,-31.8,-57.8,28.5,0.05,0.0,0.347,0
GLS-00220,Glass Breaking,fsd50k,Good,,5.543,44100,-0.2,-32.1,-56.2,29.5,0.035,0.0,0.425,0
GLS-00221,Glass Breaking,fsd50k,Good,,1.08,44100,-0.0,-21.9,-45.4,31.5,0.013,0.0,0.0,0
GLS-00222,Glass Breaking,fsd50k,Good,,0.962,44100,-0.0,-19.8,-42.6,30.5,0.012,0.0,0.0,0
GLS-00223,Glass Breaking,fsd50k,Good,,1.072,44100,-0.0,-24.4,-55.3,38.8,0.019,0.0,0.0,0
GLS-00224,Glass Breaking,fsd50k,Good,,0.345,44100,-0.0,-20.6,-52.1,38.7,0.016,0.0,0.077,0
GLS-00225,Glass Breaking,fsd50k,Good,,2.75,44100,0.0,-23.0,-45.0,27.4,0.007,5e-05,0.027,0
GLS-00226,Glass Breaking,fsd50k,Good,,1.103,44100,-1.5,-20.4,-49.5,36.9,0.033,0.0,0.159,0
GLS-00227,Glass Breaking,fsd50k,Good,,2.356,44100,0.0,-26.7,-56.4,35.9,0.014,0.0,0.255,0
GLS-00228,Glass Breaking,fsd50k,Good,,15.13,44100,-10.5,-34.7,-59.1,29.3,0.088,0.0,0.802,0
GLS-00229,Glass Breaking,fsd50k,Good,,12.87,44100,-0.2,-29.6,-56.3,33.4,0.022,0.0,0.715,0
GLS-00230,Glass Breaking,fsd50k,Good,,4.021,44100,-1.1,-16.2,-59.1,49.8,0.021,0.0,0.3,0
GLS-00231,Glass Breaking,fsd50k,Good,,1.201,44100,0.0,-13.9,-30.3,21.2,0.0,6e-05,0.0,0
GLS-00232,Glass Breaking,fsd50k,Good,,0.479,44100,-5.2,-20.2,-52.0,36.3,0.07,0.0,0.0,0
GLS-00233,Glass Breaking,fsd50k,Good,,0.744,44100,-6.7,-23.2,-55.2,37.2,0.039,0.0,0.172,0
GLS-00234,Glass Breaking,fsd50k,Good,,0.425,44100,-7.2,-24.3,-36.0,15.6,0.068,0.0,0.0,0
GLS-00235,Glass Breaking,fsd50k,Good,,1.437,44100,0.0,-18.1,-52.0,40.5,0.02,0.00019,0.0,0
GLS-00236,Glass Breaking,fsd50k,Good,,1.411,44100,0.0,-16.1,-52.4,42.4,0.005,0.00013,0.0,0
GLS-00237,Glass Breaking,fsd50k,Acceptable,clipping: 0.20% of samples are clipped,1.489,44100,0.0,-15.3,-52.9,44.4,0.01,0.00203,0.0,0
GLS-00238,Glass Breaking,fsd50k,Good,,1.463,44100,0.0,-17.3,-49.9,39.6,0.011,0.00016,0.0,0
GLS-00239,Glass Breaking,fsd50k,Good,,2.636,44100,-1.9,-19.4,-54.2,41.8,0.052,0.0,0.419,0
GLS-00240,Glass Breaking,fsd50k,Good,,2.322,44100,-0.8,-15.7,-55.7,47.4,0.084,0.0,0.5,0
GLS-00241,Glass Breaking,fsd50k,Good,,3.84,44100,-0.2,-38.5,-51.5,17.9,0.0,0.0,0.013,0
GLS-00242,Glass Breaking,fsd50k,Good,,1.0,44100,-5.9,-31.9,-53.5,28.9,0.029,0.0,0.325,0
GLS-00243,Glass Breaking,fsd50k,Good,,0.832,44100,-5.7,-35.3,-58.1,27.8,0.143,0.0,0.818,0
GLS-00244,Glass Breaking,fsd50k,Good,,1.099,44100,-7.9,-31.8,-59.3,33.3,0.074,0.0,0.837,0
GLS-00245,Glass Breaking,fsd50k,Acceptable,missing audio frames: 2 dropouts (0.05 s),1.417,44100,-5.7,-36.3,-57.3,21.7,0.109,0.0,0.714,2
GLS-00246,Glass Breaking,fsd50k,Good,,0.403,44100,-7.9,-34.9,-50.2,17.3,0.138,0.0,0.875,0
GLS-00247,Glass Breaking,fsd50k,Good,,8.307,44100,-0.7,-21.4,-56.5,42.7,0.014,0.0,0.66,0
GLS-00248,Glass Breaking,fsd50k,Good,,3.942,44100,-0.9,-29.9,-57.1,29.4,0.084,0.0,0.159,0
GLS-00249,Glass Breaking,fsd50k,Good,,4.997,44100,-4.4,-20.7,-54.5,39.4,0.009,0.0,0.487,0
GLS-00250,Glass Breaking,fsd50k,Good,,4.232,44100,-1.8,-33.6,-59.3,32.7,0.004,0.0,0.172,0
GLS-00251,Glass Breaking,fsd50k,Good,,10.595,44100,-4.8,-25.0,-38.1,17.7,0.166,0.0,0.005,0
GLS-00252,Glass Breaking,fsd50k,Good,,1.28,44100,-3.8,-29.8,-57.9,30.5,0.073,0.0,0.745,0
GLS-00253,Glass Breaking,fsd50k,Good,,17.467,44100,-3.0,-20.5,-54.0,40.1,0.049,0.0,0.649,0
GLS-00254,Glass Breaking,fsd50k,Good,,1.019,44100,-9.2,-29.0,-57.1,33.8,0.226,0.0,0.425,0
GLS-00255,Glass Breaking,fsd50k,Acceptable,missing audio frames: 1 dropout (0.49 s),3.726,44100,-2.4,-30.6,-56.6,31.1,0.045,0.0,0.832,1
GLS-00256,Glass Breaking,esc50,Poor,clipping: 2.1% of samples are clipped,5.0,44100,0.0,-7.8,-44.4,42.4,0.01,0.02105,0.04,0
GLS-00257,Glass Breaking,fsd50k,Good,,3.03,44100,-0.2,-20.3,-52.6,39.6,0.004,0.0,0.471,0
GLS-00258,Glass Breaking,fsd50k,Good,,1.637,44100,0.0,-16.2,-35.4,24.2,0.003,0.0,0.031,0
GLS-00259,Glass Breaking,fsd50k,Good,,0.953,44100,0.0,-17.0,-49.9,38.1,0.002,0.0001,0.0,0
GLS-00260,Glass Breaking,fsd50k,Good,,2.446,44100,0.0,-20.0,-58.1,43.3,0.015,0.00059,0.216,0
GLS-00261,Glass Breaking,fsd50k,Good,,6.481,44100,-0.2,-20.7,-52.5,39.7,0.001,0.0,0.533,0
GLS-00262,Glass Breaking,fsd50k,Good,,15.451,44100,0.0,-23.1,-58.1,39.9,0.001,0.0001,0.15,0
GLS-00263,Glass Breaking,fsd50k,Good,,1.602,44100,-9.3,-33.0,-58.8,34.6,0.014,0.0,0.031,0
GLS-00264,Glass Breaking,fsd50k,Good,,0.963,44100,-2.1,-23.9,-42.7,26.4,0.01,0.0,0.105,0
GLS-00265,Glass Breaking,fsd50k,Good,,1.526,44100,0.0,-20.1,-46.6,34.3,0.013,0.0,0.098,0
GLS-00266,Glass Breaking,fsd50k,Good,,3.0,44100,-6.7,-33.9,-56.4,26.9,0.021,0.0,0.908,0
GLS-00267,Glass Breaking,fsd50k,Good,,3.0,44100,-6.7,-30.0,-56.5,33.1,0.034,0.0,0.917,0
GLS-00268,Glass Breaking,fsd50k,Poor,missing audio frames: 5 dropouts (0.15 s),3.0,44100,-6.1,-27.4,-57.7,35.2,0.106,0.0,0.892,5
GLS-00269,Glass Breaking,fsd50k,Acceptable,missing audio frames: 1 dropout (0.03 s),3.0,44100,-7.3,-32.0,-56.4,30.9,0.04,0.0,0.883,1
GLS-00270,Glass Breaking,fsd50k,Good,,3.0,44100,-7.7,-32.0,-55.5,29.1,0.038,0.0,0.883,0
GLS-00271,Glass Breaking,fsd50k,Good,,3.0,44100,-6.8,-32.5,-54.4,29.7,0.023,0.0,0.883,0
GLS-00272,Glass Breaking,fsd50k,Good,,3.637,44100,-0.4,-27.7,-58.0,35.0,0.004,0.0,0.331,0
GLS-00273,Glass Breaking,fsd50k,Good,,1.84,44100,-0.7,-19.5,-54.1,42.2,0.049,0.0,0.164,0
GLS-00274,Glass Breaking,fsd50k,Good,,1.609,44100,-1.3,-16.2,-51.5,40.4,0.073,0.0,0.016,0
GLS-00275,Glass Breaking,fsd50k,Good,,7.696,44100,-0.9,-18.0,-53.2,43.0,0.016,0.0,0.521,0
GLS-00276,Glass Breaking,fsd50k,Acceptable,clipping: 0.11% of samples are clipped,2.786,44100,0.0,-15.8,-54.4,44.3,0.03,0.00106,0.441,0
GLS-00277,Glass Breaking,fsd50k,Acceptable,clipping: 0.10% of samples are clipped,2.235,44100,0.0,-14.1,-48.0,42.6,0.014,0.00105,0.112,0
GLS-00278,Glass Breaking,fsd50k,Acceptable,missing audio frames: 1 dropout (0.03 s),25.84,44100,-0.0,-12.5,-49.6,42.4,0.003,0.00027,0.003,1
GLS-00279,Glass Breaking,fsd50k,Good,,0.587,44100,-12.2,-25.1,-51.2,30.8,0.088,0.0,0.13,0
GLS-00280,Glass Breaking,fsd50k,Good,,0.412,44100,-6.4,-21.2,-28.9,11.1,0.106,0.0,0.0,0
GLS-00281,Glass Breaking,fsd50k,Good,,0.35,44100,-10.0,-21.7,-26.4,7.0,0.102,0.0,0.0,0
GLS-00282,Glass Breaking,fsd50k,Good,,4.12,44100,-8.6,-35.6,-58.3,28.0,0.135,0.0,0.695,0
GLS-00283,Glass Breaking,fsd50k,Good,,10.462,44100,-4.7,-28.1,-57.7,37.6,0.015,0.0,0.589,0
GLS-00284,Glass Breaking,fsd50k,Good,,3.26,44100,0.0,-17.0,-52.9,42.6,0.058,0.00027,0.538,0
GLS-00285,Glass Breaking,fsd50k,Good,,0.975,44100,-1.6,-19.5,-53.0,40.6,0.072,0.0,0.513,0
GLS-00286,Glass Breaking,fsd50k,Good,,3.435,44100,-13.1,-37.4,-55.0,21.8,0.039,0.0,0.453,0
GLS-00287,Glass Breaking,fsd50k,Acceptable,missing audio frames: 1 dropout (0.12 s),0.977,44100,-6.4,-34.0,-54.9,24.7,0.149,0.0,0.897,1
GLS-00288,Glass Breaking,fsd50k,Poor,missing audio frames: 7 dropouts (0.37 s),1.675,44100,-5.4,-35.4,-58.6,27.5,0.222,0.0,0.896,7
GLS-00289,Glass Breaking,fsd50k,Good,,0.503,44100,-8.2,-33.6,-49.5,17.8,0.115,0.0,0.9,0
GLS-00290,Glass Breaking,fsd50k,Acceptable,missing audio frames: 2 dropouts (0.23 s),1.397,44100,-7.6,-35.1,-55.4,22.9,0.134,0.0,0.927,2
GLS-00291,Glass Breaking,fsd50k,Good,,6.346,44100,-0.4,-20.1,-49.1,35.6,0.0,0.0,0.178,0
GLS-00292,Glass Breaking,fsd50k,Good,,0.864,44100,-0.1,-16.6,-46.3,35.4,0.022,0.0,0.088,0
GLS-00293,Glass Breaking,fsd50k,Poor,missing audio frames: 4 dropouts (1.29 s),9.964,44100,-0.2,-27.7,-57.4,35.7,0.063,0.0,0.568,4
GLS-00294,Glass Breaking,fsd50k,Good,,3.389,44100,-1.5,-28.6,-58.2,34.7,0.02,0.0,0.748,0
GLS-00295,Glass Breaking,fsd50k,Acceptable,clipping: 0.13% of samples are clipped,2.066,44100,0.0,-6.5,-56.4,54.6,0.16,0.00126,0.049,0
GLS-00296,Glass Breaking,fsd50k,Good,,1.84,44100,-0.7,-16.5,-54.3,46.0,0.121,0.0,0.11,0
GLS-00297,Glass Breaking,fsd50k,Good,,11.308,44100,0.0,-15.0,-36.5,26.8,0.006,0.00035,0.038,0
GLS-00298,Glass Breaking,fsd50k,Good,,2.81,44100,0.0,-29.6,-58.0,25.5,0.017,0.0,0.054,0
GLS-00299,Glass Breaking,fsd50k,Good,,1.534,44100,-2.4,-30.1,-59.8,31.1,0.031,0.0,0.541,0
GLS-00300,Glass Breaking,fsd50k,Good,,2.357,44100,-4.2,-23.8,-55.4,30.7,0.032,0.0,0.798,0
ALM-00001,Alarm or Siren,esc50,Acceptable,clipping: 0.28% of samples are clipped,5.0,44100,0.0,-12.4,-26.7,20.3,0.0,0.00282,0.0,0
ALM-00002,Alarm or Siren,esc50,Good,,5.0,44100,-9.4,-21.2,-28.4,9.6,0.0,0.0,0.0,0
ALM-00003,Alarm or Siren,esc50,Good,,5.0,44100,-0.0,-7.1,-11.4,6.8,0.0,0.00075,0.0,0
ALM-00004,Alarm or Siren,esc50,Acceptable,clipping: 0.25% of samples are clipped,5.0,44100,0.0,-7.8,-10.0,4.1,0.0,0.00246,0.0,0
ALM-00005,Alarm or Siren,esc50,Acceptable,clipping: 0.14% of samples are clipped,5.0,44100,0.0,-13.6,-21.8,13.2,0.0,0.00138,0.0,0
ALM-00006,Alarm or Siren,esc50,Good,,5.0,44100,-5.9,-18.8,-36.6,23.4,0.0,0.0,0.0,0
ALM-00007,Alarm or Siren,esc50,Poor,clipping: 2.4% of samples are clipped,5.0,44100,0.0,-8.3,-18.4,14.0,0.0,0.02383,0.0,0
ALM-00008,Alarm or Siren,esc50,Good,,5.0,44100,0.0,-11.3,-16.8,8.9,0.0,0.0002,0.0,0
ALM-00009,Alarm or Siren,esc50,Good,,5.0,44100,-1.8,-14.2,-17.8,6.3,0.0,0.0,0.0,0
ALM-00010,Alarm or Siren,fsd50k,Acceptable,missing audio frames: 1 dropout (0.07 s),24.005,44100,-1.8,-14.8,-51.9,42.7,0.0,0.0,0.395,1
ALM-00011,Alarm or Siren,fsd50k,Acceptable,missing audio frames: 2 dropouts (0.34 s),24.005,44100,-2.5,-15.3,-43.8,33.8,0.0,0.0,0.323,2
ALM-00012,Alarm or Siren,fsd50k,Good,,25.214,44100,-1.8,-14.4,-54.5,43.6,0.0,0.0,0.002,0
ALM-00013,Alarm or Siren,fsd50k,Good,,11.953,44100,-3.0,-18.0,-28.8,14.4,0.0,0.0,0.0,0
ALM-00014,Alarm or Siren,fsd50k,Good,,2.256,44100,-9.1,-14.7,-15.9,2.0,0.002,0.0,0.078,0
ALM-00015,Alarm or Siren,fsd50k,Good,,7.339,44100,-7.7,-32.8,-56.3,28.1,0.0,0.0,0.034,0
ALM-00016,Alarm or Siren,fsd50k,Acceptable,clipping: 0.33% of samples are clipped,3.5,44100,0.0,-9.8,-26.5,20.4,0.0,0.00329,0.143,0
ALM-00017,Alarm or Siren,fsd50k,Good,,3.9,44100,-15.5,-31.5,-53.0,28.0,0.002,0.0,0.013,0
ALM-00018,Alarm or Siren,fsd50k,Good,,4.0,44100,0.0,-26.9,-55.1,28.6,0.0,0.0,0.013,0
ALM-00019,Alarm or Siren,fsd50k,Poor,clipping: 24.6% of samples are clipped,6.0,44100,-0.0,-5.4,-5.8,0.9,0.032,0.24621,0.0,0
ALM-00020,Alarm or Siren,fsd50k,Good,,3.98,44100,-2.5,-14.4,-45.7,35.7,0.0,0.0,0.019,0
ALM-00021,Alarm or Siren,fsd50k,Good,,8.04,44100,-1.3,-17.8,-22.5,7.4,0.001,0.0,0.0,0
ALM-00022,Alarm or Siren,fsd50k,Good,,18.056,44100,-2.6,-20.9,-58.3,44.7,0.003,0.0,0.062,0
ALM-00023,Alarm or Siren,fsd50k,Good,,14.065,44100,-2.7,-27.5,-57.0,36.4,0.018,0.0,0.512,0
ALM-00024,Alarm or Siren,fsd50k,Good,,21.386,44100,-1.9,-22.3,-32.0,14.2,0.001,0.0,0.0,0
ALM-00025,Alarm or Siren,fsd50k,Good,,20.499,44100,-25.4,-38.8,-56.2,26.1,0.0,0.0,0.029,0
ALM-00026,Alarm or Siren,fsd50k,Good,,20.387,44100,-14.4,-28.5,-48.0,29.0,0.0,0.0,0.0,0
ALM-00027,Alarm or Siren,fsd50k,Poor,missing audio frames: 15 dropouts (8.05 s),15.966,44100,-0.9,-9.2,-42.3,36.5,0.0,0.0,0.502,15
ALM-00028,Alarm or Siren,fsd50k,Good,,17.845,44100,-1.4,-17.4,-31.5,19.9,0.0,0.0,0.0,0
ALM-00029,Alarm or Siren,fsd50k,Good,,4.48,44100,-1.8,-14.6,-32.7,21.3,0.0,0.0,0.112,0
ALM-00030,Alarm or Siren,fsd50k,Good,,15.949,44100,-0.4,-10.7,-42.1,34.0,0.0,0.0,0.0,0
ALM-00031,Alarm or Siren,fsd50k,Good,,19.908,44100,-7.5,-25.1,-58.0,40.3,0.0,0.0,0.494,0
ALM-00032,Alarm or Siren,fsd50k,Good,,14.536,44100,-3.0,-15.8,-19.6,6.9,0.0,0.0,0.0,0
ALM-00033,Alarm or Siren,fsd50k,Good,,2.077,44100,-1.4,-13.0,-35.9,27.6,0.0,0.0,0.0,0
ALM-00034,Alarm or Siren,fsd50k,Good,,5.629,44100,-1.3,-30.5,-46.8,22.2,0.001,0.0,0.0,0
ALM-00035,Alarm or Siren,fsd50k,Good,,9.3,44100,-0.1,-12.4,-21.3,10.4,0.0,0.0,0.0,0
ALM-00036,Alarm or Siren,fsd50k,Good,,8.983,44100,-9.4,-18.5,-49.6,34.6,0.0,0.0,0.0,0
ALM-00037,Alarm or Siren,fsd50k,Good,,3.204,44100,-15.5,-23.8,-49.5,29.2,0.0,0.0,0.219,0
ALM-00038,Alarm or Siren,fsd50k,Good,,5.364,44100,-7.6,-18.5,-22.5,6.4,0.0,0.0,0.0,0
ALM-00039,Alarm or Siren,fsd50k,Poor,missing audio frames: 11 dropouts (6.41 s),19.636,44100,-9.4,-22.6,-42.5,23.5,0.002,0.0,0.346,11
ALM-00040,Alarm or Siren,fsd50k,Good,,28.015,44100,-0.0,-17.9,-52.4,41.5,0.0,0.0,0.0,0
ALM-00041,Alarm or Siren,fsd50k,Good,,9.247,44100,0.0,-8.0,-16.4,11.6,0.0,0.00011,0.003,0
ALM-00042,Alarm or Siren,fsd50k,Good,,23.948,44100,-1.7,-18.6,-43.3,29.4,0.0,0.0,0.008,0
ALM-00043,Alarm or Siren,fsd50k,Good,,1.008,44100,-1.3,-15.0,-27.1,15.5,0.0,0.0,0.175,0
ALM-00044,Alarm or Siren,fsd50k,Good,,11.12,44100,-9.5,-25.5,-49.7,30.4,0.0,0.0,0.031,0
ALM-00045,Alarm or Siren,fsd50k,Good,,4.245,44100,-9.5,-23.1,-52.6,34.8,0.0,0.0,0.385,0
ALM-00046,Alarm or Siren,fsd50k,Good,,0.592,44100,-4.6,-17.3,-17.9,1.0,0.02,0.0,0.0,0
ALM-00047,Alarm or Siren,fsd50k,Acceptable,low signal strength: active level -49 dBFS,0.937,44100,-36.5,-49.1,-57.6,12.2,0.022,0.0,0.649,0
ALM-00048,Alarm or Siren,fsd50k,Good,,8.522,44100,-19.3,-30.4,-45.1,18.6,0.001,0.0,0.199,0
ALM-00049,Alarm or Siren,fsd50k,Good,,6.077,44100,-24.2,-35.9,-49.0,16.5,0.0,0.0,0.0,0
ALM-00050,Alarm or Siren,fsd50k,Good,,2.232,44100,-20.3,-30.8,-49.1,21.6,0.0,0.0,0.0,0
ALM-00051,Alarm or Siren,fsd50k,Good,,5.899,44100,-20.0,-30.4,-43.2,16.0,0.0,0.0,0.0,0
ALM-00052,Alarm or Siren,fsd50k,Good,,1.009,44100,-0.0,-11.1,-12.8,3.1,0.0,0.0,0.0,0
ALM-00053,Alarm or Siren,fsd50k,Good,,4.225,44100,-4.0,-24.0,-51.6,37.3,0.003,0.0,0.0,0
ALM-00054,Alarm or Siren,fsd50k,Good,,1.723,44100,-30.8,-37.5,-53.0,18.3,0.002,0.0,0.118,0
ALM-00055,Alarm or Siren,fsd50k,Good,,11.06,44100,-8.1,-25.5,-57.9,35.6,0.001,0.0,0.405,0
ALM-00056,Alarm or Siren,fsd50k,Good,,7.707,44100,-0.3,-15.0,-22.4,13.9,0.007,0.0,0.0,0
ALM-00057,Alarm or Siren,fsd50k,Good,,5.172,44100,-0.4,-12.2,-49.4,43.3,0.0,0.0,0.039,0
ALM-00058,Alarm or Siren,fsd50k,Good,,2.273,44100,-9.8,-17.9,-22.6,7.6,0.0,0.0,0.0,0
ALM-00059,Alarm or Siren,fsd50k,Good,,14.762,44100,-1.5,-9.6,-15.5,6.8,0.004,0.0,0.286,0
ALM-00060,Alarm or Siren,fsd50k,Good,,14.853,44100,-1.5,-8.8,-10.1,1.8,0.01,0.0,0.354,0
ALM-00061,Alarm or Siren,fsd50k,Good,,17.506,44100,0.0,-25.0,-33.6,14.1,0.001,0.0,0.0,0
ALM-00062,Alarm or Siren,fsd50k,Good,,19.197,44100,-0.9,-18.2,-41.7,29.1,0.0,0.0,0.079,0
ALM-00063,Alarm or Siren,fsd50k,Good,,2.077,44100,-1.0,-11.9,-37.6,30.2,0.0,0.0,0.0,0
ALM-00064,Alarm or Siren,fsd50k,Good,,0.361,44100,-14.3,-26.9,-32.5,7.2,0.003,0.0,0.0,0
ALM-00065,Alarm or Siren,fsd50k,Good,,14.744,44100,-0.0,-14.3,-25.4,15.2,0.0,2e-05,0.0,0
ALM-00066,Alarm or Siren,fsd50k,Good,,9.922,44100,-0.1,-17.9,-35.0,23.3,0.0,0.0,0.0,0
ALM-00067,Alarm or Siren,fsd50k,Good,,4.0,44100,-3.1,-7.9,-7.7,0.1,0.0,0.0,0.0,0
ALM-00068,Alarm or Siren,fsd50k,Good,,11.474,44100,0.0,-10.9,-25.6,18.1,0.0,2e-05,0.0,0
ALM-00069,Alarm or Siren,fsd50k,Good,,29.075,44100,-0.6,-16.6,-49.8,37.5,0.001,0.0,0.0,0
ALM-00070,Alarm or Siren,fsd50k,Good,,1.43,44100,-2.8,-17.4,-54.2,41.8,0.061,0.0,0.088,0
ALM-00071,Alarm or Siren,fsd50k,Good,,0.4,44100,-1.7,-4.9,-4.9,0.1,0.0,0.0,0.0,0
ALM-00072,Alarm or Siren,fsd50k,Good,,3.868,44100,-16.5,-23.3,-43.3,22.8,0.0,0.0,0.0,0
ALM-00073,Alarm or Siren,fsd50k,Good,,2.56,44100,-13.5,-29.1,-47.6,24.7,0.001,0.0,0.0,0
ALM-00074,Alarm or Siren,fsd50k,Good,,7.243,44100,-0.3,-24.5,-53.5,22.8,0.0,0.0,0.031,0
ALM-00075,Alarm or Siren,fsd50k,Good,,21.747,44100,-2.6,-21.7,-52.8,37.7,0.0,0.0,0.02,0
ALM-00076,Alarm or Siren,fsd50k,Acceptable,clipping: 0.83% of samples are clipped,7.982,44100,-0.0,-15.0,-43.8,35.0,0.01,0.00832,0.0,0
ALM-00077,Alarm or Siren,fsd50k,Good,,21.193,44100,-0.0,-17.7,-33.4,22.8,0.0,0.0,0.004,0
ALM-00078,Alarm or Siren,fsd50k,Acceptable,low signal strength: active level -51 dBFS,1.731,44100,-45.8,-51.2,-52.0,1.7,0.0,0.0,0.072,0
ALM-00079,Alarm or Siren,fsd50k,Good,,2.808,44100,-16.7,-24.1,-54.2,33.9,0.005,0.0,0.0,0
ALM-00080,Alarm or Siren,fsd50k,Poor,missing audio frames: 4 dropouts (0.41 s),3.429,44100,-4.6,-12.9,-14.6,2.6,0.015,0.0,0.328,4
ALM-00081,Alarm or Siren,fsd50k,Acceptable,missing audio frames: 1 dropout (0.10 s),1.714,44100,-4.7,-13.6,-15.2,3.0,0.018,0.0,0.721,1
ALM-00082,Alarm or Siren,fsd50k,Acceptable,missing audio frames: 1 dropout (0.10 s),1.714,44100,-2.2,-12.4,-17.7,7.3,0.008,0.0,0.721,1
ALM-00083,Alarm or Siren,fsd50k,Poor,missing audio frames: 3 dropouts (0.31 s),3.429,44100,-1.9,-11.7,-12.9,3.6,0.017,0.0,0.467,3
ALM-00084,Alarm or Siren,fsd50k,Good,,1.714,44100,-1.9,-10.9,-12.4,3.2,0.012,0.0,0.868,0
ALM-00085,Alarm or Siren,fsd50k,Acceptable,missing audio frames: 2 dropouts (0.21 s),1.714,44100,-1.9,-11.2,-16.0,6.8,0.013,0.0,0.574,2
ALM-00086,Alarm or Siren,fsd50k,Poor,missing audio frames: 4 dropouts (0.41 s),1.714,44100,-1.9,-11.3,-16.9,7.8,0.013,0.0,0.279,4
ALM-00087,Alarm or Siren,fsd50k,Good,,8.191,44100,-5.9,-13.0,-13.4,1.0,0.0,0.0,0.0,0
ALM-00088,Alarm or Siren,fsd50k,Good,,2.871,44100,-12.7,-23.5,-47.6,29.8,0.0,0.0,0.105,0
ALM-00089,Alarm or Siren,fsd50k,Good,,21.333,44100,-15.1,-28.9,-37.2,12.1,0.0,0.0,0.205,0
ALM-00090,Alarm or Siren,fsd50k,Good,,16.784,44100,-17.7,-34.2,-57.6,28.5,0.123,0.0,0.671,0
ALM-00091,Alarm or Siren,fsd50k,Good,,27.237,44100,-7.9,-22.4,-28.4,9.3,0.0,0.0,0.0,0
ALM-00092,Alarm or Siren,fsd50k,Good,,7.805,44100,-6.1,-17.4,-23.0,11.2,0.0,0.0,0.0,0
ALM-00093,Alarm or Siren,fsd50k,Good,,11.244,44100,-6.0,-16.8,-30.7,16.6,0.0,0.0,0.263,0
ALM-00094,Alarm or Siren,fsd50k,Good,,6.046,44100,-7.8,-21.2,-32.6,15.9,0.0,0.0,0.0,0
ALM-00095,Alarm or Siren,fsd50k,Good,,9.075,44100,-1.2,-12.9,-48.1,36.5,0.032,0.0,0.113,0
ALM-00096,Alarm or Siren,fsd50k,Acceptable,missing audio frames: 1 dropout (0.02 s),9.683,44100,-1.3,-26.0,-45.3,24.5,0.004,0.0,0.152,1
ALM-00097,Alarm or Siren,fsd50k,Good,,4.272,44100,-11.9,-25.4,-57.2,36.2,0.0,0.0,0.135,0
ALM-00098,Alarm or Siren,fsd50k,Good,,12.8,44100,-8.3,-21.8,-55.2,38.0,0.0,0.0,0.096,0
ALM-00099,Alarm or Siren,fsd50k,Good,,11.093,44100,-28.2,-39.2,-48.4,11.1,0.0,0.0,0.393,0
ALM-00100,Alarm or Siren,fsd50k,Good,,7.707,44100,-0.4,-15.0,-22.4,13.9,0.001,0.0,0.0,0
ALM-00101,Alarm or Siren,fsd50k,Good,,1.997,44100,-11.4,-19.5,-37.1,20.3,0.0,0.0,0.152,0
ALM-00102,Alarm or Siren,fsd50k,Good,,17.68,44100,0.0,-18.3,-28.0,13.9,0.0,0.0,0.0,0
ALM-00103,Alarm or Siren,fsd50k,Good,,1.041,44100,-16.3,-26.8,-41.2,16.5,0.0,0.0,0.0,0
ALM-00104,Alarm or Siren,fsd50k,Good,,12.804,44100,-13.6,-25.2,-53.6,30.6,0.004,0.0,0.0,0
ALM-00105,Alarm or Siren,fsd50k,Good,,23.576,44100,-11.3,-21.8,-27.8,6.9,0.002,0.0,0.323,0
ALM-00106,Alarm or Siren,fsd50k,Good,,0.461,44100,-3.5,-8.3,-10.7,4.2,0.0,0.0,0.0,0
ALM-00107,Alarm or Siren,fsd50k,Good,,0.703,44100,-11.8,-27.6,-50.7,27.3,0.011,0.0,0.0,0
ALM-00108,Alarm or Siren,fsd50k,Good,,6.139,44100,-0.9,-21.9,-45.4,29.6,0.002,0.0,0.0,0
ALM-00109,Alarm or Siren,fsd50k,Good,,14.594,44100,-0.0,-18.7,-58.5,46.2,0.004,0.0,0.091,0
ALM-00110,Alarm or Siren,fsd50k,Good,,2.9,44100,-0.0,-13.2,-18.4,9.3,0.0,0.0,0.0,0
ALM-00111,Alarm or Siren,fsd50k,Good,,4.375,44100,-4.7,-17.9,-37.6,23.6,0.003,0.0,0.0,0
ALM-00112,Alarm or Siren,fsd50k,Good,,9.172,44100,-15.4,-36.4,-59.6,30.6,0.005,0.0,0.924,0
ALM-00113,Alarm or Siren,fsd50k,Good,,5.627,44100,-3.0,-16.0,-47.1,33.7,0.002,0.0,0.356,0
ALM-00114,Alarm or Siren,fsd50k,Good,,1.324,44100,-12.3,-19.4,-24.3,6.5,0.0,0.0,0.288,0
ALM-00115,Alarm or Siren,fsd50k,Good,,1.915,44100,-1.8,-11.1,-23.7,15.4,0.029,0.0,0.526,0
ALM-00116,Alarm or Siren,fsd50k,Good,,21.673,44100,-10.8,-22.6,-22.9,0.6,0.0,0.0,0.0,0
ALM-00117,Alarm or Siren,fsd50k,Acceptable,missing audio frames: 1 dropout (0.07 s),28.856,44100,-4.1,-19.4,-26.2,12.2,0.0,0.0,0.11,1
ALM-00118,Alarm or Siren,fsd50k,Good,,1.956,44100,-4.3,-19.7,-43.0,29.3,0.0,0.0,0.038,0
ALM-00119,Alarm or Siren,fsd50k,Good,,9.987,44100,-2.1,-10.5,-26.5,19.3,0.0,0.0,0.183,0
ALM-00120,Alarm or Siren,fsd50k,Good,,22.456,44100,-11.8,-32.5,-39.1,10.6,0.011,0.0,0.069,0
ALM-00121,Alarm or Siren,fsd50k,Good,,6.295,44100,-16.4,-27.1,-28.3,2.6,0.0,0.0,0.008,0
ALM-00122,Alarm or Siren,fsd50k,Good,,9.24,44100,-5.7,-30.8,-46.6,15.6,0.02,0.0,0.0,0
ALM-00123,Alarm or Siren,fsd50k,Good,,8.777,44100,-0.3,-14.3,-17.8,5.7,0.0,0.0,0.003,0
ALM-00124,Alarm or Siren,fsd50k,Good,,22.309,44100,-3.6,-27.8,-42.0,21.4,0.0,0.0,0.001,0
ALM-00125,Alarm or Siren,fsd50k,Good,,8.085,44100,-3.7,-23.4,-35.6,16.3,0.001,0.0,0.003,0
ALM-00126,Alarm or Siren,fsd50k,Good,,1.451,44100,-4.0,-25.0,-53.1,35.3,0.003,0.0,0.224,0
ALM-00127,Alarm or Siren,fsd50k,Good,,1.19,44100,-8.1,-24.5,-50.3,31.8,0.0,0.0,0.021,0
ALM-00128,Alarm or Siren,fsd50k,Good,,1.547,44100,-0.5,-15.3,-52.2,42.7,0.0,0.0,0.082,0
ALM-00129,Alarm or Siren,fsd50k,Good,,8.107,44100,-4.5,-15.6,-57.4,45.2,0.002,0.0,0.012,0
ALM-00130,Alarm or Siren,fsd50k,Good,,13.186,44100,-2.2,-14.9,-26.2,16.7,0.0,0.0,0.0,0
ALM-00131,Alarm or Siren,fsd50k,Good,,2.366,44100,-16.9,-30.3,-36.5,8.9,0.166,0.0,0.0,0
ALM-00132,Alarm or Siren,fsd50k,Good,,9.728,44100,-19.3,-30.1,-46.7,22.1,0.011,0.0,0.0,0
ALM-00133,Alarm or Siren,fsd50k,Good,,11.153,44100,-22.6,-39.0,-47.7,14.7,0.001,0.0,0.0,0
ALM-00134,Alarm or Siren,fsd50k,Poor,missing audio frames: 19 dropouts (4.66 s),20.814,44100,-0.6,-11.0,-16.9,8.0,0.009,0.0,0.4,19
ALM-00135,Alarm or Siren,fsd50k,Poor,missing audio frames: 6 dropouts (1.90 s),5.786,44100,-2.4,-12.3,-15.0,5.0,0.009,0.0,0.39,6
ALM-00136,Alarm or Siren,fsd50k,Good,,4.0,44100,-4.5,-19.9,-53.4,40.4,0.0,0.0,0.412,0
ALM-00137,Alarm or Siren,fsd50k,Good,,22.13,44100,-1.5,-21.7,-29.7,12.4,0.0,0.0,0.0,0
ALM-00138,Alarm or Siren,fsd50k,Good,,0.827,44100,-11.5,-21.9,-30.1,11.2,0.0,0.0,0.0,0
ALM-00139,Alarm or Siren,fsd50k,Good,,0.807,44100,-4.3,-11.9,-24.1,15.5,0.0,0.0,0.0,0
ALM-00140,Alarm or Siren,fsd50k,Good,,8.62,44100,-1.7,-23.7,-43.3,24.8,0.0,0.0,0.029,0
ALM-00141,Alarm or Siren,fsd50k,Good,,10.983,44100,-0.2,-20.9,-32.8,14.4,0.0,0.0,0.018,0
ALM-00142,Alarm or Siren,fsd50k,Acceptable,missing audio frames: 1 dropout (1.33 s),29.923,44100,-1.6,-13.9,-56.8,44.7,0.0,0.0,0.261,1
ALM-00143,Alarm or Siren,fsd50k,Good,,4.404,44100,-11.9,-26.5,-58.0,38.5,0.001,0.0,0.364,0
ALM-00144,Alarm or Siren,fsd50k,Good,,12.377,44100,-9.0,-24.5,-35.8,15.4,0.0,0.0,0.0,0
ALM-00145,Alarm or Siren,fsd50k,Good,,24.634,44100,-0.1,-11.9,-40.9,30.9,0.0,0.0,0.0,0
ALM-00146,Alarm or Siren,fsd50k,Good,,7.95,44100,-1.8,-15.1,-55.0,41.7,0.0,0.0,0.541,0
ALM-00147,Alarm or Siren,fsd50k,Good,,5.744,44100,-10.2,-28.5,-57.7,36.7,0.001,0.0,0.166,0
ALM-00148,Alarm or Siren,fsd50k,Good,,4.125,44100,-1.2,-29.6,-38.1,8.8,0.013,0.0,0.2,0
ALM-00149,Alarm or Siren,fsd50k,Poor,missing audio frames: 21 dropouts (0.65 s),15.0,44100,-8.3,-21.0,-46.7,30.4,0.001,0.0,0.022,21
ALM-00150,Alarm or Siren,fsd50k,Acceptable,missing audio frames: 1 dropout (2.97 s),16.396,44100,-9.2,-20.5,-56.9,40.5,0.003,0.0,0.508,1
ALM-00151,Alarm or Siren,fsd50k,Good,,6.323,44100,-3.1,-18.5,-46.3,32.0,0.002,0.0,0.194,0
ALM-00152,Alarm or Siren,fsd50k,Acceptable,missing audio frames: 1 dropout (0.03 s),1.714,44100,-5.9,-14.1,-50.0,39.9,0.001,0.0,0.25,1
ALM-00153,Alarm or Siren,fsd50k,Good,,5.0,44100,-10.9,-29.7,-52.8,29.7,0.0,0.0,0.405,0
ALM-00154,Alarm or Siren,fsd50k,Good,,3.081,44100,-3.0,-15.2,-21.6,8.6,0.0,0.0,0.008,0
ALM-00155,Alarm or Siren,fsd50k,Good,,0.8,44100,-0.9,-12.4,-17.0,7.5,0.0,0.0,0.0,0
ALM-00156,Alarm or Siren,fsd50k,Acceptable,missing audio frames: 2 dropouts (0.30 s),3.169,44100,-0.0,-14.9,-46.6,38.2,0.0,0.0,0.524,2
ALM-00157,Alarm or Siren,fsd50k,Good,,2.657,44100,-19.5,-31.8,-42.4,15.1,0.002,0.0,0.0,0
ALM-00158,Alarm or Siren,fsd50k,Good,,3.288,44100,-2.8,-20.2,-45.0,30.5,0.003,0.0,0.0,0
ALM-00159,Alarm or Siren,fsd50k,Good,,24.961,44100,-0.1,-28.3,-58.2,37.4,0.02,0.0,0.409,0
ALM-00160,Alarm or Siren,fsd50k,Good,,3.001,44100,-0.0,-31.3,-56.4,21.8,0.002,0.0,0.042,0
ALM-00161,Alarm or Siren,fsd50k,Good,,1.092,44100,-5.0,-13.0,-29.3,20.1,0.0,0.0,0.0,0
ALM-00162,Alarm or Siren,fsd50k,Poor,clipping: 2.3% of samples are clipped,30.015,44100,0.0,-10.7,-26.0,22.0,0.0,0.02341,0.001,0
ALM-00163,Alarm or Siren,fsd50k,Good,,0.909,44100,-0.4,-7.3,-13.1,8.4,0.0,0.0,0.0,0
ALM-00164,Alarm or Siren,fsd50k,Good,,4.154,44100,-3.9,-14.6,-33.8,21.2,0.0,0.0,0.108,0
ALM-00165,Alarm or Siren,fsd50k,Good,,1.0,44100,0.0,-4.8,-4.8,0.1,0.026,0.0,0.0,0
ALM-00166,Alarm or Siren,fsd50k,Good,,10.28,44100,0.0,-15.9,-20.3,8.6,0.0,0.00044,0.0,0
ALM-00167,Alarm or Siren,fsd50k,Good,,12.665,44100,-17.6,-39.6,-43.2,7.4,0.001,0.0,0.0,0
ALM-00168,Alarm or Siren,fsd50k,Good,,18.96,44100,-13.0,-25.4,-29.3,7.3,0.001,0.0,0.0,0
ALM-00169,Alarm or Siren,fsd50k,Good,,5.905,44100,-11.7,-28.4,-56.6,35.8,0.002,0.0,0.479,0
ALM-00170,Alarm or Siren,fsd50k,Good,,16.335,44100,-8.3,-43.6,-59.6,19.0,0.004,0.0,0.596,0
ALM-00171,Alarm or Siren,fsd50k,Good,,4.214,44100,-1.0,-18.9,-49.0,36.4,0.0,0.0,0.0,0
ALM-00172,Alarm or Siren,fsd50k,Good,,20.167,44100,-0.7,-29.2,-47.4,24.7,0.001,0.0,0.002,0
ALM-00173,Alarm or Siren,fsd50k,Good,,18.396,44100,0.0,-8.4,-35.0,29.7,0.003,0.00023,0.681,0
ALM-00174,Alarm or Siren,fsd50k,Good,,24.08,44100,-3.7,-17.6,-26.8,13.0,0.0,0.0,0.0,0
ALM-00175,Alarm or Siren,fsd50k,Good,,1.736,44100,-6.3,-17.7,-19.3,3.4,0.0,0.0,0.362,0
ALM-00176,Alarm or Siren,fsd50k,Good,,4.442,44100,-0.2,-8.3,-29.7,24.7,0.015,0.0,0.034,0
ALM-00177,Alarm or Siren,fsd50k,Good,,2.667,44100,-10.5,-22.3,-41.8,22.5,0.0,0.0,0.009,0
ALM-00178,Alarm or Siren,fsd50k,Good,,5.239,44100,-2.2,-6.6,-7.0,1.1,0.0,0.0,0.0,0
ALM-00179,Alarm or Siren,fsd50k,Good,,20.217,44100,-1.7,-10.9,-13.2,4.4,0.0,0.0,0.0,0
ALM-00180,Alarm or Siren,fsd50k,Good,,2.417,44100,-13.5,-26.1,-49.4,28.9,0.0,0.0,0.0,0
ALM-00181,Alarm or Siren,fsd50k,Good,,7.079,44100,-0.0,-14.0,-34.2,24.1,0.0,0.0,0.0,0
ALM-00182,Alarm or Siren,fsd50k,Good,,5.077,44100,-0.6,-12.5,-54.7,48.0,0.0,0.0,0.217,0
ALM-00183,Alarm or Siren,fsd50k,Good,,26.436,44100,-2.5,-16.2,-35.3,22.1,0.0,0.0,0.005,0
ALM-00184,Alarm or Siren,fsd50k,Good,,3.272,44100,-17.9,-29.6,-35.4,9.0,0.0,0.0,0.023,0
ALM-00185,Alarm or Siren,fsd50k,Good,,9.718,44100,-2.8,-18.8,-24.0,9.9,0.0,0.0,0.0,0
ALM-00186,Alarm or Siren,fsd50k,Good,,3.199,44100,-7.0,-17.2,-28.1,13.8,0.0,0.0,0.0,0
ALM-00187,Alarm or Siren,fsd50k,Good,,9.66,44100,-14.3,-27.7,-49.8,27.5,0.0,0.0,0.544,0
ALM-00188,Alarm or Siren,fsd50k,Poor,missing audio frames: 20 dropouts (0.62 s),14.602,44100,-4.3,-27.5,-54.6,33.0,0.0,0.0,0.539,20
ALM-00189,Alarm or Siren,fsd50k,Good,,15.662,44100,-6.0,-23.2,-31.4,13.1,0.0,0.0,0.0,0
ALM-00190,Alarm or Siren,fsd50k,Good,,16.239,44100,-3.6,-23.4,-33.3,15.4,0.0,0.0,0.0,0
ALM-00191,Alarm or Siren,urbansound8k,Good,,4.0,44100,-15.6,-31.3,-35.5,8.8,0.0,0.0,0.0,0
ALM-00192,Alarm or Siren,urbansound8k,Acceptable,low sample rate: 11025 Hz (content above 5512 Hz is missing),4.0,11025,-3.6,-12.3,-15.0,4.9,0.005,0.0,0.0,0
ALM-00193,Alarm or Siren,urbansound8k,Acceptable,clipping: 0.32% of samples are clipped,4.0,44100,0.0,-17.1,-30.2,19.5,0.0,0.00315,0.0,0
ALM-00194,Alarm or Siren,urbansound8k,Good,,4.0,44100,-26.3,-43.6,-47.2,6.7,0.017,0.0,0.0,0
ALM-00195,Alarm or Siren,urbansound8k,Good,,4.0,44100,-20.5,-36.9,-40.0,6.0,0.003,0.0,0.0,0
ALM-00196,Alarm or Siren,urbansound8k,Acceptable,low signal strength: active level -49 dBFS,4.0,48000,-31.0,-49.4,-58.3,13.4,0.0,0.0,0.05,0
ALM-00197,Alarm or Siren,urbansound8k,Good,,4.0,48000,-2.6,-18.6,-30.2,17.0,0.0,0.0,0.0,0
ALM-00198,Alarm or Siren,urbansound8k,Good,,4.0,44100,-3.7,-22.7,-26.6,8.0,0.001,0.0,0.0,0
ALM-00199,Alarm or Siren,urbansound8k,Good,,4.0,44100,-10.8,-33.0,-43.8,15.9,0.0,0.0,0.0,0
ALM-00200,Alarm or Siren,urbansound8k,Good,,4.0,44100,-7.8,-21.6,-24.4,4.9,0.0,0.0,0.0,0
ALM-00201,Alarm or Siren,urbansound8k,Good,,4.0,44100,-1.6,-15.0,-17.9,5.2,0.0,0.0,0.0,0
ALM-00202,Alarm or Siren,urbansound8k,Good,,4.0,44100,-4.6,-24.1,-28.1,7.7,0.001,0.0,0.0,0
ALM-00203,Alarm or Siren,urbansound8k,Good,,4.0,48000,-11.2,-28.3,-34.2,10.8,0.0,0.0,0.0,0
ALM-00204,Alarm or Siren,urbansound8k,Good,,4.0,44100,-2.8,-13.0,-17.3,8.3,0.0,0.0,0.0,0
ALM-00205,Alarm or Siren,urbansound8k,Good,,4.0,44100,-28.1,-45.8,-50.6,8.7,0.001,0.0,0.0,0
ALM-00206,Alarm or Siren,urbansound8k,Good,,4.0,44100,-9.3,-24.8,-29.3,8.2,0.0,0.0,0.0,0
ALM-00207,Alarm or Siren,urbansound8k,Good,,4.0,44100,-12.5,-27.5,-30.6,5.5,0.009,0.0,0.0,0
ALM-00208,Alarm or Siren,urbansound8k,Good,,4.0,44100,-1.6,-15.0,-26.4,16.3,0.0,0.0,0.0,0
ALM-00209,Alarm or Siren,urbansound8k,Good,,4.0,44100,-10.8,-32.9,-44.2,15.9,0.0,0.0,0.0,0
ALM-00210,Alarm or Siren,urbansound8k,Good,,4.0,44100,-3.5,-14.6,-18.9,6.9,0.0,0.0,0.0,0
ALM-00211,Alarm or Siren,esc50,Good,,5.0,44100,-1.2,-12.9,-22.0,13.8,0.0,0.0,0.0,0
ALM-00212,Alarm or Siren,fsd50k,Good,,12.16,44100,-4.0,-15.5,-38.9,27.2,0.0,0.0,0.043,0
ALM-00213,Alarm or Siren,fsd50k,Poor,clipping: 12.9% of samples are clipped,10.899,44100,0.0,-3.9,-5.6,2.5,0.0,0.12923,0.0,0
ALM-00214,Alarm or Siren,fsd50k,Good,,5.0,44100,-1.0,-10.7,-23.5,15.9,0.0,0.0,0.0,0
ALM-00215,Alarm or Siren,fsd50k,Good,,8.452,44100,-17.0,-32.6,-35.9,5.8,0.0,0.0,0.018,0
ALM-00216,Alarm or Siren,fsd50k,Good,,0.8,44100,-1.7,-2.4,-2.4,0.1,0.0,0.0,0.0,0
ALM-00217,Alarm or Siren,fsd50k,Good,,18.971,44100,-0.0,-15.5,-17.6,5.0,0.007,0.0,0.028,0
ALM-00218,Alarm or Siren,fsd50k,Good,,1.714,44100,-4.7,-13.4,-14.5,2.2,0.019,0.0,0.868,0
ALM-00219,Alarm or Siren,fsd50k,Poor,missing audio frames: 4 dropouts (0.41 s),3.429,44100,-1.9,-11.6,-17.1,7.1,0.008,0.0,0.328,4
ALM-00220,Alarm or Siren,fsd50k,Good,,0.649,44100,-4.2,-11.7,-13.3,3.1,0.001,0.0,0.0,0
ALM-00221,Alarm or Siren,fsd50k,Good,,13.282,44100,-4.4,-14.5,-55.4,46.6,0.0,0.0,0.422,0
ALM-00222,Alarm or Siren,fsd50k,Good,,5.519,44100,-7.9,-28.6,-35.8,9.9,0.004,0.0,0.0,0
ALM-00223,Alarm or Siren,fsd50k,Good,,15.668,44100,0.0,-8.7,-49.8,46.3,0.0,0.0,0.0,0
ALM-00224,Alarm or Siren,fsd50k,Good,,1.295,44100,-2.5,-18.5,-38.9,27.7,0.0,0.0,0.0,0
ALM-00225,Alarm or Siren,fsd50k,Good,,20.017,44100,-23.8,-43.1,-56.0,19.7,0.003,0.0,0.021,0
ALM-00226,Alarm or Siren,fsd50k,Poor,missing audio frames: 15 dropouts (7.33 s),17.399,44100,-1.0,-10.7,-19.9,13.3,0.035,0.0,0.471,15
ALM-00227,Alarm or Siren,fsd50k,Good,,26.922,44100,-18.7,-31.3,-55.9,29.9,0.007,0.0,0.562,0
ALM-00228,Alarm or Siren,fsd50k,Good,,9.823,44100,-3.7,-29.7,-47.0,9.6,0.024,0.0,0.028,0
ALM-00229,Alarm or Siren,fsd50k,Good,,15.377,44100,-1.6,-19.6,-40.6,27.3,0.003,0.0,0.026,0
ALM-00230,Alarm or Siren,fsd50k,Good,,4.465,44100,-5.9,-17.8,-21.3,6.0,0.0,0.0,0.0,0
ALM-00231,Alarm or Siren,fsd50k,Good,,0.929,44100,-1.0,-13.9,-47.0,38.1,0.0,0.0,0.162,0
ALM-00232,Alarm or Siren,fsd50k,Good,,7.314,44100,-3.6,-16.4,-32.8,20.3,0.0,0.0,0.0,0
ALM-00233,Alarm or Siren,fsd50k,Good,,3.88,44100,-2.6,-18.3,-49.9,39.7,0.046,0.0,0.755,0
ALM-00234,Alarm or Siren,fsd50k,Poor,missing audio frames: 4 dropouts (1.00 s),10.891,44100,-11.1,-21.5,-57.0,39.5,0.001,0.0,0.478,4
ALM-00235,Alarm or Siren,fsd50k,Good,,1.671,44100,-4.2,-17.4,-34.0,19.9,0.0,0.0,0.0,0
ALM-00236,Alarm or Siren,fsd50k,Good,,25.491,44100,-5.0,-17.0,-45.6,34.6,0.0,0.0,0.0,0
ALM-00237,Alarm or Siren,fsd50k,Good,,13.781,44100,-0.0,-22.8,-50.6,35.3,0.002,0.0,0.004,0
ALM-00238,Alarm or Siren,fsd50k,Good,,6.225,44100,-0.4,-27.3,-36.0,13.3,0.0,0.0,0.0,0
ALM-00239,Alarm or Siren,fsd50k,Good,,8.359,44100,-0.3,-10.6,-25.9,19.4,0.002,0.0,0.335,0
ALM-00240,Alarm or Siren,fsd50k,Good,,10.983,44100,-3.3,-16.9,-34.8,21.0,0.0,0.0,0.13,0
ALM-00241,Alarm or Siren,fsd50k,Good,,28.0,44100,-1.7,-16.9,-55.2,44.1,0.0,0.0,0.085,0
ALM-00242,Alarm or Siren,fsd50k,Good,,3.256,44100,-1.1,-13.7,-16.8,5.9,0.012,0.0,0.0,0
ALM-00243,Alarm or Siren,fsd50k,Good,,1.005,44100,-1.4,-20.6,-20.7,0.8,0.104,0.0,0.175,0
ALM-00244,Alarm or Siren,fsd50k,Good,,3.655,44100,-8.4,-17.9,-22.1,7.9,0.0,0.0,0.082,0
ALM-00245,Alarm or Siren,fsd50k,Good,,16.121,44100,-3.6,-7.6,-8.0,1.1,0.0,0.0,0.0,0
ALM-00246,Alarm or Siren,fsd50k,Good,,5.466,44100,-0.0,-9.7,-36.9,29.5,0.0,0.00068,0.064,0
ALM-00247,Alarm or Siren,urbansound8k,Good,,4.0,44100,-29.6,-46.5,-49.6,5.9,0.0,0.0,0.0,0
ALM-00248,Alarm or Siren,urbansound8k,Good,,4.0,44100,-15.0,-34.0,-44.1,16.2,0.001,0.0,0.0,0
ALM-00249,Alarm or Siren,urbansound8k,Good,,1.948,48000,-22.7,-44.4,-52.8,14.9,0.0,0.0,0.0,0
ALM-00250,Alarm or Siren,urbansound8k,Good,,4.0,44100,-13.7,-25.9,-27.8,3.8,0.0,0.0,0.0,0
ALM-00251,Alarm or Siren,urbansound8k,Good,,4.0,48000,-5.0,-21.7,-25.5,8.3,0.0,0.0,0.0,0
ALM-00252,Alarm or Siren,urbansound8k,Good,,1.32,44100,-0.1,-12.4,-15.0,4.7,0.0,0.0,0.0,0
ALM-00253,Alarm or Siren,urbansound8k,Poor,clipping: 1.4% of samples are clipped,4.0,44100,0.0,-9.8,-14.1,8.8,0.0,0.01427,0.0,0
ALM-00254,Alarm or Siren,urbansound8k,Poor,low signal strength: active level -57 dBFS,4.0,48000,-44.3,-57.0,-59.4,5.0,0.001,0.0,0.656,0
ALM-00255,Alarm or Siren,urbansound8k,Good,,4.0,48000,-19.0,-32.2,-35.3,5.4,0.0,0.0,0.0,0
ALM-00256,Alarm or Siren,fsd50k,Acceptable,missing audio frames: 1 dropout (1.19 s),27.322,44100,-0.0,-13.9,-42.2,35.2,0.0,0.00042,0.086,1
ALM-00257,Alarm or Siren,fsd50k,Good,,20.12,44100,-20.0,-36.9,-44.4,12.5,0.0,0.0,0.0,0
ALM-00258,Alarm or Siren,fsd50k,Poor,clipping: 1.1% of samples are clipped,2.265,44100,-0.0,-6.4,-38.5,35.8,0.002,0.01085,0.0,0
ALM-00259,Alarm or Siren,fsd50k,Good,,5.272,44100,-14.6,-21.4,-25.5,6.2,0.0,0.0,0.0,0
ALM-00260,Alarm or Siren,fsd50k,Good,,4.509,44100,-0.0,-11.3,-12.3,2.1,0.0,0.0,0.0,0
ALM-00261,Alarm or Siren,fsd50k,Good,,1.512,44100,-1.0,-8.3,-16.0,11.0,0.0,0.0,0.083,0
ALM-00262,Alarm or Siren,fsd50k,Poor,missing audio frames: 4 dropouts (1.00 s),2.5,44100,-3.9,-8.4,-8.1,0.1,0.0,0.0,0.45,4
ALM-00263,Alarm or Siren,fsd50k,Good,,0.998,44100,-15.3,-29.9,-57.9,33.7,0.005,0.0,0.0,0
ALM-00264,Alarm or Siren,fsd50k,Good,,6.916,44100,-23.6,-36.9,-40.1,6.0,0.001,0.0,0.0,0
ALM-00265,Alarm or Siren,fsd50k,Good,,7.36,44100,-2.9,-24.4,-26.6,4.5,0.0,0.0,0.0,0
ALM-00266,Alarm or Siren,fsd50k,Good,,1.023,44100,-3.6,-16.1,-56.3,44.9,0.0,0.0,0.0,0
ALM-00267,Alarm or Siren,fsd50k,Good,,1.016,44100,0.0,-8.3,-57.4,52.1,0.0,0.0,0.0,0
ALM-00268,Alarm or Siren,fsd50k,Good,,22.368,44100,-17.9,-33.9,-50.4,20.9,0.0,0.0,0.001,0
ALM-00269,Alarm or Siren,fsd50k,Good,,13.071,44100,-0.7,-14.7,-53.9,44.5,0.0,0.0,0.025,0
ALM-00270,Alarm or Siren,fsd50k,Good,,10.96,44100,-0.0,-19.7,-44.8,32.4,0.001,0.0,0.039,0
ALM-00271,Alarm or Siren,fsd50k,Good,,5.538,44100,-12.2,-29.2,-54.9,31.2,0.0,0.0,0.281,0
ALM-00272,Alarm or Siren,fsd50k,Good,,12.872,44100,-2.1,-18.4,-55.1,39.5,0.078,0.0,0.161,0
ALM-00273,Alarm or Siren,fsd50k,Poor,missing audio frames: 4 dropouts (0.41 s),1.714,44100,-4.7,-13.7,-17.4,5.2,0.018,0.0,0.279,4
ALM-00274,Alarm or Siren,fsd50k,Good,,1.714,44100,-2.2,-12.2,-16.1,5.7,0.009,0.0,0.868,0
ALM-00275,Alarm or Siren,fsd50k,Poor,missing audio frames: 4 dropouts (0.41 s),1.714,44100,-2.2,-12.6,-21.4,11.1,0.008,0.0,0.279,4
ALM-00276,Alarm or Siren,fsd50k,Good,,6.871,44100,-0.0,-14.8,-42.5,33.8,0.0,0.0,0.069,0
ALM-00277,Alarm or Siren,fsd50k,Good,,2.978,44100,-8.8,-31.0,-40.2,11.8,0.0,0.0,0.017,0
ALM-00278,Alarm or Siren,fsd50k,Good,,10.324,44100,-1.5,-25.9,-47.3,24.5,0.001,0.0,0.111,0
ALM-00279,Alarm or Siren,fsd50k,Good,,24.363,44100,-8.9,-38.1,-43.4,8.4,0.0,0.0,0.364,0
ALM-00280,Alarm or Siren,fsd50k,Good,,17.013,44100,0.0,-17.5,-27.5,17.1,0.0,3e-05,0.0,0
ALM-00281,Alarm or Siren,fsd50k,Good,,8.266,44100,-2.7,-13.6,-27.7,17.2,0.0,0.0,0.07,0
ALM-00282,Alarm or Siren,fsd50k,Good,,15.07,44100,-0.0,-32.5,-52.8,24.0,0.0,0.0,0.002,0
ALM-00283,Alarm or Siren,fsd50k,Good,,12.942,44100,-21.4,-37.3,-47.9,15.8,0.001,0.0,0.062,0
ALM-00284,Alarm or Siren,fsd50k,Good,,1.221,44100,-0.3,-9.3,-13.0,7.1,0.0,0.0,0.0,0
ALM-00285,Alarm or Siren,fsd50k,Good,,1.358,44100,-1.1,-12.1,-18.3,9.9,0.0,0.0,0.0,0
ALM-00286,Alarm or Siren,fsd50k,Poor,missing audio frames: 3 dropouts (1.43 s),20.505,44100,-1.7,-14.8,-44.0,33.8,0.0,0.0,0.28,3
ALM-00287,Alarm or Siren,fsd50k,Good,,5.672,44100,0.0,-27.4,-47.4,27.1,0.001,0.0,0.0,0
ALM-00288,Alarm or Siren,fsd50k,Good,,5.297,44100,-0.3,-10.8,-52.6,45.3,0.002,0.0,0.483,0
ALM-00289,Alarm or Siren,fsd50k,Poor,missing audio frames: 9 dropouts (1.10 s),6.059,44100,-23.6,-34.0,-36.3,4.4,0.0,0.0,0.202,9
ALM-00290,Alarm or Siren,fsd50k,Good,,24.0,44100,-19.1,-45.6,-58.4,16.4,0.002,0.0,0.198,0
ALM-00291,Alarm or Siren,fsd50k,Good,,1.608,44100,-13.7,-29.1,-50.5,27.8,0.0,0.0,0.109,0
ALM-00292,Alarm or Siren,fsd50k,Acceptable,missing audio frames: 1 dropout (0.02 s),8.0,44100,-6.7,-22.8,-48.3,30.6,0.0,0.0,0.075,1
ALM-00293,Alarm or Siren,fsd50k,Good,,3.629,44100,-0.0,-26.9,-46.1,27.3,0.0,0.0,0.0,0
ALM-00294,Alarm or Siren,fsd50k,Good,,6.066,44100,-0.0,-13.3,-45.5,38.3,0.0,0.0,0.004,0
ALM-00295,Alarm or Siren,fsd50k,Good,,5.526,44100,-3.0,-22.1,-33.2,16.7,0.0,0.0,0.018,0
ALM-00296,Alarm or Siren,fsd50k,Good,,3.199,44100,-9.9,-17.8,-36.4,21.7,0.0,0.0,0.0,0
ALM-00297,Alarm or Siren,urbansound8k,Good,,4.0,48000,-19.8,-38.8,-42.5,8.4,0.0,0.0,0.0,0
ALM-00298,Alarm or Siren,urbansound8k,Good,,4.0,44100,-14.2,-28.3,-30.9,5.1,0.0,0.0,0.0,0
ALM-00299,Alarm or Siren,urbansound8k,Good,,0.745,44100,-5.9,-27.9,-48.9,26.9,0.0,0.0,0.034,0
ALM-00300,Alarm or Siren,urbansound8k,Poor,low signal strength: active level -59 dBFS,4.0,48000,-48.2,-59.1,-59.7,1.4,0.002,0.0,0.906,0
HRN-00001,Vehicle Horn,esc50,Good,,5.0,44100,0.0,-15.8,-24.3,13.8,0.0,4e-05,0.0,0
HRN-00002,Vehicle Horn,esc50,Good,,5.0,44100,-3.3,-16.3,-23.2,11.3,0.0,0.0,0.0,0
HRN-00003,Vehicle Horn,esc50,Good,,5.0,44100,-14.6,-26.1,-31.4,9.0,0.0,0.0,0.0,0
HRN-00004,Vehicle Horn,esc50,Good,,5.0,44100,-13.7,-26.4,-29.0,5.4,0.0,0.0,0.0,0
HRN-00005,Vehicle Horn,esc50,Good,,5.0,44100,-1.9,-15.3,-51.7,42.7,0.0,0.0,0.58,0
HRN-00006,Vehicle Horn,esc50,Good,,5.0,44100,-20.5,-36.7,-40.6,6.9,0.001,0.0,0.0,0
HRN-00007,Vehicle Horn,esc50,Good,,5.0,44100,-13.7,-27.0,-37.9,15.1,0.0,0.0,0.44,0
HRN-00008,Vehicle Horn,esc50,Good,,5.0,44100,-10.0,-22.4,-51.4,32.1,0.006,0.0,0.625,0
HRN-00009,Vehicle Horn,esc50,Good,,5.0,44100,-9.6,-26.1,-30.8,9.5,0.0,0.0,0.0,0
HRN-00010,Vehicle Horn,freesound,Good,,15.515,48000,-6.5,-37.5,-50.8,9.4,0.0,0.0,0.0,0
HRN-00011,Vehicle Horn,freesound,Acceptable,missing audio frames: 1 dropout (0.28 s),11.719,48000,-6.3,-22.1,-35.6,16.8,0.0,0.0,0.387,1
HRN-00012,Vehicle Horn,freesound,Good,,15.163,44100,0.1,-17.1,-21.9,8.9,0.0,2e-05,0.0,0
HRN-00013,Vehicle Horn,freesound,Good,,17.213,44100,-2.9,-26.3,-44.0,24.4,0.0,0.0,0.001,0
HRN-00014,Vehicle Horn,freesound,Acceptable,missing audio frames: 1 dropout (0.82 s),7.281,44100,0.0,-18.4,-47.2,33.2,0.0,0.0,0.151,1
HRN-00015,Vehicle Horn,freesound,Acceptable,clipping: 0.81% of samples are clipped,1.509,44100,0.6,-9.5,-38.1,32.1,0.004,0.00805,0.767,0
HRN-00016,Vehicle Horn,freesound,Good,,4.0,44100,-0.4,-17.7,-34.7,21.5,0.0,0.0,0.0,0
HRN-00017,Vehicle Horn,freesound,Good,,1.95,44100,-3.4,-23.1,-36.7,18.6,0.0,0.0,0.0,0
HRN-00018,Vehicle Horn,freesound,Good,,5.5,48000,-22.5,-36.7,-59.4,28.5,0.0,0.0,0.741,0
HRN-00019,Vehicle Horn,freesound,Good,,0.504,44100,-2.7,-13.2,-20.7,8.7,0.0,0.0,0.0,0
HRN-00020,Vehicle Horn,freesound,Good,,6.242,44100,-8.0,-27.2,-49.6,27.3,0.001,0.0,0.892,0
HRN-00021,Vehicle Horn,freesound,Good,,3.939,96000,0.2,-14.6,-39.0,33.2,0.0,0.00028,0.516,0
HRN-00022,Vehicle Horn,freesound,Good,,3.201,44100,0.1,-15.8,-51.9,43.0,0.0,0.0,0.0,0
HRN-00023,Vehicle Horn,freesound,Good,,14.643,44100,0.2,-12.5,-51.4,42.6,0.0,0.0,0.103,0
HRN-00024,Vehicle Horn,freesound,Good,,9.6,48000,-19.4,-35.4,-42.1,10.9,0.0,0.0,0.0,0
HRN-00025,Vehicle Horn,freesound,Good,,4.249,44100,-3.6,-17.1,-53.9,39.6,0.0,0.0,0.218,0
HRN-00026,Vehicle Horn,freesound,Good,,1.529,44100,-0.4,-15.9,-23.1,11.0,0.0,0.0,0.541,0
HRN-00027,Vehicle Horn,freesound,Good,,12.22,44100,-1.3,-17.3,-27.6,16.4,0.0,0.0,0.082,0
HRN-00028,Vehicle Horn,freesound,Good,,0.7,44100,0.6,-12.9,-55.1,49.7,0.0,0.00078,0.0,0
HRN-00029,Vehicle Horn,freesound,Poor,missing audio frames: 5 dropouts (2.69 s),7.731,96000,-1.9,-14.8,-45.9,35.1,0.0,0.0,0.385,5
HRN-00030,Vehicle Horn,freesound,Good,,2.914,44100,0.1,-19.0,-55.6,42.7,0.0,0.0,0.517,0
HRN-00031,Vehicle Horn,freesound,Good,,0.872,48000,-2.5,-17.8,-53.2,42.0,0.0,0.0,0.265,0
HRN-00032,Vehicle Horn,freesound,Good,,1.533,44100,-10.6,-23.3,-54.9,36.1,0.0,0.0,0.0,0
HRN-00033,Vehicle Horn,freesound,Good,,1.959,48000,-3.3,-14.6,-56.7,44.3,0.0,0.0,0.41,0
HRN-00034,Vehicle Horn,freesound,Good,,1.327,48000,-3.3,-14.2,-56.8,44.4,0.0,0.0,0.434,0
HRN-00035,Vehicle Horn,freesound,Good,,0.771,48000,-5.3,-17.2,-30.5,17.6,0.0,0.0,0.0,0
HRN-00036,Vehicle Horn,freesound,Good,,29.76,48000,-10.8,-29.3,-55.7,30.5,0.0,0.0,0.066,0
HRN-00037,Vehicle Horn,freesound,Good,,2.7,44100,-4.0,-16.8,-59.4,48.0,0.003,0.0,0.472,0
HRN-00038,Vehicle Horn,freesound,Good,,3.843,48000,-0.5,-28.8,-41.7,11.4,0.0,0.0,0.0,0
HRN-00039,Vehicle Horn,freesound,Good,,4.592,48000,-16.3,-36.5,-58.7,30.0,0.0,0.0,0.104,0
HRN-00040,Vehicle Horn,freesound,Good,,6.792,44100,-6.2,-27.8,-55.8,38.4,0.0,0.0,0.011,0
HRN-00041,Vehicle Horn,freesound,Good,,3.514,48000,-5.4,-23.3,-59.0,44.8,0.0,0.0,0.357,0
HRN-00042,Vehicle Horn,freesound,Good,,5.46,96000,-4.0,-23.3,-35.3,18.8,0.0,0.0,0.0,0
HRN-00043,Vehicle Horn,freesound,Good,,1.469,44100,-11.9,-24.4,-43.5,22.3,0.0,0.0,0.121,0
HRN-00044,Vehicle Horn,freesound,Good,,22.629,48000,-16.3,-28.5,-56.3,31.2,0.0,0.0,0.448,0
HRN-00045,Vehicle Horn,freesound,Good,,2.684,48000,-15.7,-27.8,-52.2,30.2,0.0,0.0,0.486,0
HRN-00046,Vehicle Horn,freesound,Good,,11.612,44100,-0.1,-23.2,-27.5,6.2,0.0,0.0,0.002,0
HRN-00047,Vehicle Horn,freesound,Good,,2.588,48000,-0.4,-17.3,-23.6,10.0,0.0,0.0,0.0,0
HRN-00048,Vehicle Horn,freesound,Good,,5.64,48000,0.1,-19.5,-31.2,19.4,0.0,0.0,0.004,0
HRN-00049,Vehicle Horn,freesound,Poor,silence: 98% of the recording is silent,20.659,44100,0.1,-12.2,-49.0,41.4,0.0,0.0,0.982,0
HRN-00050,Vehicle Horn,freesound,Good,,23.323,44100,-2.8,-13.8,-36.9,29.1,0.001,0.0,0.0,0
HRN-00051,Vehicle Horn,freesound,Good,,6.297,44100,-6.1,-25.0,-49.9,32.7,0.0,0.0,0.0,0
HRN-00052,Vehicle Horn,freesound,Good,,1.204,44100,-7.0,-31.1,-57.2,31.9,0.001,0.0,0.125,0
HRN-00053,Vehicle Horn,freesound,Good,,11.267,48000,-23.5,-38.7,-42.4,6.8,0.0,0.0,0.002,0
HRN-00054,Vehicle Horn,freesound,Good,,4.4,48000,-19.9,-36.8,-41.9,9.1,0.0,0.0,0.011,0
HRN-00055,Vehicle Horn,freesound,Good,,3.018,44100,-0.2,-23.7,-46.6,27.2,0.0,0.0,0.092,0
HRN-00056,Vehicle Horn,freesound,Good,,1.5,48000,-5.8,-19.0,-24.3,8.5,0.0,0.0,0.0,0
HRN-00057,Vehicle Horn,freesound,Good,,1.027,44100,-7.5,-23.5,-48.9,30.1,0.001,0.0,0.195,0
HRN-00058,Vehicle Horn,freesound,Good,,0.744,44100,-3.1,-14.5,-19.8,6.9,0.012,0.0,0.207,0
HRN-00059,Vehicle Horn,freesound,Good,,1.332,44100,-8.0,-22.0,-47.6,28.7,0.003,0.0,0.151,0
HRN-00060,Vehicle Horn,freesound,Good,,0.963,44100,-2.4,-17.4,-42.2,30.3,0.001,0.0,0.132,0
HRN-00061,Vehicle Horn,freesound,Good,,7.261,48000,0.0,-5.3,-40.5,37.1,0.0,7e-05,0.072,0
HRN-00062,Vehicle Horn,freesound,Good,,1.619,44100,-7.1,-20.8,-54.4,38.0,0.0,0.0,0.0,0
HRN-00063,Vehicle Horn,freesound,Good,,1.145,44100,-2.7,-17.6,-55.4,42.0,0.0,0.0,0.178,0
HRN-00064,Vehicle Horn,freesound,Good,,1.75,48000,-0.3,-11.4,-35.1,28.3,0.0,0.0,0.014,0
HRN-00065,Vehicle Horn,freesound,Good,,10.777,44100,-0.1,-14.7,-23.2,13.3,0.0,0.0,0.0,0
HRN-00066,Vehicle Horn,freesound,Good,,26.533,44100,0.1,-16.1,-32.1,20.7,0.0,2e-05,0.0,0
HRN-00067,Vehicle Horn,freesound,Good,,24.127,48000,0.2,-15.5,-18.8,7.2,0.0,1e-05,0.0,0
HRN-00068,Vehicle Horn,freesound,Good,,2.107,44100,-8.3,-21.2,-52.3,35.0,0.0,0.0,0.119,0
HRN-00069,Vehicle Horn,freesound,Good,,10.255,96000,-27.4,-46.8,-50.0,6.3,0.0,0.0,0.0,0
HRN-00070,Vehicle Horn,freesound,Acceptable,clipping: 0.13% of samples are clipped,15.772,44100,0.5,-14.6,-43.7,36.2,0.0,0.0013,0.0,0
HRN-00071,Vehicle Horn,freesound,Good,,0.801,48000,-10.2,-22.8,-52.6,34.6,0.0,0.0,0.0,0
HRN-00072,Vehicle Horn,freesound,Good,,8.275,48000,-12.8,-35.9,-56.7,30.5,0.0,0.0,0.0,0
HRN-00073,Vehicle Horn,freesound,Good,,1.168,48000,-13.3,-29.3,-53.6,31.3,0.0,0.0,0.0,0
HRN-00074,Vehicle Horn,freesound,Good,,6.5,48000,-20.2,-38.2,-58.2,25.8,0.0,0.0,0.304,0
HRN-00075,Vehicle Horn,freesound,Good,,0.934,44100,-3.7,-12.2,-15.0,6.2,0.001,0.0,0.0,0
HRN-00076,Vehicle Horn,freesound,Good,,7.229,44100,-15.9,-31.3,-59.1,34.6,0.006,0.0,0.557,0
HRN-00077,Vehicle Horn,freesound,Good,,6.924,44100,-0.7,-13.7,-59.7,51.6,0.05,0.0,0.805,0
HRN-00078,Vehicle Horn,freesound,Good,,19.122,48000,-12.8,-26.3,-37.9,15.6,0.0,0.0,0.0,0
HRN-00079,Vehicle Horn,freesound,Good,,16.425,48000,-11.0,-27.2,-45.7,25.2,0.0,0.0,0.0,0
HRN-00080,Vehicle Horn,freesound,Good,,26.84,96000,-8.4,-28.7,-34.7,10.4,0.0,0.0,0.0,0
HRN-00081,Vehicle Horn,freesound,Good,,8.945,48000,-0.3,-27.4,-39.0,18.9,0.0,0.0,0.109,0
HRN-00082,Vehicle Horn,freesound,Good,,5.676,48000,-3.2,-24.5,-52.7,30.5,0.0,0.0,0.013,0
HRN-00083,Vehicle Horn,freesound,Good,,1.3,96000,-10.7,-29.0,-48.8,25.1,0.0,0.0,0.0,0
HRN-00084,Vehicle Horn,freesound,Good,,19.499,48000,-0.1,-9.4,-12.0,4.9,0.0,0.0,0.017,0
HRN-00085,Vehicle Horn,freesound,Good,,2.727,44100,-4.9,-13.4,-34.9,25.0,0.064,0.0,0.706,0
HRN-00086,Vehicle Horn,freesound,Good,,1.299,44100,0.1,-9.9,-22.6,14.7,0.0,0.0,0.0,0
HRN-00087,Vehicle Horn,freesound,Good,,0.805,48000,-6.5,-20.7,-47.6,33.2,0.0,0.0,0.062,0
HRN-00088,Vehicle Horn,freesound,Acceptable,missing audio frames: 1 dropout (6.33 s),13.375,44100,-0.0,-17.6,-54.9,47.1,0.0,0.0,0.501,1
HRN-00089,Vehicle Horn,freesound,Good,,1.523,48000,-8.6,-24.7,-43.5,23.5,0.0,0.0,0.0,0
HRN-00090,Vehicle Horn,freesound,Good,,4.506,48000,-16.5,-28.6,-57.5,35.1,0.0,0.0,0.761,0
HRN-00091,Vehicle Horn,freesound,Acceptable,clipping: 0.60% of samples are clipped,1.0,44100,0.5,-9.2,-58.0,53.0,0.0,0.00599,0.425,0
HRN-00092,Vehicle Horn,freesound,Good,,20.246,48000,-0.1,-28.7,-50.0,29.1,0.0,0.0,0.048,0
HRN-00093,Vehicle Horn,freesound,Acceptable,clipping: 0.12% of samples are clipped,14.184,48000,0.3,-15.5,-26.7,17.0,0.0,0.00124,0.0,0
HRN-00094,Vehicle Horn,freesound,Good,,12.344,44100,-0.9,-19.5,-32.3,17.6,0.0,0.0,0.0,0
HRN-00095,Vehicle Horn,freesound,Good,,1.555,44100,-0.3,-18.1,-56.3,45.8,0.0,0.0,0.048,0
HRN-00096,Vehicle Horn,freesound,Good,,1.437,44100,-0.8,-17.7,-30.4,15.8,0.0,0.0,0.018,0
HRN-00097,Vehicle Horn,freesound,Good,,10.392,44100,-9.6,-26.3,-36.1,14.6,0.0,0.0,0.012,0
HRN-00098,Vehicle Horn,freesound,Good,,5.181,48000,-3.6,-21.3,-46.8,32.0,0.002,0.0,0.333,0
HRN-00099,Vehicle Horn,freesound,Good,,5.503,48000,-1.3,-27.7,-40.4,12.1,0.0,0.0,0.0,0
HRN-00100,Vehicle Horn,freesound,Good,,0.738,48000,-0.5,-18.1,-47.6,36.1,0.0,0.0,0.034,0
HRN-00101,Vehicle Horn,freesound,Good,,0.564,48000,-1.8,-15.6,-50.4,40.6,0.0,0.0,0.091,0
HRN-00102,Vehicle Horn,freesound,Good,,0.609,48000,-0.6,-21.9,-49.5,34.7,0.0,0.0,0.125,0
HRN-00103,Vehicle Horn,freesound,Good,,9.899,48000,-2.1,-24.3,-40.1,22.8,0.0,0.0,0.003,0
HRN-00104,Vehicle Horn,freesound,Good,,0.857,44100,-12.3,-28.4,-55.1,29.4,0.004,0.0,0.559,0
HRN-00105,Vehicle Horn,freesound,Acceptable,low signal strength: active level -51 dBFS,4.741,44100,-31.3,-50.9,-58.6,15.0,0.001,0.0,0.386,0
HRN-00106,Vehicle Horn,freesound,Good,,5.571,44100,1.5,-12.1,-12.4,0.7,0.01,0.0,0.144,0
HRN-00107,Vehicle Horn,freesound,Good,,7.578,44100,0.4,-12.1,-30.7,23.1,0.001,1e-05,0.026,0
HRN-00108,Vehicle Horn,freesound,Good,,1.602,44100,-8.3,-20.0,-21.4,2.9,0.0,0.0,0.0,0
HRN-00109,Vehicle Horn,freesound,Good,,2.496,48000,-2.0,-19.3,-22.9,6.9,0.0,0.0,0.02,0
HRN-00110,Vehicle Horn,freesound,Good,,6.404,44100,-0.9,-16.9,-19.7,4.7,0.0,0.0,0.0,0
HRN-00111,Vehicle Horn,fsd50k,Good,,6.097,44100,-0.3,-12.7,-20.3,12.3,0.0,0.0,0.0,0
HRN-00112,Vehicle Horn,fsd50k,Good,,5.0,44100,-4.7,-18.1,-24.0,9.7,0.001,0.0,0.0,0
HRN-00113,Vehicle Horn,fsd50k,Good,,1.356,44100,-9.6,-22.2,-58.5,41.5,0.001,0.0,0.796,0
HRN-00114,Vehicle Horn,fsd50k,Good,,0.409,44100,-6.6,-27.1,-39.8,19.6,0.0,0.0,0.0,0
HRN-00115,Vehicle Horn,fsd50k,Good,,3.399,44100,-7.8,-25.7,-37.4,17.1,0.0,0.0,0.015,0
HRN-00116,Vehicle Horn,fsd50k,Good,,2.859,44100,-9.6,-27.5,-38.0,16.0,0.0,0.0,0.009,0
HRN-00117,Vehicle Horn,fsd50k,Good,,3.724,44100,-19.2,-33.2,-45.5,17.2,0.0,0.0,0.02,0
HRN-00118,Vehicle Horn,fsd50k,Good,,1.0,44100,-12.5,-29.5,-45.9,24.7,0.0,0.0,0.0,0
HRN-00119,Vehicle Horn,fsd50k,Good,,2.628,44100,-6.8,-26.2,-43.0,25.6,0.0,0.0,0.01,0
HRN-00120,Vehicle Horn,fsd50k,Good,,2.282,44100,-8.0,-26.0,-46.4,28.0,0.002,0.0,0.0,0
HRN-00121,Vehicle Horn,fsd50k,Good,,2.569,44100,-16.8,-34.2,-45.4,17.3,0.001,0.0,0.0,0
HRN-00122,Vehicle Horn,fsd50k,Good,,1.925,44100,0.0,-15.1,-50.7,43.0,0.001,0.00079,0.0,0
HRN-00123,Vehicle Horn,fsd50k,Good,,12.76,44100,-10.4,-26.0,-30.6,9.3,0.001,0.0,0.0,0
HRN-00124,Vehicle Horn,fsd50k,Good,,25.64,44100,-18.2,-34.9,-37.7,5.8,0.001,0.0,0.0,0
HRN-00125,Vehicle Horn,fsd50k,Good,,3.648,44100,-15.5,-27.9,-29.6,4.3,0.0,0.0,0.0,0
HRN-00126,Vehicle Horn,fsd50k,Poor,clipping: 4.6% of samples are clipped,20.12,44100,0.0,-10.6,-34.5,32.0,0.0,0.04585,0.002,0
HRN-00127,Vehicle Horn,fsd50k,Acceptable,clipping: 0.99% of samples are clipped,1.509,44100,0.0,-12.4,-47.1,41.0,0.018,0.0099,0.55,0
HRN-00128,Vehicle Horn,fsd50k,Good,,21.602,44100,-1.8,-24.6,-51.9,35.3,0.0,0.0,0.089,0
HRN-00129,Vehicle Horn,fsd50k,Good,,26.406,44100,-1.7,-15.8,-45.8,35.8,0.001,0.0,0.021,0
HRN-00130,Vehicle Horn,fsd50k,Good,,17.533,44100,-6.9,-23.8,-56.2,38.7,0.001,0.0,0.053,0
HRN-00131,Vehicle Horn,fsd50k,Good,,11.124,44100,-2.5,-26.8,-33.8,10.5,0.004,0.0,0.0,0
HRN-00132,Vehicle Horn,fsd50k,Good,,9.476,44100,-11.3,-35.8,-47.0,13.9,0.001,0.0,0.0,0
HRN-00133,Vehicle Horn,fsd50k,Acceptable,missing audio frames: 1 dropout (0.33 s),0.819,44100,-3.6,-10.0,-13.5,4.3,0.0,0.0,0.406,1
HRN-00134,Vehicle Horn,fsd50k,Good,,15.831,44100,-1.7,-22.0,-55.5,40.6,0.0,0.0,0.0,0
HRN-00135,Vehicle Horn,fsd50k,Good,,17.989,44100,-5.0,-19.1,-53.7,38.5,0.001,0.0,0.374,0
HRN-00136,Vehicle Horn,fsd50k,Poor,low signal strength: active level -58 dBFS,19.126,44100,-45.9,-57.9,-59.6,4.4,0.007,0.0,0.756,0
HRN-00137,Vehicle Horn,fsd50k,Good,,2.0,44100,-0.0,-14.5,-28.5,18.9,0.0,0.00036,0.35,0
HRN-00138,Vehicle Horn,fsd50k,Good,,1.301,44100,-17.8,-33.1,-37.4,8.7,0.001,0.0,0.0,0
HRN-00139,Vehicle Horn,fsd50k,Good,,1.235,44100,-5.0,-20.2,-37.8,26.3,0.001,0.0,0.0,0
HRN-00140,Vehicle Horn,fsd50k,Good,,9.348,44100,-4.1,-23.1,-40.4,20.4,0.001,0.0,0.503,0
HRN-00141,Vehicle Horn,fsd50k,Good,,3.654,44100,-11.6,-29.0,-59.3,37.6,0.001,0.0,0.267,0
HRN-00142,Vehicle Horn,fsd50k,Good,,20.657,44100,-9.5,-47.9,-50.5,6.4,0.022,0.0,0.0,0
HRN-00143,Vehicle Horn,fsd50k,Good,,0.851,44100,-3.8,-18.5,-43.5,30.1,0.001,0.0,0.0,0
HRN-00144,Vehicle Horn,fsd50k,Good,,25.261,44100,-2.3,-23.7,-40.8,25.1,0.002,0.0,0.005,0
HRN-00145,Vehicle Horn,fsd50k,Good,,0.75,44100,-5.7,-18.1,-48.0,36.0,0.002,0.0,0.069,0
HRN-00146,Vehicle Horn,fsd50k,Good,,19.749,44100,0.0,-11.3,-46.3,41.7,0.001,2e-05,0.527,0
HRN-00147,Vehicle Horn,fsd50k,Good,,1.589,44100,-14.0,-22.6,-53.4,32.6,0.0,0.0,0.095,0
HRN-00148,Vehicle Horn,fsd50k,Good,,0.357,44100,-13.5,-26.1,-43.0,20.7,0.001,0.0,0.0,0
HRN-00149,Vehicle Horn,fsd50k,Good,,4.745,44100,-11.5,-28.3,-44.6,23.2,0.0,0.0,0.0,0
HRN-00150,Vehicle Horn,fsd50k,Good,,19.435,44100,-11.2,-31.8,-35.8,8.0,0.0,0.0,0.0,0
HRN-00151,Vehicle Horn,fsd50k,Good,,8.167,44100,-3.8,-17.7,-46.1,32.7,0.003,0.0,0.322,0
HRN-00152,Vehicle Horn,fsd50k,Good,,0.625,44100,-2.4,-13.9,-36.7,27.5,0.0,0.0,0.0,0
HRN-00153,Vehicle Horn,fsd50k,Good,,1.829,44100,-8.6,-20.8,-31.1,13.8,0.0,0.0,0.0,0
HRN-00154,Vehicle Horn,fsd50k,Good,,16.509,44100,-1.1,-26.2,-46.7,27.3,0.011,0.0,0.014,0
HRN-00155,Vehicle Horn,fsd50k,Good,,4.858,44100,-13.7,-34.3,-57.8,32.7,0.005,0.0,0.005,0
HRN-00156,Vehicle Horn,fsd50k,Good,,13.04,44100,-0.4,-21.1,-44.3,29.4,0.0,0.0,0.0,0
HRN-00157,Vehicle Horn,fsd50k,Good,,20.598,44100,-26.6,-47.0,-59.6,20.7,0.002,0.0,0.322,0
HRN-00158,Vehicle Horn,fsd50k,Good,,18.612,44100,-0.0,-13.4,-46.2,37.6,0.0,0.0,0.0,0
HRN-00159,Vehicle Horn,fsd50k,Acceptable,clipping: 0.35% of samples are clipped,7.905,44100,-0.0,-15.8,-32.0,23.4,0.002,0.00351,0.0,0
HRN-00160,Vehicle Horn,fsd50k,Acceptable,missing audio frames: 1 dropout (13.75 s),15.633,44100,-1.8,-14.8,-42.1,32.1,0.002,0.0,0.878,1
HRN-00161,Vehicle Horn,fsd50k,Good,,8.704,44100,-16.3,-34.7,-43.2,14.1,0.001,0.0,0.0,0
HRN-00162,Vehicle Horn,fsd50k,Good,,9.704,44100,-16.3,-34.9,-43.3,14.1,0.001,0.0,0.0,0
HRN-00163,Vehicle Horn,fsd50k,Good,,29.148,44100,-6.7,-35.1,-41.7,9.8,0.0,0.0,0.003,0
HRN-00164,Vehicle Horn,fsd50k,Good,,29.257,44100,0.0,-18.5,-27.2,14.4,0.0,0.0,0.001,0
HRN-00165,Vehicle Horn,fsd50k,Good,,2.5,44100,0.0,-15.3,-58.2,48.1,0.006,0.0,0.58,0
HRN-00166,Vehicle Horn,fsd50k,Good,,12.84,44100,-1.1,-18.3,-25.0,12.4,0.0,0.0,0.0,0
HRN-00167,Vehicle Horn,fsd50k,Good,,30.0,44100,-16.2,-35.8,-42.8,11.4,0.001,0.0,0.043,0
HRN-00168,Vehicle Horn,fsd50k,Good,,27.067,44100,-11.3,-29.4,-33.3,7.0,0.0,0.0,0.004,0
HRN-00169,Vehicle Horn,fsd50k,Good,,3.76,44100,-10.0,-26.5,-35.3,13.9,0.001,0.0,0.0,0
HRN-00170,Vehicle Horn,fsd50k,Good,,4.512,44100,-24.5,-43.2,-59.4,22.8,0.0,0.0,0.489,0
HRN-00171,Vehicle Horn,fsd50k,Good,,1.25,44100,-1.0,-7.5,-7.6,0.4,0.006,0.0,0.0,0
HRN-00172,Vehicle Horn,urbansound8k,Good,,0.31,96000,-0.0,-12.3,-50.4,44.6,0.0,0.0005,0.0,0
HRN-00173,Vehicle Horn,urbansound8k,Acceptable,clipping: 0.30% of samples are clipped,0.796,48000,0.0,-13.0,-34.4,27.6,0.0,0.00301,0.0,0
HRN-00174,Vehicle Horn,urbansound8k,Good,,0.346,48000,-12.6,-27.1,-41.8,19.6,0.001,0.0,0.0,0
HRN-00175,Vehicle Horn,urbansound8k,Good,,0.54,48000,-3.0,-18.6,-38.0,25.4,0.0,0.0,0.0,0
HRN-00176,Vehicle Horn,urbansound8k,Good,,4.0,44100,-5.0,-23.8,-28.6,8.5,0.0,0.0,0.0,0
HRN-00177,Vehicle Horn,urbansound8k,Good,,1.05,44100,-16.3,-29.7,-32.3,4.7,0.0,0.0,0.0,0
HRN-00178,Vehicle Horn,urbansound8k,Good,,4.0,44100,0.0,-17.3,-30.2,17.6,0.001,0.0,0.0,0
HRN-00179,Vehicle Horn,urbansound8k,Acceptable,low signal strength: active level -51 dBFS,0.366,48000,-39.8,-51.2,-55.1,6.6,0.002,0.0,0.0,0
HRN-00180,Vehicle Horn,urbansound8k,Good,,2.2,44100,-12.6,-37.2,-40.6,6.3,0.004,0.0,0.0,0
HRN-00181,Vehicle Horn,urbansound8k,Good,,0.438,96000,-19.6,-31.4,-50.6,23.9,0.0,0.0,0.0,0
HRN-00182,Vehicle Horn,urbansound8k,Good,,3.21,16000,-10.7,-27.4,-35.2,13.0,0.001,0.0,0.008,0
HRN-00183,Vehicle Horn,urbansound8k,Good,,0.817,48000,-12.6,-27.5,-37.7,13.4,0.0,0.0,0.0,0
HRN-00184,Vehicle Horn,urbansound8k,Good,,1.33,48000,-15.6,-28.5,-39.0,14.2,0.0,0.0,0.0,0
HRN-00185,Vehicle Horn,urbansound8k,Good,,0.436,44100,-0.5,-17.7,-24.4,11.0,0.022,0.0,0.0,0
HRN-00186,Vehicle Horn,urbansound8k,Good,,4.0,44100,-1.8,-13.8,-15.5,3.5,0.0,0.0,0.0,0
HRN-00187,Vehicle Horn,urbansound8k,Good,,1.32,44100,-21.8,-33.2,-35.1,3.5,0.002,0.0,0.0,0
HRN-00188,Vehicle Horn,urbansound8k,Good,,0.548,48000,-9.7,-21.1,-29.8,10.6,0.0,0.0,0.0,0
HRN-00189,Vehicle Horn,urbansound8k,Poor,clipping: 19.6% of samples are clipped,1.12,96000,0.0,-3.2,-12.7,10.2,0.002,0.19594,0.0,0
HRN-00190,Vehicle Horn,urbansound8k,Good,,1.699,96000,-18.3,-30.8,-33.6,6.1,0.0,0.0,0.0,0
HRN-00191,Vehicle Horn,urbansound8k,Good,,1.336,96000,-8.2,-25.1,-32.3,9.5,0.001,0.0,0.0,0
HRN-00192,Vehicle Horn,urbansound8k,Good,,2.168,44100,-4.7,-18.2,-19.7,3.0,0.0,0.0,0.0,0
HRN-00193,Vehicle Horn,urbansound8k,Good,,0.63,48000,-19.3,-33.3,-35.3,3.9,0.0,0.0,0.0,0
HRN-00194,Vehicle Horn,urbansound8k,Good,,2.548,48000,-9.2,-22.8,-26.7,7.3,0.0,0.0,0.01,0
HRN-00195,Vehicle Horn,urbansound8k,Good,,0.42,44100,-11.7,-25.8,-26.7,2.6,0.0,0.0,0.0,0
HRN-00196,Vehicle Horn,urbansound8k,Good,,0.885,44100,-7.3,-24.8,-37.3,18.7,0.003,0.0,0.0,0
HRN-00197,Vehicle Horn,urbansound8k,Good,,0.93,44100,-9.3,-24.2,-26.0,3.8,0.0,0.0,0.027,0
HRN-00198,Vehicle Horn,urbansound8k,Good,,4.0,48000,-4.9,-22.2,-26.5,8.3,0.0,0.0,0.0,0
HRN-00199,Vehicle Horn,urbansound8k,Good,,1.09,48000,-11.0,-27.6,-42.1,19.6,0.001,0.0,0.0,0
HRN-00200,Vehicle Horn,urbansound8k,Good,,0.498,44100,-7.8,-19.7,-23.2,6.1,0.0,0.0,0.0,0
HRN-00201,Vehicle Horn,urbansound8k,Good,,1.747,44100,-0.0,-13.5,-16.5,5.4,0.001,2e-05,0.0,0
HRN-00202,Vehicle Horn,urbansound8k,Good,,3.746,44100,-11.2,-26.1,-38.4,17.7,0.0,0.0,0.0,0
HRN-00203,Vehicle Horn,urbansound8k,Good,,0.75,44100,-11.3,-23.8,-25.1,2.4,0.001,0.0,0.0,0
HRN-00204,Vehicle Horn,urbansound8k,Good,,0.867,48000,-15.5,-28.2,-45.2,21.4,0.0,0.0,0.0,0
HRN-00205,Vehicle Horn,urbansound8k,Good,,1.13,48000,-4.1,-18.7,-31.0,14.3,0.0,0.0,0.0,0
HRN-00206,Vehicle Horn,urbansound8k,Good,,0.438,44100,-0.0,-18.8,-27.9,13.7,0.0,0.0,0.0,0
HRN-00207,Vehicle Horn,urbansound8k,Good,,4.0,44100,-0.5,-16.3,-20.6,6.8,0.0,0.0,0.0,0
HRN-00208,Vehicle Horn,urbansound8k,Good,,0.897,48000,-1.9,-12.7,-20.1,9.4,0.0,0.0,0.0,0
HRN-00209,Vehicle Horn,urbansound8k,Good,,0.598,48000,-8.7,-23.7,-25.1,2.9,0.001,0.0,0.0,0
HRN-00210,Vehicle Horn,urbansound8k,Good,,0.33,44100,-0.0,-16.4,-31.5,20.8,0.0,0.0,0.0,0
HRN-00211,Vehicle Horn,esc50,Good,,5.0,44100,-5.4,-21.5,-37.9,23.1,0.001,0.0,0.575,0
HRN-00212,Vehicle Horn,freesound,Good,,3.84,16000,-5.4,-20.4,-23.6,7.6,0.007,0.0,0.0,0
HRN-00213,Vehicle Horn,freesound,Good,,3.219,44100,0.0,-14.3,-17.7,6.2,0.0,0.0,0.0,0
HRN-00214,Vehicle Horn,freesound,Good,,0.743,44100,-13.5,-27.7,-54.7,32.6,0.0,0.0,0.103,0
HRN-00215,Vehicle Horn,freesound,Good,,2.972,44100,-0.0,-20.9,-54.5,39.6,0.001,0.0,0.314,0
HRN-00216,Vehicle Horn,freesound,Good,,8.223,48000,-0.1,-11.6,-35.8,28.2,0.0,0.0,0.034,0
HRN-00217,Vehicle Horn,freesound,Good,,2.992,44100,-3.3,-19.4,-24.3,10.5,0.0,0.0,0.025,0
HRN-00218,Vehicle Horn,freesound,Good,,15.302,44100,-0.9,-23.9,-25.9,6.2,0.009,0.0,0.0,0
HRN-00219,Vehicle Horn,freesound,Good,,3.808,96000,-13.4,-31.7,-58.9,37.1,0.0,0.0,0.125,0
HRN-00220,Vehicle Horn,freesound,Acceptable,missing audio frames: 1 dropout (0.26 s),8.716,48000,-0.1,-13.0,-58.7,48.6,0.0,0.0,0.213,1
HRN-00221,Vehicle Horn,freesound,Good,,25.303,44100,-0.0,-15.4,-24.1,13.7,0.0,0.0,0.0,0
HRN-00222,Vehicle Horn,freesound,Acceptable,low signal strength: active level -50 dBFS,5.894,22050,-28.9,-50.1,-59.5,17.6,0.025,0.0,0.204,0
HRN-00223,Vehicle Horn,freesound,Acceptable,clipping: 0.16% of samples are clipped; missing audio frames: 1 dropout (0.23 s),3.744,44100,0.6,-6.9,-8.2,2.0,0.001,0.00161,0.899,1
HRN-00224,Vehicle Horn,freesound,Acceptable,clipping: 0.98% of samples are clipped,1.811,48000,1.2,-4.5,-39.7,36.5,0.0,0.00978,0.056,0
HRN-00225,Vehicle Horn,freesound,Good,,23.161,48000,-0.2,-13.4,-16.7,6.8,0.0,0.0,0.0,0
HRN-00226,Vehicle Horn,freesound,Good,,0.517,48000,-26.3,-38.2,-52.6,17.6,0.0,0.0,0.05,0
HRN-00227,Vehicle Horn,freesound,Good,,11.52,48000,-9.0,-21.2,-38.7,20.4,0.0,0.0,0.691,0
HRN-00228,Vehicle Horn,freesound,Good,,10.325,48000,-8.2,-35.0,-59.0,25.2,0.0,0.0,0.097,0
HRN-00229,Vehicle Horn,fsd50k,Good,,1.435,44100,-4.8,-16.9,-24.8,10.3,0.006,0.0,0.0,0
HRN-00230,Vehicle Horn,fsd50k,Acceptable,missing audio frames: 1 dropout (0.39 s),2.465,44100,-9.0,-17.9,-41.6,24.9,0.0,0.0,0.49,1
HRN-00231,Vehicle Horn,fsd50k,Good,,3.13,44100,-4.9,-20.0,-33.4,21.1,0.0,0.0,0.0,0
HRN-00232,Vehicle Horn,fsd50k,Good,,2.97,44100,-12.8,-26.7,-40.8,18.7,0.0,0.0,0.008,0
HRN-00233,Vehicle Horn,fsd50k,Good,,12.774,44100,-0.5,-21.0,-26.4,9.4,0.0,0.0,0.01,0
HRN-00234,Vehicle Horn,fsd50k,Good,,13.817,44100,-1.9,-38.3,-39.6,3.3,0.011,0.0,0.0,0
HRN-00235,Vehicle Horn,fsd50k,Good,,1.759,44100,-3.3,-21.7,-48.8,35.9,0.002,0.0,0.0,0
HRN-00236,Vehicle Horn,fsd50k,Good,,0.71,44100,-5.3,-15.2,-31.7,18.9,0.067,0.0,0.0,0
HRN-00237,Vehicle Horn,fsd50k,Good,,6.949,44100,-3.2,-15.0,-50.0,39.1,0.003,0.0,0.849,0
HRN-00238,Vehicle Horn,fsd50k,Good,,6.13,44100,-5.8,-21.0,-54.1,42.2,0.007,0.0,0.0,0
HRN-00239,Vehicle Horn,fsd50k,Good,,0.654,44100,-3.4,-23.3,-33.1,16.8,0.0,0.0,0.0,0
HRN-00240,Vehicle Horn,fsd50k,Good,,4.738,44100,-3.0,-28.4,-49.2,19.7,0.0,0.0,0.0,0
HRN-00241,Vehicle Horn,fsd50k,Good,,5.611,44100,-8.4,-26.5,-50.4,34.1,0.0,0.0,0.0,0
HRN-00242,Vehicle Horn,fsd50k,Good,,13.931,44100,-9.0,-31.2,-40.2,15.4,0.0,0.0,0.0,0
HRN-00243,Vehicle Horn,fsd50k,Good,,9.036,44100,-1.6,-24.7,-34.6,15.2,0.0,0.0,0.0,0
HRN-00244,Vehicle Horn,fsd50k,Good,,21.065,44100,0.0,-21.6,-35.2,18.9,0.001,0.00024,0.005,0
HRN-00245,Vehicle Horn,urbansound8k,Good,,4.0,44100,-22.3,-35.0,-39.3,8.2,0.001,0.0,0.0,0
HRN-00246,Vehicle Horn,urbansound8k,Good,,1.099,44100,-1.0,-19.2,-24.8,8.5,0.001,0.0,0.0,0
HRN-00247,Vehicle Horn,urbansound8k,Acceptable,clipping: 0.34% of samples are clipped,1.978,48000,0.0,-10.0,-15.0,7.8,0.001,0.00338,0.0,0
HRN-00248,Vehicle Horn,urbansound8k,Good,,0.3,44100,-9.5,-22.2,-27.0,8.3,0.0,0.0,0.0,0
HRN-00249,Vehicle Horn,urbansound8k,Good,,4.0,44100,-0.0,-16.2,-20.7,8.8,0.0,0.00019,0.0,0
HRN-00250,Vehicle Horn,urbansound8k,Good,,4.0,44100,-4.1,-23.3,-28.3,9.5,0.0,0.0,0.0,0
HRN-00251,Vehicle Horn,urbansound8k,Good,,0.6,48000,-12.1,-28.0,-29.6,3.1,0.0,0.0,0.0,0
HRN-00252,Vehicle Horn,urbansound8k,Good,,4.0,48000,-12.2,-25.6,-27.2,3.2,0.001,0.0,0.0,0
HRN-00253,Vehicle Horn,urbansound8k,Good,,3.75,44100,-11.2,-27.3,-31.4,7.6,0.001,0.0,0.0,0
HRN-00254,Vehicle Horn,urbansound8k,Good,,0.678,44100,-9.3,-23.4,-27.0,6.3,0.015,0.0,0.0,0
HRN-00255,Vehicle Horn,urbansound8k,Good,,4.0,44100,-4.2,-15.6,-16.1,1.0,0.004,0.0,0.0,0
HRN-00256,Vehicle Horn,esc50,Good,,5.0,44100,-2.5,-14.6,-19.9,7.6,0.0,0.0,0.635,0
HRN-00257,Vehicle Horn,freesound,Good,,3.587,44100,-6.9,-21.4,-23.6,5.5,0.0,0.0,0.0,0
HRN-00258,Vehicle Horn,freesound,Good,,2.513,48000,-8.7,-19.4,-58.5,42.8,0.001,0.0,0.51,0
HRN-00259,Vehicle Horn,freesound,Good,,0.919,48000,-19.8,-36.5,-52.0,23.3,0.0,0.0,0.0,0
HRN-00260,Vehicle Horn,freesound,Good,,14.325,48000,-0.4,-11.8,-56.0,47.9,0.0,0.0,0.578,0
HRN-00261,Vehicle Horn,freesound,Good,,10.373,48000,-5.7,-23.8,-52.2,35.7,0.0,0.0,0.0,0
HRN-00262,Vehicle Horn,freesound,Good,,3.775,44100,0.3,-9.0,-26.9,21.0,0.0,0.00015,0.007,0
HRN-00263,Vehicle Horn,freesound,Good,,7.027,48000,-3.2,-12.7,-13.0,0.8,0.0,0.0,0.082,0
HRN-00264,Vehicle Horn,freesound,Good,,10.497,48000,-9.3,-28.1,-53.2,30.6,0.0,0.0,0.072,0
HRN-00265,Vehicle Horn,freesound,Good,,7.885,48000,-14.9,-30.6,-57.0,33.9,0.0,0.0,0.013,0
HRN-00266,Vehicle Horn,freesound,Good,,5.78,48000,-16.1,-27.6,-52.4,28.2,0.001,0.0,0.584,0
HRN-00267,Vehicle Horn,freesound,Good,,11.953,48000,-16.0,-28.5,-50.2,26.3,0.002,0.0,0.623,0
HRN-00268,Vehicle Horn,freesound,Good,,15.793,48000,-0.2,-23.0,-25.7,5.3,0.0,0.0,0.0,0
HRN-00269,Vehicle Horn,freesound,Good,,3.943,48000,-8.9,-23.3,-57.6,39.5,0.0,0.0,0.478,0
HRN-00270,Vehicle Horn,fsd50k,Good,,4.367,44100,-1.1,-17.1,-22.8,12.7,0.0,0.0,0.0,0
HRN-00271,Vehicle Horn,fsd50k,Good,,8.465,44100,-28.8,-43.9,-49.0,8.8,0.003,0.0,0.0,0
HRN-00272,Vehicle Horn,fsd50k,Good,,5.325,44100,-4.6,-19.2,-23.9,7.8,0.0,0.0,0.0,0
HRN-00273,Vehicle Horn,fsd50k,Good,,16.384,44100,-12.3,-33.0,-42.1,12.6,0.0,0.0,0.05,0
HRN-00274,Vehicle Horn,fsd50k,Good,,6.417,44100,-13.9,-29.2,-43.3,20.7,0.001,0.0,0.0,0
HRN-00275,Vehicle Horn,fsd50k,Good,,28.48,44100,-8.5,-29.4,-32.1,5.2,0.001,0.0,0.0,0
HRN-00276,Vehicle Horn,fsd50k,Good,,17.58,44100,-3.1,-25.9,-35.7,14.1,0.001,0.0,0.001,0
HRN-00277,Vehicle Horn,fsd50k,Good,,0.483,44100,-0.7,-10.9,-25.0,19.0,0.001,0.0,0.0,0
HRN-00278,Vehicle Horn,fsd50k,Good,,0.782,44100,-1.2,-11.8,-26.3,19.1,0.0,0.0,0.0,0
HRN-00279,Vehicle Horn,fsd50k,Good,,0.56,44100,-7.8,-24.3,-49.5,31.7,0.001,0.0,0.0,0
HRN-00280,Vehicle Horn,fsd50k,Good,,0.815,44100,-12.8,-28.8,-51.6,29.2,0.003,0.0,0.188,0
HRN-00281,Vehicle Horn,fsd50k,Good,,2.4,44100,-6.8,-17.9,-23.6,10.0,0.001,0.0,0.0,0
HRN-00282,Vehicle Horn,fsd50k,Good,,4.415,44100,0.0,-18.2,-34.1,21.5,0.0,0.0,0.006,0
HRN-00283,Vehicle Horn,fsd50k,Good,,9.221,44100,-2.8,-24.3,-32.9,14.9,0.001,0.0,0.005,0
HRN-00284,Vehicle Horn,fsd50k,Good,,5.486,44100,-3.1,-30.1,-43.0,17.9,0.0,0.0,0.009,0
HRN-00285,Vehicle Horn,fsd50k,Good,,10.269,44100,-1.7,-23.4,-54.5,37.9,0.088,0.0,0.683,0
HRN-00286,Vehicle Horn,fsd50k,Good,,16.998,44100,-2.3,-14.1,-25.9,16.6,0.0,0.0,0.001,0
HRN-00287,Vehicle Horn,fsd50k,Acceptable,missing audio frames: 1 dropout (0.72 s),5.902,44100,-11.8,-22.4,-48.0,28.2,0.0,0.0,0.614,1
HRN-00288,Vehicle Horn,urbansound8k,Good,,0.66,44100,-16.0,-31.7,-38.0,10.6,0.0,0.0,0.0,0
HRN-00289,Vehicle Horn,urbansound8k,Good,,0.86,44100,-11.4,-26.4,-32.9,11.3,0.0,0.0,0.0,0
HRN-00290,Vehicle Horn,urbansound8k,Good,,0.48,48000,-3.2,-17.7,-21.3,5.3,0.011,0.0,0.0,0
HRN-00291,Vehicle Horn,urbansound8k,Good,,1.16,44100,-0.0,-10.4,-34.2,27.0,0.0,0.0,0.0,0
HRN-00292,Vehicle Horn,urbansound8k,Good,,1.81,48000,-2.8,-24.7,-53.6,38.2,0.0,0.0,0.042,0
HRN-00293,Vehicle Horn,urbansound8k,Good,,4.0,44100,-5.6,-25.9,-28.6,5.6,0.0,0.0,0.0,0
HRN-00294,Vehicle Horn,urbansound8k,Good,,0.305,44100,-3.8,-19.6,-28.6,14.3,0.0,0.0,0.0,0
HRN-00295,Vehicle Horn,urbansound8k,Good,,1.838,44100,-20.8,-33.4,-36.2,5.4,0.001,0.0,0.0,0
HRN-00296,Vehicle Horn,urbansound8k,Acceptable,low signal strength: active level -55 dBFS,0.85,48000,-40.9,-54.6,-57.6,5.3,0.032,0.0,0.0,0
HRN-00297,Vehicle Horn,urbansound8k,Good,,1.16,44100,-20.3,-33.5,-35.1,3.4,0.0,0.0,0.0,0
HRN-00298,Vehicle Horn,urbansound8k,Good,,3.506,44100,-10.2,-36.5,-44.2,15.1,0.001,0.0,0.0,0
HRN-00299,Vehicle Horn,urbansound8k,Good,,0.829,44100,-5.2,-20.6,-28.6,11.4,0.0,0.0,0.0,0
HRN-00300,Vehicle Horn,urbansound8k,Good,,0.39,44100,-0.0,-13.7,-29.5,20.2,0.0,0.0,0.0,0
ANM-00001,Animal Sound,esc50,Good,,5.0,44100,-3.3,-19.0,-50.0,37.7,0.0,0.0,0.905,0
ANM-00002,Animal Sound,esc50,Good,,5.0,44100,-20.2,-39.1,-49.1,15.9,0.0,0.0,0.0,0
ANM-00003,Animal Sound,esc50,Good,,5.0,44100,-0.8,-21.3,-53.3,40.3,0.004,0.0,0.0,0
ANM-00004,Animal Sound,esc50,Good,,5.0,44100,-4.0,-25.1,-37.5,19.2,0.005,0.0,0.0,0
ANM-00005,Animal Sound,esc50,Good,,5.0,44100,-2.2,-14.4,-42.3,34.2,0.0,0.0,0.0,0
ANM-00006,Animal Sound,esc50,Acceptable,clipping: 0.11% of samples are clipped,5.0,44100,0.0,-19.5,-29.5,16.7,0.0,0.00109,0.0,0
ANM-00007,Animal Sound,esc50,Good,,5.0,44100,-5.8,-22.0,-33.4,17.7,0.001,0.0,0.0,0
ANM-00008,Animal Sound,esc50,Good,,5.0,44100,-4.2,-27.3,-36.8,16.5,0.001,0.0,0.0,0
ANM-00009,Animal Sound,esc50,Good,,5.0,44100,0.0,-15.0,-37.1,27.9,0.001,8e-05,0.0,0
ANM-00010,Animal Sound,esc50,Good,,5.0,44100,-2.2,-14.6,-39.7,28.6,0.0,0.0,0.51,0
ANM-00011,Animal Sound,esc50,Acceptable,missing audio frames: 1 dropout (0.02 s),5.0,44100,-0.2,-17.1,-45.4,31.6,0.0,0.0,0.43,1
ANM-00012,Animal Sound,esc50,Good,,5.0,44100,-7.6,-20.7,-31.7,16.3,0.0,0.0,0.625,0
ANM-00013,Animal Sound,esc50,Good,,5.0,44100,-6.2,-24.1,-44.3,25.4,0.0,0.0,0.0,0
ANM-00014,Animal Sound,esc50,Good,,5.0,44100,-8.7,-26.4,-41.4,21.0,0.0,0.0,0.28,0
ANM-00015,Animal Sound,esc50,Good,,5.0,44100,-8.3,-23.9,-47.5,28.2,0.0,0.0,0.315,0
ANM-00016,Animal Sound,esc50,Good,,5.0,44100,0.0,-22.0,-31.5,12.8,0.0,0.00065,0.0,0
ANM-00017,Animal Sound,esc50,Good,,5.0,44100,0.0,-20.0,-41.1,29.2,0.0,4e-05,0.0,0
ANM-00018,Animal Sound,esc50,Good,,5.0,44100,-0.8,-11.4,-16.4,8.5,0.0,0.0,0.0,0
ANM-00019,Animal Sound,esc50,Good,,5.0,44100,-0.7,-18.3,-51.6,40.3,0.0,0.0,0.195,0
ANM-00020,Animal Sound,esc50,Good,,5.0,44100,-4.6,-20.5,-29.4,13.5,0.002,0.0,0.0,0
ANM-00021,Animal Sound,esc50,Good,,5.0,44100,-0.8,-16.9,-32.2,22.1,0.001,0.0,0.0,0
ANM-00022,Animal Sound,esc50,Good,,5.0,44100,-2.9,-22.0,-31.0,14.8,0.0,0.0,0.0,0
ANM-00023,Animal Sound,esc50,Poor,clipping: 1.3% of samples are clipped,5.0,44100,0.0,-8.6,-31.1,28.1,0.0,0.01293,0.72,0
ANM-00024,Animal Sound,esc50,Good,,5.0,44100,-0.0,-15.6,-24.6,13.7,0.0,0.0,0.0,0
ANM-00025,Animal Sound,esc50,Poor,missing audio frames: 5 dropouts (0.92 s),5.0,44100,-0.4,-14.1,-51.6,43.6,0.0,0.0,0.5,5
ANM-00026,Animal Sound,esc50,Good,,5.0,44100,-0.4,-15.7,-51.4,43.9,0.0,0.0,0.76,0
ANM-00027,Animal Sound,esc50,Good,,5.0,44100,-1.3,-21.3,-51.3,37.2,0.0,0.0,0.0,0
ANM-00028,Animal Sound,esc50,Good,,5.0,44100,-8.5,-25.3,-58.2,40.6,0.005,0.0,0.55,0
ANM-00029,Animal Sound,esc50,Acceptable,clipping: 0.67% of samples are clipped,5.0,44100,0.0,-13.9,-33.2,26.5,0.0,0.00671,0.0,0
ANM-00030,Animal Sound,esc50,Good,,5.0,44100,-10.8,-27.8,-33.4,10.8,0.0,0.0,0.0,0
ANM-00031,Animal Sound,esc50,Good,,5.0,44100,-16.2,-30.7,-34.6,6.9,0.001,0.0,0.0,0
ANM-00032,Animal Sound,esc50,Good,,5.0,44100,-7.3,-21.5,-55.0,38.5,0.0,0.0,0.49,0
ANM-00033,Animal Sound,esc50,Acceptable,clipping: 0.24% of samples are clipped,5.0,44100,0.0,-12.3,-38.2,33.4,0.001,0.00244,0.705,0
ANM-00034,Animal Sound,esc50,Good,,5.0,44100,0.0,-16.6,-36.4,27.2,0.002,0.00064,0.0,0
ANM-00035,Animal Sound,esc50,Good,,5.0,44100,-1.6,-19.3,-54.1,41.3,0.0,0.0,0.015,0
ANM-00036,Animal Sound,esc50,Poor,missing audio frames: 5 dropouts (0.83 s),5.0,44100,-8.9,-24.9,-47.1,27.5,0.0,0.0,0.62,5
ANM-00037,Animal Sound,esc50,Good,,5.0,44100,-1.6,-18.9,-46.2,34.2,0.0,0.0,0.105,0
ANM-00038,Animal Sound,esc50,Acceptable,missing audio frames: 1 dropout (0.02 s),5.0,44100,-2.8,-16.8,-22.4,8.4,0.0,0.0,0.625,1
ANM-00039,Animal Sound,esc50,Good,,5.0,44100,0.0,-20.3,-35.6,21.2,0.001,1e-05,0.0,0
ANM-00040,Animal Sound,esc50,Good,,5.0,44100,-10.6,-25.9,-29.8,7.3,0.002,0.0,0.0,0
ANM-00041,Animal Sound,esc50,Good,,5.0,44100,-4.7,-19.9,-32.7,18.3,0.0,0.0,0.68,0
ANM-00042,Animal Sound,esc50,Good,,5.0,44100,-7.9,-22.9,-27.3,8.7,0.0,0.0,0.0,0
ANM-00043,Animal Sound,esc50,Good,,5.0,44100,-4.8,-19.5,-40.4,26.3,0.0,0.0,0.485,0
ANM-00044,Animal Sound,esc50,Good,,5.0,44100,-7.7,-24.3,-41.0,21.4,0.0,0.0,0.825,0
ANM-00045,Animal Sound,esc50,Good,,5.0,44100,-0.0,-15.9,-22.1,10.4,0.0,7e-05,0.0,0
ANM-00046,Animal Sound,esc50,Good,,5.0,44100,-1.1,-16.0,-27.1,15.0,0.0,0.0,0.0,0
ANM-00047,Animal Sound,esc50,Good,,5.0,44100,-19.3,-36.4,-42.4,10.4,0.0,0.0,0.0,0
ANM-00048,Animal Sound,esc50,Good,,5.0,44100,-3.3,-25.9,-41.2,23.1,0.0,0.0,0.045,0
ANM-00049,Animal Sound,esc50,Acceptable,missing audio frames: 1 dropout (0.02 s),5.0,44100,-0.4,-11.9,-28.0,22.2,0.0,0.0,0.665,1
ANM-00050,Animal Sound,esc50,Good,,5.0,44100,-0.5,-13.6,-20.3,10.6,0.0,0.0,0.0,0
ANM-00051,Animal Sound,esc50,Good,,5.0,44100,-0.3,-15.8,-41.6,30.6,0.0,0.0,0.6,0
ANM-00052,Animal Sound,esc50,Good,,5.0,44100,-2.4,-22.6,-53.4,39.6,0.001,0.0,0.605,0
ANM-00053,Animal Sound,esc50,Good,,5.0,44100,-0.1,-13.0,-30.3,22.2,0.0,0.0,0.0,0
ANM-00054,Animal Sound,esc50,Acceptable,clipping: 0.64% of samples are clipped,5.0,44100,0.0,-13.5,-43.3,37.6,0.001,0.00641,0.0,0
ANM-00055,Animal Sound,esc50,Good,,5.0,44100,0.0,-16.4,-39.3,30.6,0.0,0.00012,0.56,0
ANM-00056,Animal Sound,esc50,Good,,5.0,44100,-3.9,-22.7,-41.2,22.3,0.002,0.0,0.635,0
ANM-00057,Animal Sound,esc50,Acceptable,clipping: 0.14% of samples are clipped,5.0,44100,0.0,-19.7,-47.4,36.1,0.001,0.00139,0.0,0
ANM-00058,Animal Sound,esc50,Good,,5.0,44100,-5.1,-21.6,-27.9,10.2,0.0,0.0,0.0,0
ANM-00059,Animal Sound,esc50,Good,,5.0,44100,-6.2,-29.3,-47.4,26.1,0.0,0.0,0.0,0
ANM-00060,Animal Sound,esc50,Good,,5.0,44100,-0.0,-14.4,-20.3,8.9,0.0,0.0,0.58,0
ANM-00061,Animal Sound,esc50,Good,,5.0,44100,-7.7,-27.8,-42.2,21.3,0.001,0.0,0.0,0
ANM-00062,Animal Sound,esc50,Good,,5.0,44100,-5.8,-31.5,-42.4,17.1,0.0,0.0,0.0,0
ANM-00063,Animal Sound,esc50,Good,,5.0,44100,0.0,-13.5,-19.4,9.5,0.0,0.00016,0.0,0
ANM-00064,Animal Sound,esc50,Good,,5.0,44100,-1.2,-13.3,-56.7,49.5,0.0,0.0,0.755,0
ANM-00065,Animal Sound,esc50,Good,,5.0,44100,-0.2,-10.9,-36.8,29.0,0.0,0.0,0.485,0
ANM-00066,Animal Sound,esc50,Good,,5.0,44100,-3.2,-19.9,-38.0,25.6,0.0,0.0,0.0,0
ANM-00067,Animal Sound,esc50,Good,,5.0,44100,-15.3,-34.4,-39.7,9.4,0.002,0.0,0.0,0
ANM-00068,Animal Sound,esc50,Good,,5.0,44100,-2.1,-20.6,-55.0,41.9,0.001,0.0,0.845,0
ANM-00069,Animal Sound,esc50,Poor,missing audio frames: 3 dropouts (0.33 s),5.0,44100,-0.4,-19.8,-54.9,40.1,0.001,0.0,0.485,3
ANM-00070,Animal Sound,esc50,Good,,5.0,44100,-3.6,-19.2,-28.9,15.9,0.0,0.0,0.0,0
ANM-00071,Animal Sound,esc50,Good,,5.0,44100,-0.8,-27.1,-40.5,19.9,0.001,0.0,0.0,0
ANM-00072,Animal Sound,esc50,Good,,5.0,44100,-8.5,-28.5,-35.7,14.8,0.028,0.0,0.0,0
ANM-00073,Animal Sound,esc50,Good,,5.0,44100,-10.5,-28.9,-42.3,18.7,0.001,0.0,0.0,0
ANM-00074,Animal Sound,esc50,Good,,5.0,44100,0.0,-15.5,-33.5,23.1,0.0,0.0,0.0,0
ANM-00075,Animal Sound,esc50,Good,,5.0,44100,-10.9,-35.1,-43.1,12.3,0.002,0.0,0.0,0
ANM-00076,Animal Sound,esc50,Good,,5.0,44100,0.0,-21.7,-50.7,36.4,0.003,0.00065,0.0,0
ANM-00077,Animal Sound,esc50,Good,,5.0,44100,0.0,-11.6,-27.7,20.3,0.001,0.0,0.0,0
ANM-00078,Animal Sound,esc50,Good,,5.0,44100,-0.2,-15.6,-35.9,25.4,0.0,0.0,0.53,0
ANM-00079,Animal Sound,esc50,Good,,5.0,44100,0.0,-9.9,-35.4,28.5,0.004,0.00034,0.85,0
ANM-00080,Animal Sound,esc50,Good,,5.0,44100,0.0,-11.4,-23.9,14.3,0.001,0.00049,0.92,0
ANM-00081,Animal Sound,esc50,Good,,5.0,44100,0.0,-19.8,-29.6,16.1,0.001,2e-05,0.0,0
ANM-00082,Animal Sound,esc50,Good,,5.0,44100,-4.2,-23.3,-30.8,11.7,0.0,0.0,0.0,0
ANM-00083,Animal Sound,esc50,Poor,clipping: 1.6% of samples are clipped,5.0,44100,0.0,-12.1,-33.5,27.5,0.0,0.0159,0.0,0
ANM-00084,Animal Sound,esc50,Good,,5.0,44100,-0.2,-14.1,-57.4,48.5,0.001,0.0,0.575,0
ANM-00085,Animal Sound,esc50,Good,,5.0,44100,-7.8,-24.3,-29.8,7.7,0.0,0.0,0.0,0
ANM-00086,Animal Sound,esc50,Acceptable,clipping: 0.19% of samples are clipped,5.0,44100,0.0,-18.3,-30.0,16.0,0.006,0.0019,0.0,0
ANM-00087,Animal Sound,esc50,Good,,5.0,44100,-9.5,-22.2,-24.9,5.3,0.003,0.0,0.0,0
ANM-00088,Animal Sound,esc50,Good,,5.0,44100,-4.0,-24.8,-50.5,35.1,0.003,0.0,0.0,0
ANM-00089,Animal Sound,esc50,Good,,5.0,44100,-18.4,-39.2,-58.9,25.7,0.0,0.0,0.015,0
ANM-00090,Animal Sound,esc50,Good,,5.0,44100,-0.7,-18.7,-56.5,45.4,0.0,0.0,0.06,0
ANM-00091,Animal Sound,esc50,Good,,5.0,44100,-18.9,-34.2,-40.0,9.3,0.0,0.0,0.0,0
ANM-00092,Animal Sound,esc50,Good,,5.0,44100,-2.4,-21.9,-45.5,30.6,0.0,0.0,0.0,0
ANM-00093,Animal Sound,esc50,Good,,5.0,44100,-0.6,-14.7,-32.6,24.3,0.0,0.0,0.72,0
ANM-00094,Animal Sound,esc50,Good,,5.0,44100,-0.2,-12.5,-50.6,42.9,0.0,0.0,0.485,0
ANM-00095,Animal Sound,esc50,Good,,5.0,44100,-4.7,-16.9,-38.5,24.8,0.0,0.0,0.315,0
ANM-00096,Animal Sound,esc50,Good,,5.0,44100,-2.2,-21.3,-29.9,12.5,0.0,0.0,0.0,0
ANM-00097,Animal Sound,esc50,Good,,5.0,44100,-2.1,-12.8,-46.5,39.3,0.0,0.0,0.77,0
ANM-00098,Animal Sound,esc50,Good,,5.0,44100,0.0,-22.8,-31.4,12.1,0.001,5e-05,0.0,0
ANM-00099,Animal Sound,urbansound8k,Good,,4.0,44100,-19.0,-37.2,-46.1,16.1,0.01,0.0,0.0,0
ANM-00100,Animal Sound,urbansound8k,Good,,4.0,48000,-0.9,-22.4,-54.9,40.3,0.001,0.0,0.156,0
ANM-00101,Animal Sound,urbansound8k,Acceptable,low sample rate: 11025 Hz (content above 5512 Hz is missing),2.77,11025,0.0,-11.5,-53.4,46.7,0.0,0.0,0.036,0
ANM-00102,Animal Sound,urbansound8k,Good,,1.677,48000,-14.6,-29.3,-53.3,29.4,0.0,0.0,0.627,0
ANM-00103,Animal Sound,urbansound8k,Good,,1.44,96000,-1.1,-18.0,-48.1,37.0,0.0,0.0,0.0,0
ANM-00104,Animal Sound,urbansound8k,Good,,4.0,44100,-7.5,-27.0,-47.6,28.7,0.0,0.0,0.0,0
ANM-00105,Animal Sound,urbansound8k,Good,,0.607,48000,-1.2,-19.8,-35.5,24.2,0.0,0.0,0.0,0
ANM-00106,Animal Sound,urbansound8k,Good,,4.0,44100,0.0,-26.0,-57.0,20.5,0.001,3e-05,0.044,0
ANM-00107,Animal Sound,urbansound8k,Good,,4.0,44100,-3.7,-26.5,-54.4,34.8,0.0,0.0,0.0,0
ANM-00108,Animal Sound,urbansound8k,Good,,0.416,44100,-8.5,-20.8,-22.7,4.3,0.0,0.0,0.0,0
ANM-00109,Animal Sound,urbansound8k,Good,,4.0,44100,-1.9,-21.6,-54.2,40.4,0.0,0.0,0.0,0
ANM-00110,Animal Sound,urbansound8k,Good,,1.259,44100,-5.5,-29.1,-50.2,27.8,0.0,0.0,0.22,0
ANM-00111,Animal Sound,urbansound8k,Poor,clipping: 1.2% of samples are clipped,0.38,44100,0.0,-11.4,-29.1,23.8,0.0,0.01187,0.0,0
ANM-00112,Animal Sound,urbansound8k,Good,,4.0,44100,-6.5,-27.0,-34.2,13.5,0.002,0.0,0.0,0
ANM-00113,Animal Sound,urbansound8k,Acceptable,low sample rate: 11025 Hz (content above 5512 Hz is missing),3.69,11025,-0.0,-13.3,-49.4,42.1,0.002,0.0,0.136,0
ANM-00114,Animal Sound,urbansound8k,Good,,1.29,44100,-0.0,-15.0,-25.2,14.5,0.001,0.00012,0.0,0
ANM-00115,Animal Sound,urbansound8k,Good,,2.946,44100,-8.2,-26.6,-27.8,3.2,0.013,0.0,0.0,0
ANM-00116,Animal Sound,urbansound8k,Good,,0.588,44100,-12.4,-26.3,-27.7,2.7,0.004,0.0,0.0,0
ANM-00117,Animal Sound,urbansound8k,Good,,4.0,44100,-9.7,-32.3,-39.7,12.5,0.0,0.0,0.0,0
ANM-00118,Animal Sound,urbansound8k,Good,,4.0,44100,-10.3,-32.4,-42.0,15.9,0.003,0.0,0.0,0
ANM-00119,Animal Sound,urbansound8k,Good,,4.0,44100,-8.8,-28.2,-53.2,33.8,0.0,0.0,0.0,0
ANM-00120,Animal Sound,urbansound8k,Good,,2.926,44100,-6.2,-26.0,-28.6,5.5,0.022,0.0,0.0,0
ANM-00121,Animal Sound,urbansound8k,Acceptable,low signal strength: active level -49 dBFS,4.0,48000,-35.9,-49.4,-54.5,9.2,0.002,0.0,0.0,0
ANM-00122,Animal Sound,urbansound8k,Good,,1.358,44100,-1.5,-10.9,-56.1,50.8,0.0,0.0,0.37,0
ANM-00123,Animal Sound,urbansound8k,Good,,1.149,44100,-2.4,-20.1,-37.7,23.8,0.001,0.0,0.0,0
ANM-00124,Animal Sound,urbansound8k,Good,,4.0,44100,-0.5,-21.5,-47.0,34.1,0.0,0.0,0.006,0
ANM-00125,Animal Sound,urbansound8k,Good,,0.44,48000,-0.4,-7.4,-15.0,12.1,0.0,0.0,0.0,0
ANM-00126,Animal Sound,urbansound8k,Good,,2.13,48000,-3.0,-11.0,-29.2,23.0,0.0,0.0,0.024,0
ANM-00127,Animal Sound,urbansound8k,Good,,4.0,44100,-1.1,-19.3,-48.4,37.8,0.001,0.0,0.0,0
ANM-00128,Animal Sound,urbansound8k,Good,,1.89,44100,0.0,-16.2,-48.3,39.1,0.0,0.0,0.013,0
ANM-00129,Animal Sound,urbansound8k,Good,,4.0,44100,-1.1,-18.5,-53.4,43.2,0.0,0.0,0.0,0
ANM-00130,Animal Sound,urbansound8k,Good,,4.0,44100,-3.4,-25.8,-56.7,39.3,0.004,0.0,0.006,0
ANM-00131,Animal Sound,urbansound8k,Good,,4.0,44100,-3.4,-26.8,-39.7,20.1,0.0,0.0,0.0,0
ANM-00132,Animal Sound,urbansound8k,Good,,4.0,44100,-0.7,-19.3,-26.7,13.6,0.0,0.0,0.0,0
ANM-00133,Animal Sound,urbansound8k,Poor,clipping: 4.4% of samples are clipped,0.77,48000,0.0,-7.8,-31.7,30.3,0.0,0.04424,0.033,0
ANM-00134,Animal Sound,urbansound8k,Good,,0.58,44100,-7.1,-21.7,-49.7,34.3,0.0,0.0,0.0,0
ANM-00135,Animal Sound,urbansound8k,Good,,1.0,44100,-4.8,-23.1,-54.2,38.8,0.0,0.0,0.0,0
ANM-00136,Animal Sound,urbansound8k,Good,,0.61,44100,-4.9,-23.9,-36.0,17.6,0.0,0.0,0.0,0
ANM-00137,Animal Sound,urbansound8k,Good,,4.0,44100,-0.0,-14.3,-52.9,48.3,0.0,0.0,0.0,0
ANM-00138,Animal Sound,urbansound8k,Good,,4.0,44100,-22.2,-45.5,-51.1,10.7,0.02,0.0,0.0,0
ANM-00139,Animal Sound,urbansound8k,Good,,4.0,44100,-3.0,-16.5,-22.9,11.3,0.0,0.0,0.0,0
ANM-00140,Animal Sound,urbansound8k,Poor,clipping: 8.4% of samples are clipped; low sample rate: 11025 Hz (content above 5512 Hz is missing),4.0,11025,0.0,-11.4,-37.1,34.0,0.054,0.08432,0.0,0
ANM-00141,Animal Sound,urbansound8k,Good,,2.927,44100,-4.0,-22.3,-42.9,27.7,0.0,0.0,0.0,0
ANM-00142,Animal Sound,urbansound8k,Good,,4.0,96000,-9.1,-29.9,-46.8,24.0,0.0,0.0,0.0,0
ANM-00143,Animal Sound,urbansound8k,Good,,4.0,48000,-17.3,-29.6,-34.6,8.6,0.001,0.0,0.0,0
ANM-00144,Animal Sound,urbansound8k,Good,,4.0,44100,-4.6,-26.7,-36.6,15.7,0.01,0.0,0.0,0
ANM-00145,Animal Sound,urbansound8k,Good,,4.0,48000,-8.1,-30.5,-48.1,24.4,0.0,0.0,0.0,0
ANM-00146,Animal Sound,urbansound8k,Good,,1.26,48000,-0.5,-12.1,-36.0,33.0,0.0,0.0,0.0,0
ANM-00147,Animal Sound,urbansound8k,Acceptable,clipping: 0.18% of samples are clipped,0.576,44100,-0.0,-14.8,-41.1,31.2,0.002,0.00181,0.609,0
ANM-00148,Animal Sound,urbansound8k,Good,,4.0,44100,-0.3,-16.8,-48.8,37.5,0.005,0.0,0.9,0
ANM-00149,Animal Sound,urbansound8k,Good,,4.0,44100,-3.1,-21.7,-36.5,20.8,0.0,0.0,0.0,0
ANM-00150,Animal Sound,urbansound8k,Good,,1.906,48000,-0.5,-21.3,-33.5,17.5,0.001,0.0,0.0,0
ANM-00151,Animal Sound,urbansound8k,Poor,low signal strength: active level -56 dBFS,4.0,44100,-34.2,-55.7,-57.5,3.8,0.011,0.0,0.0,0
ANM-00152,Animal Sound,urbansound8k,Good,,1.119,48000,-0.9,-5.7,-22.6,19.8,0.002,0.0,0.0,0
ANM-00153,Animal Sound,urbansound8k,Acceptable,low signal strength: active level -53 dBFS,3.117,44100,-38.6,-53.2,-56.3,5.8,0.005,0.0,0.0,0
ANM-00154,Animal Sound,urbansound8k,Good,,4.0,96000,-0.0,-17.7,-46.5,35.1,0.0,2e-05,0.456,0
ANM-00155,Animal Sound,urbansound8k,Good,,4.0,44100,-0.2,-18.1,-45.9,34.6,0.0,0.0,0.0,0
ANM-00156,Animal Sound,urbansound8k,Good,,0.697,44100,-12.7,-29.5,-33.5,7.6,0.002,0.0,0.0,0
ANM-00157,Animal Sound,urbansound8k,Good,,4.0,44100,-14.1,-32.1,-35.3,6.9,0.008,0.0,0.0,0
ANM-00158,Animal Sound,urbansound8k,Acceptable,clipping: 0.15% of samples are clipped,1.938,44100,0.0,-14.8,-27.6,19.9,0.0,0.0015,0.0,0
ANM-00159,Animal Sound,urbansound8k,Good,,0.42,48000,-0.6,-18.7,-41.7,31.2,0.0,0.0,0.0,0
ANM-00160,Animal Sound,urbansound8k,Poor,clipping: 1.0% of samples are clipped,4.0,44100,0.0,-15.5,-48.8,42.5,0.001,0.01023,0.0,0
ANM-00161,Animal Sound,urbansound8k,Good,,0.516,44100,-0.0,-17.6,-40.6,30.5,0.002,0.0,0.0,0
ANM-00162,Animal Sound,urbansound8k,Good,,4.0,44100,-21.2,-36.1,-36.6,1.4,0.0,0.0,0.0,0
ANM-00163,Animal Sound,urbansound8k,Good,,0.61,44100,-4.0,-17.9,-31.6,17.4,0.0,0.0,0.0,0
ANM-00164,Animal Sound,urbansound8k,Good,,4.0,44100,-2.8,-19.2,-26.1,11.7,0.0,0.0,0.0,0
ANM-00165,Animal Sound,urbansound8k,Acceptable,clipping: 0.75% of samples are clipped,4.0,44100,0.0,-16.4,-32.3,20.4,0.0,0.00751,0.0,0
ANM-00166,Animal Sound,urbansound8k,Good,,4.0,44100,-0.2,-20.5,-24.2,7.0,0.006,0.0,0.0,0
ANM-00167,Animal Sound,urbansound8k,Good,,4.0,96000,-0.0,-18.3,-53.3,43.5,0.0,7e-05,0.0,0
ANM-00168,Animal Sound,urbansound8k,Good,,1.32,44100,-17.0,-33.3,-41.8,12.8,0.003,0.0,0.0,0
ANM-00169,Animal Sound,urbansound8k,Good,,3.509,48000,-9.9,-29.1,-56.8,33.8,0.0,0.0,0.421,0
ANM-00170,Animal Sound,urbansound8k,Good,,4.0,48000,-2.3,-18.6,-56.0,44.2,0.0,0.0,0.156,0
ANM-00171,Animal Sound,urbansound8k,Good,,1.537,44100,-16.9,-38.0,-41.4,6.6,0.004,0.0,0.0,0
ANM-00172,Animal Sound,urbansound8k,Good,,0.787,48000,-2.7,-17.7,-26.5,13.3,0.0,0.0,0.0,0
ANM-00173,Animal Sound,urbansound8k,Good,,0.616,44100,-0.0,-15.7,-37.7,28.4,0.001,0.0,0.0,0
ANM-00174,Animal Sound,urbansound8k,Good,,0.35,44100,-0.0,-13.6,-22.8,15.7,0.0,0.0,0.0,0
ANM-00175,Animal Sound,urbansound8k,Acceptable,low sample rate: 11025 Hz (content above 5512 Hz is missing),4.0,11025,-0.0,-10.0,-19.5,12.8,0.0,0.0,0.05,0
ANM-00176,Animal Sound,urbansound8k,Good,,1.41,44100,-0.1,-16.7,-53.6,44.1,0.0,0.0,0.0,0
ANM-00177,Animal Sound,urbansound8k,Good,,3.66,44100,-0.0,-23.6,-57.1,42.5,0.0,5e-05,0.301,0
ANM-00178,Animal Sound,urbansound8k,Good,,0.77,44100,-0.0,-20.9,-55.7,42.3,0.011,0.0,0.0,0
ANM-00179,Animal Sound,urbansound8k,Good,,2.697,44100,-0.3,-15.5,-20.5,7.4,0.0,0.0,0.0,0
ANM-00180,Animal Sound,urbansound8k,Good,,4.0,44100,-2.7,-26.3,-57.6,38.6,0.001,0.0,0.0,0
ANM-00181,Animal Sound,urbansound8k,Good,,2.06,44100,-0.0,-16.3,-52.1,43.0,0.0,0.0,0.098,0
ANM-00182,Animal Sound,urbansound8k,Good,,0.45,48000,-3.2,-18.3,-58.1,46.7,0.0,0.0,0.0,0
ANM-00183,Animal Sound,urbansound8k,Good,,0.79,44100,-5.2,-19.7,-34.0,19.5,0.0,0.0,0.0,0
ANM-00184,Animal Sound,urbansound8k,Good,,1.13,44100,-0.0,-18.5,-50.5,39.0,0.0,0.0,0.022,0
ANM-00185,Animal Sound,urbansound8k,Good,,4.0,44100,-9.4,-32.4,-35.5,6.7,0.0,0.0,0.0,0
ANM-00186,Animal Sound,urbansound8k,Good,,4.0,44100,-17.0,-31.1,-34.2,6.0,0.0,0.0,0.0,0
ANM-00187,Animal Sound,urbansound8k,Good,,2.68,44100,-0.8,-20.3,-25.3,9.7,0.001,0.0,0.0,0
ANM-00188,Animal Sound,urbansound8k,Good,,4.0,44100,-5.7,-25.0,-28.4,7.2,0.001,0.0,0.0,0
ANM-00189,Animal Sound,urbansound8k,Good,,4.0,48000,-8.5,-24.3,-26.6,4.3,0.001,0.0,0.0,0
ANM-00190,Animal Sound,urbansound8k,Good,,4.0,48000,-0.5,-16.1,-29.3,18.6,0.0,0.0,0.0,0
ANM-00191,Animal Sound,urbansound8k,Good,,2.21,44100,-4.3,-31.3,-43.2,18.2,0.006,0.0,0.0,0
ANM-00192,Animal Sound,urbansound8k,Good,,4.0,44100,-0.6,-14.2,-34.4,27.1,0.0,0.0,0.0,0
ANM-00193,Animal Sound,urbansound8k,Good,,3.216,44100,-10.7,-31.0,-42.3,16.8,0.001,0.0,0.0,0
ANM-00194,Animal Sound,urbansound8k,Good,,4.0,44100,-22.8,-41.6,-58.9,24.8,0.0,0.0,0.1,0
ANM-00195,Animal Sound,urbansound8k,Good,,4.0,48000,-1.8,-30.2,-39.4,14.8,0.014,0.0,0.0,0
ANM-00196,Animal Sound,urbansound8k,Good,,4.0,44100,-9.2,-30.9,-41.7,16.7,0.019,0.0,0.0,0
ANM-00197,Animal Sound,urbansound8k,Good,,4.0,44100,-9.7,-24.1,-28.1,8.6,0.001,0.0,0.0,0
ANM-00198,Animal Sound,urbansound8k,Good,,4.0,44100,-3.9,-24.1,-57.5,40.3,0.001,0.0,0.569,0
ANM-00199,Animal Sound,urbansound8k,Good,,2.99,44100,-8.5,-30.0,-45.6,21.1,0.0,0.0,0.0,0
ANM-00200,Animal Sound,urbansound8k,Good,,2.805,48000,0.0,-18.4,-47.7,38.7,0.0,0.0,0.0,0
ANM-00201,Animal Sound,urbansound8k,Good,,1.087,96000,-15.3,-32.2,-39.2,10.2,0.0,0.0,0.0,0
ANM-00202,Animal Sound,urbansound8k,Good,,1.91,96000,-18.7,-33.1,-35.0,4.5,0.0,0.0,0.039,0
ANM-00203,Animal Sound,urbansound8k,Good,,4.0,48000,-14.2,-27.3,-28.9,3.4,0.001,0.0,0.0,0
ANM-00204,Animal Sound,urbansound8k,Good,,4.0,44100,-12.0,-34.0,-57.5,31.1,0.015,0.0,0.769,0
ANM-00205,Animal Sound,urbansound8k,Good,,0.997,44100,-11.3,-25.3,-29.1,8.2,0.0,0.0,0.0,0
ANM-00206,Animal Sound,urbansound8k,Good,,3.907,44100,-4.1,-26.8,-51.5,32.3,0.0,0.0,0.006,0
ANM-00207,Animal Sound,urbansound8k,Good,,4.0,48000,-4.2,-22.3,-24.2,3.6,0.03,0.0,0.0,0
ANM-00208,Animal Sound,urbansound8k,Good,,2.1,44100,-7.9,-31.6,-38.3,12.8,0.005,0.0,0.0,0
ANM-00209,Animal Sound,urbansound8k,Acceptable,low signal strength: active level -52 dBFS,4.0,48000,-31.9,-52.3,-56.3,7.7,0.013,0.0,0.0,0
ANM-00210,Animal Sound,urbansound8k,Good,,1.149,44100,-0.9,-10.1,-53.0,47.5,0.0,0.0,0.289,0
ANM-00211,Animal Sound,esc50,Acceptable,clipping: 0.31% of samples are clipped,5.0,44100,0.0,-16.6,-33.8,25.5,0.0,0.0031,0.0,0
ANM-00212,Animal Sound,esc50,Good,,5.0,44100,-0.5,-20.7,-35.9,21.4,0.0,0.0,0.0,0
ANM-00213,Animal Sound,esc50,Good,,5.0,44100,0.0,-20.2,-44.6,30.6,0.001,0.0002,0.0,0
ANM-00214,Animal Sound,esc50,Acceptable,clipping: 0.97% of samples are clipped,5.0,44100,0.0,-7.3,-11.8,7.3,0.0,0.00972,0.695,0
ANM-00215,Animal Sound,esc50,Poor,clipping: 1.0% of samples are clipped,5.0,44100,0.0,-7.6,-18.1,12.8,0.0,0.01047,0.645,0
ANM-00216,Animal Sound,esc50,Poor,clipping: 2.0% of samples are clipped,5.0,44100,0.0,-7.7,-19.1,16.1,0.0,0.02027,0.585,0
ANM-00217,Animal Sound,esc50,Good,,5.0,44100,-7.0,-30.2,-54.0,26.1,0.001,0.0,0.0,0
ANM-00218,Animal Sound,esc50,Good,,5.0,44100,-15.4,-29.6,-34.5,8.5,0.001,0.0,0.0,0
ANM-00219,Animal Sound,esc50,Acceptable,clipping: 0.24% of samples are clipped,5.0,44100,0.0,-12.5,-27.6,20.4,0.0,0.00244,0.0,0
ANM-00220,Animal Sound,esc50,Good,,5.0,44100,0.0,-16.1,-52.1,42.8,0.0,0.00056,0.03,0
ANM-00221,Animal Sound,esc50,Acceptable,clipping: 0.18% of samples are clipped,5.0,44100,-0.0,-15.0,-29.8,23.1,0.0,0.00182,0.0,0
ANM-00222,Animal Sound,esc50,Good,,5.0,44100,-10.4,-29.4,-48.1,27.8,0.0,0.0,0.0,0
ANM-00223,Animal Sound,esc50,Acceptable,clipping: 0.20% of samples are clipped,5.0,44100,0.0,-15.0,-31.7,22.4,0.0,0.00204,0.0,0
ANM-00224,Animal Sound,esc50,Good,,5.0,44100,-6.5,-30.2,-58.1,34.6,0.0,0.0,0.565,0
ANM-00225,Animal Sound,esc50,Good,,5.0,44100,-0.7,-17.3,-26.5,13.4,0.0,0.0,0.0,0
ANM-00226,Animal Sound,esc50,Acceptable,missing audio frames: 1 dropout (0.27 s),5.0,44100,-1.9,-19.2,-51.3,35.6,0.0,0.0,0.245,1
ANM-00227,Animal Sound,esc50,Good,,5.0,44100,-0.8,-17.2,-31.5,17.7,0.0,0.0,0.68,0
ANM-00228,Animal Sound,esc50,Good,,5.0,44100,-12.7,-35.8,-55.1,25.8,0.007,0.0,0.0,0
ANM-00229,Animal Sound,esc50,Good,,5.0,44100,-0.7,-19.9,-38.6,26.0,0.0,0.0,0.0,0
ANM-00230,Animal Sound,urbansound8k,Good,,3.526,44100,-2.5,-21.7,-32.0,16.6,0.0,0.0,0.0,0
ANM-00231,Animal Sound,urbansound8k,Good,,4.0,44100,-1.1,-15.3,-18.1,4.4,0.0,0.0,0.0,0
ANM-00232,Animal Sound,urbansound8k,Good,,1.33,48000,-16.4,-38.0,-42.9,12.3,0.022,0.0,0.0,0
ANM-00233,Animal Sound,urbansound8k,Good,,4.0,96000,-7.1,-25.9,-37.8,18.7,0.0,0.0,0.0,0
ANM-00234,Animal Sound,urbansound8k,Good,,4.0,48000,-2.2,-22.5,-58.2,44.3,0.001,0.0,0.106,0
ANM-00235,Animal Sound,urbansound8k,Good,,4.0,44100,0.0,-18.9,-56.7,46.3,0.003,0.00071,0.212,0
ANM-00236,Animal Sound,urbansound8k,Good,,4.0,48000,-18.5,-40.6,-58.0,22.2,0.015,0.0,0.662,0
ANM-00237,Animal Sound,urbansound8k,Good,,4.0,44100,-9.4,-37.5,-57.4,26.3,0.003,0.0,0.013,0
ANM-00238,Animal Sound,urbansound8k,Good,,4.0,44100,-0.0,-21.3,-47.8,33.8,0.0,0.0,0.025,0
ANM-00239,Animal Sound,urbansound8k,Good,,4.0,96000,-0.5,-21.7,-56.1,42.7,0.0,0.0,0.0,0
ANM-00240,Animal Sound,urbansound8k,Good,,4.0,44100,-23.5,-45.0,-48.1,5.5,0.072,0.0,0.0,0
ANM-00241,Animal Sound,urbansound8k,Good,,1.1,48000,-0.8,-7.4,-39.8,37.2,0.0,0.0,0.023,0
ANM-00242,Animal Sound,urbansound8k,Acceptable,low signal strength: active level -50 dBFS,4.0,48000,-26.7,-50.0,-53.8,7.3,0.083,0.0,0.0,0
ANM-00243,Animal Sound,urbansound8k,Good,,4.0,44100,-1.4,-24.1,-40.0,23.9,0.006,0.0,0.0,0
ANM-00244,Animal Sound,urbansound8k,Good,,2.206,44100,-4.3,-26.9,-58.4,38.6,0.002,0.0,0.25,0
ANM-00245,Animal Sound,urbansound8k,Good,,4.0,44100,-10.5,-29.3,-41.0,17.3,0.0,0.0,0.0,0
ANM-00246,Animal Sound,urbansound8k,Poor,clipping: 1.2% of samples are clipped,4.0,44100,0.0,-14.3,-55.5,51.6,0.001,0.01169,0.056,0
ANM-00247,Animal Sound,urbansound8k,Good,,4.0,44100,-1.4,-26.1,-52.2,33.4,0.0,0.0,0.0,0
ANM-00248,Animal Sound,urbansound8k,Good,,4.0,44100,-10.1,-33.2,-57.2,30.0,0.0,0.0,0.062,0
ANM-00249,Animal Sound,urbansound8k,Good,,4.0,44100,-9.3,-29.9,-46.1,25.1,0.036,0.0,0.0,0
ANM-00250,Animal Sound,urbansound8k,Good,,1.71,48000,-17.1,-33.6,-58.3,30.9,0.0,0.0,0.471,0
ANM-00251,Animal Sound,urbansound8k,Good,,2.04,44100,-1.3,-19.3,-31.3,19.5,0.0,0.0,0.0,0
ANM-00252,Animal Sound,urbansound8k,Good,,4.0,48000,-17.5,-35.9,-49.0,18.3,0.002,0.0,0.0,0
ANM-00253,Animal Sound,urbansound8k,Good,,4.0,44100,-0.7,-21.7,-54.8,40.6,0.0,0.0,0.181,0
ANM-00254,Animal Sound,urbansound8k,Good,,4.0,44100,-24.0,-39.6,-42.8,5.8,0.0,0.0,0.0,0
ANM-00255,Animal Sound,urbansound8k,Good,,1.86,44100,-5.7,-28.7,-58.9,37.2,0.002,0.0,0.122,0
ANM-00256,Animal Sound,esc50,Good,,5.0,44100,-0.0,-17.3,-24.2,12.1,0.0,4e-05,0.0,0
ANM-00257,Animal Sound,esc50,Good,,5.0,44100,-5.6,-22.6,-43.0,27.5,0.001,0.0,0.12,0
ANM-00258,Animal Sound,esc50,Acceptable,clipping: 0.43% of samples are clipped,5.0,44100,0.0,-10.9,-43.5,34.0,0.0,0.00429,0.525,0
ANM-00259,Animal Sound,esc50,Good,,5.0,44100,-3.9,-17.2,-19.0,3.5,0.01,0.0,0.0,0
ANM-00260,Animal Sound,esc50,Good,,5.0,44100,-6.9,-21.5,-46.7,32.3,0.0,0.0,0.0,0
ANM-00261,Animal Sound,esc50,Good,,5.0,44100,-4.9,-22.7,-49.9,35.4,0.0,0.0,0.0,0
ANM-00262,Animal Sound,esc50,Good,,5.0,44100,-9.2,-24.7,-28.4,6.8,0.001,0.0,0.0,0
ANM-00263,Animal Sound,esc50,Good,,5.0,44100,-12.6,-29.3,-34.6,9.3,0.0,0.0,0.0,0
ANM-00264,Animal Sound,esc50,Good,,5.0,44100,0.0,-18.7,-48.3,36.9,0.025,0.00054,0.275,0
ANM-00265,Animal Sound,esc50,Acceptable,clipping: 0.55% of samples are clipped,5.0,44100,0.0,-8.6,-14.3,8.8,0.0,0.00554,0.69,0
ANM-00266,Animal Sound,esc50,Good,,5.0,44100,-1.2,-19.3,-40.1,29.2,0.0,0.0,0.0,0
ANM-00267,Animal Sound,esc50,Good,,5.0,44100,-9.2,-32.1,-52.0,27.3,0.0,0.0,0.0,0
ANM-00268,Animal Sound,urbansound8k,Good,,4.0,48000,-1.4,-18.5,-45.8,34.4,0.0,0.0,0.181,0
ANM-00269,Animal Sound,urbansound8k,Good,,4.0,48000,-6.4,-31.0,-36.1,10.1,0.0,0.0,0.0,0
ANM-00270,Animal Sound,urbansound8k,Good,,4.0,44100,-7.5,-26.0,-56.8,38.3,0.001,0.0,0.0,0
ANM-00271,Animal Sound,urbansound8k,Good,,0.45,96000,-8.9,-29.7,-46.9,24.6,0.0,0.0,0.0,0
ANM-00272,Animal Sound,urbansound8k,Good,,4.0,44100,-3.2,-14.4,-27.9,17.7,0.0,0.0,0.0,0
ANM-00273,Animal Sound,urbansound8k,Good,,0.46,22050,-0.3,-12.1,-40.5,35.0,0.001,0.0,0.0,0
ANM-00274,Animal Sound,urbansound8k,Good,,4.0,32000,-0.3,-16.1,-26.3,17.1,0.001,0.0,0.0,0
ANM-00275,Animal Sound,urbansound8k,Good,,4.0,48000,-0.5,-19.9,-51.7,39.0,0.0,0.0,0.406,0
ANM-00276,Animal Sound,urbansound8k,Good,,4.0,48000,-15.5,-43.5,-55.1,16.4,0.0,0.0,0.0,0
ANM-00277,Animal Sound,urbansound8k,Good,,4.0,48000,-12.9,-28.7,-32.6,6.2,0.0,0.0,0.0,0
ANM-00278,Animal Sound,urbansound8k,Poor,clipping: 3.6% of samples are clipped,4.0,48000,-0.0,-8.9,-39.0,37.6,0.0,0.03586,0.0,0
ANM-00279,Animal Sound,urbansound8k,Good,,4.0,44100,-3.1,-29.2,-56.3,34.1,0.001,0.0,0.0,0
ANM-00280,Animal Sound,urbansound8k,Good,,2.476,44100,-5.2,-30.4,-55.5,31.6,0.012,0.0,0.0,0
ANM-00281,Animal Sound,urbansound8k,Good,,4.0,44100,-1.0,-21.4,-57.0,44.0,0.005,0.0,0.606,0
ANM-00282,Animal Sound,urbansound8k,Good,,4.0,22050,0.0,-17.0,-32.5,21.0,0.0,0.0,0.0,0
ANM-00283,Animal Sound,urbansound8k,Good,,2.5,44100,-3.9,-23.3,-50.0,33.9,0.0,0.0,0.17,0
ANM-00284,Animal Sound,urbansound8k,Good,,4.0,48000,-3.4,-21.2,-56.0,40.4,0.002,0.0,0.613,0
ANM-00285,Animal Sound,urbansound8k,Good,,4.0,96000,-18.0,-40.3,-55.5,21.4,0.005,0.0,0.025,0
ANM-00286,Animal Sound,urbansound8k,Good,,4.0,96000,-6.0,-25.9,-46.4,27.7,0.0,0.0,0.0,0
ANM-00287,Animal Sound,urbansound8k,Good,,4.0,48000,-1.5,-20.1,-37.0,17.5,0.0,0.0,0.0,0
ANM-00288,Animal Sound,urbansound8k,Good,,4.0,44100,-1.8,-27.0,-56.2,33.8,0.0,0.0,0.188,0
ANM-00289,Animal Sound,urbansound8k,Good,,4.0,44100,-15.1,-34.8,-38.0,8.1,0.012,0.0,0.0,0
ANM-00290,Animal Sound,urbansound8k,Poor,clipping: 2.2% of samples are clipped,1.649,44100,-0.0,-11.1,-48.6,45.3,0.0,0.02161,0.0,0
ANM-00291,Animal Sound,urbansound8k,Good,,4.0,48000,-15.4,-35.7,-41.4,11.3,0.007,0.0,0.0,0
ANM-00292,Animal Sound,urbansound8k,Good,,4.0,44100,-3.6,-29.2,-43.3,21.9,0.001,0.0,0.006,0
ANM-00293,Animal Sound,urbansound8k,Good,,4.0,44100,-4.1,-26.7,-58.0,38.1,0.0,0.0,0.163,0
ANM-00294,Animal Sound,urbansound8k,Good,,4.0,96000,-13.5,-32.1,-56.1,31.7,0.004,0.0,0.706,0
ANM-00295,Animal Sound,urbansound8k,Good,,1.428,48000,-7.9,-25.1,-59.0,41.1,0.001,0.0,0.211,0
ANM-00296,Animal Sound,urbansound8k,Good,,4.0,44100,-18.7,-34.5,-41.0,10.7,0.0,0.0,0.0,0
ANM-00297,Animal Sound,urbansound8k,Good,,1.228,44100,-0.3,-8.9,-57.2,53.0,0.0,0.0,0.367,0
ANM-00298,Animal Sound,urbansound8k,Good,,4.0,44100,-3.4,-28.2,-58.2,37.2,0.018,0.0,0.406,0
ANM-00299,Animal Sound,urbansound8k,Good,,4.0,44100,-20.9,-42.3,-56.7,21.8,0.001,0.0,0.0,0
ANM-00300,Animal Sound,urbansound8k,Acceptable,clipping: 0.85% of samples are clipped,1.41,44100,0.0,-13.1,-39.9,35.1,0.0,0.00845,0.018,0
GUN-00001,Gunshot,fsd50k,Good,,1.594,44100,-0.1,-23.9,-46.0,29.8,0.042,6e-05,0.0,0
GUN-00002,Gunshot,fsd50k,Good,,1.638,44100,-0.1,-25.0,-42.5,25.7,0.018,0.0,0.0,0
GUN-00003,Gunshot,fsd50k,Good,,1.795,44100,-0.6,-27.9,-38.2,15.8,0.019,0.0,0.0,0
GUN-00004,Gunshot,fsd50k,Good,,7.128,44100,-1.6,-25.9,-56.9,38.3,0.0,0.0,0.453,0
GUN-00005,Gunshot,fsd50k,Poor,clipping: 5.1% of samples are clipped,1.498,44100,0.0,-10.7,-48.6,47.0,0.0,0.0515,0.0,0
GUN-00006,Gunshot,fsd50k,Poor,clipping: 3.5% of samples are clipped; missing audio frames: 1 dropout (0.14 s),1.498,44100,0.0,-11.0,-47.5,45.5,0.0,0.03512,0.254,1
GUN-00007,Gunshot,fsd50k,Poor,clipping: 3.4% of samples are clipped,1.498,44100,0.0,-11.7,-48.8,46.0,0.0,0.03439,0.0,0
GUN-00008,Gunshot,fsd50k,Good,,2.302,44100,0.0,-14.0,-40.1,32.5,0.0,0.00078,0.228,0
GUN-00009,Gunshot,fsd50k,Good,,22.751,44100,0.0,-17.4,-50.6,40.3,0.0,0.00069,0.226,0
GUN-00010,Gunshot,fsd50k,Poor,clipping: 1.4% of samples are clipped,1.334,44100,0.0,-12.4,-52.0,47.5,0.0,0.01409,0.113,0
GUN-00011,Gunshot,fsd50k,Good,,3.818,44100,-0.0,-13.8,-54.6,45.5,0.014,0.00086,0.632,0
GUN-00012,Gunshot,fsd50k,Acceptable,clipping: 0.14% of samples are clipped,17.049,44100,0.0,-13.0,-16.2,6.1,0.0,0.00136,0.001,0
GUN-00013,Gunshot,fsd50k,Acceptable,clipping: 0.20% of samples are clipped,7.915,44100,0.0,-11.2,-13.3,4.1,0.0,0.00199,0.003,0
GUN-00014,Gunshot,fsd50k,Good,,3.03,44100,-2.0,-23.2,-51.8,37.9,0.002,0.0,0.636,0
GUN-00015,Gunshot,fsd50k,Good,,5.956,44100,0.0,-18.7,-57.3,46.0,0.002,0.0001,0.097,0
GUN-00016,Gunshot,fsd50k,Good,,3.84,44100,0.0,-15.5,-47.1,39.1,0.0,0.001,0.007,0
GUN-00017,Gunshot,fsd50k,Good,,1.871,44100,-5.1,-25.0,-44.3,26.1,0.0,0.0,0.027,0
GUN-00018,Gunshot,fsd50k,Good,,3.451,44100,-3.4,-16.9,-28.4,16.3,0.001,0.0,0.007,0
GUN-00019,Gunshot,fsd50k,Good,,2.0,44100,0.0,-9.6,-28.6,25.8,0.0,0.00094,0.013,0
GUN-00020,Gunshot,fsd50k,Poor,clipping: 2.5% of samples are clipped,1.45,44100,0.0,-12.4,-38.7,34.8,0.001,0.02484,0.0,0
GUN-00021,Gunshot,fsd50k,Good,,19.69,44100,-0.8,-29.8,-58.6,37.6,0.007,0.0,0.268,0
GUN-00022,Gunshot,fsd50k,Good,,1.887,44100,-5.7,-31.8,-49.9,23.4,0.0,0.0,0.0,0
GUN-00023,Gunshot,fsd50k,Good,,3.808,44100,0.0,-23.0,-48.2,35.2,0.0,0.0,0.0,0
GUN-00024,Gunshot,fsd50k,Acceptable,clipping: 0.42% of samples are clipped,4.64,44100,0.0,-14.4,-48.9,43.2,0.0,0.00423,0.0,0
GUN-00025,Gunshot,fsd50k,Acceptable,clipping: 0.98% of samples are clipped,0.501,44100,0.0,-5.6,-18.8,17.3,0.001,0.00979,0.1,0
GUN-00026,Gunshot,fsd50k,Good,,14.028,44100,-0.6,-23.6,-57.6,38.7,0.004,0.0,0.139,0
GUN-00027,Gunshot,fsd50k,Poor,clipping: 11.4% of samples are clipped,1.78,44100,0.0,-7.5,-45.9,45.1,0.0,0.1143,0.0,0
GUN-00028,Gunshot,fsd50k,Good,,1.893,44100,-0.0,-14.3,-32.9,24.3,0.001,0.0,0.0,0
GUN-00029,Gunshot,fsd50k,Good,,1.851,44100,-0.0,-17.3,-39.3,29.0,0.0,0.0,0.0,0
GUN-00030,Gunshot,fsd50k,Good,,1.735,44100,-0.0,-13.4,-37.0,29.5,0.001,5e-05,0.0,0
GUN-00031,Gunshot,fsd50k,Good,,1.233,44100,-1.9,-21.0,-34.2,20.1,0.0,0.0,0.122,0
GUN-00032,Gunshot,fsd50k,Good,,0.948,44100,-0.7,-8.8,-44.2,39.7,0.001,0.0,0.27,0
GUN-00033,Gunshot,fsd50k,Good,,0.935,44100,-0.7,-8.5,-39.4,35.2,0.001,0.0,0.324,0
GUN-00034,Gunshot,fsd50k,Good,,0.692,44100,-0.7,-18.0,-48.5,35.2,0.0,0.0,0.259,0
GUN-00035,Gunshot,fsd50k,Good,,0.461,44100,-5.0,-17.8,-53.1,43.9,0.006,0.0,0.056,0
GUN-00036,Gunshot,fsd50k,Poor,clipping: 3.3% of samples are clipped,2.816,44100,0.0,-7.3,-40.5,39.1,0.0,0.03287,0.411,0
GUN-00037,Gunshot,fsd50k,Poor,missing audio frames: 3 dropouts (0.12 s),11.8,44100,-1.2,-21.1,-50.2,35.3,0.0,0.0,0.79,3
GUN-00038,Gunshot,fsd50k,Good,,1.034,44100,-6.0,-28.7,-52.2,29.5,0.002,0.0,0.463,0
GUN-00039,Gunshot,fsd50k,Good,,28.512,44100,0.0,-16.4,-47.3,37.9,0.001,0.0,0.004,0
GUN-00040,Gunshot,fsd50k,Good,,2.12,44100,-0.7,-12.8,-43.1,34.1,0.0,0.0,0.0,0
GUN-00041,Gunshot,fsd50k,Poor,clipping: 8.4% of samples are clipped,12.106,44100,0.0,-6.8,-23.1,21.4,0.002,0.08427,0.0,0
GUN-00042,Gunshot,fsd50k,Poor,clipping: 10.6% of samples are clipped,20.161,44100,0.0,-6.0,-21.3,19.7,0.002,0.10642,0.0,0
GUN-00043,Gunshot,fsd50k,Good,,12.085,44100,-5.3,-23.7,-45.1,28.5,0.0,0.0,0.006,0
GUN-00044,Gunshot,fsd50k,Good,,2.6,44100,0.0,-19.5,-55.7,44.2,0.001,0.00032,0.346,0
GUN-00045,Gunshot,fsd50k,Good,,3.0,44100,-0.0,-20.3,-45.0,32.1,0.012,0.0,0.675,0
GUN-00046,Gunshot,fsd50k,Good,,23.314,44100,0.0,-17.2,-52.8,38.7,0.006,0.00034,0.439,0
GUN-00047,Gunshot,fsd50k,Good,,6.099,44100,0.0,-20.5,-48.3,32.7,0.0,0.0,0.107,0
GUN-00048,Gunshot,fsd50k,Acceptable,missing audio frames: 1 dropout (0.03 s),3.551,44100,-0.2,-30.6,-56.8,32.2,0.002,0.0,0.655,1
GUN-00049,Gunshot,fsd50k,Good,,18.0,44100,-0.1,-20.3,-43.1,27.0,0.0,0.0,0.081,0
GUN-00050,Gunshot,fsd50k,Good,,7.0,44100,-0.0,-17.1,-43.1,32.6,0.176,0.0,0.729,0
GUN-00051,Gunshot,fsd50k,Good,,9.757,44100,-0.2,-19.6,-54.2,42.8,0.002,0.0,0.208,0
GUN-00052,Gunshot,fsd50k,Good,,12.346,44100,0.0,-18.8,-52.6,39.8,0.0,0.00035,0.227,0
GUN-00053,Gunshot,fsd50k,Good,,24.826,44100,-0.0,-17.6,-58.0,48.6,0.029,0.0,0.389,0
GUN-00054,Gunshot,fsd50k,Good,,3.547,44100,-0.0,-16.6,-32.4,22.8,0.003,8e-05,0.0,0
GUN-00055,Gunshot,fsd50k,Good,,0.853,44100,-0.5,-19.9,-52.6,39.0,0.001,0.0,0.265,0
GUN-00056,Gunshot,fsd50k,Poor,clipping: 8.5% of samples are clipped,1.212,44100,0.0,-8.2,-42.2,41.1,0.0,0.08497,0.062,0
GUN-00057,Gunshot,fsd50k,Poor,clipping: 33.9% of samples are clipped,0.302,44100,0.0,-2.9,-4.8,4.0,0.003,0.33902,0.0,0
GUN-00058,Gunshot,fsd50k,Good,,1.045,44100,-0.9,-15.9,-57.2,48.1,0.004,0.0,0.512,0
GUN-00059,Gunshot,fsd50k,Good,,1.045,44100,-0.4,-25.3,-57.3,34.3,0.001,0.0,0.244,0
GUN-00060,Gunshot,fsd50k,Good,,1.045,44100,-0.1,-22.8,-57.3,37.6,0.002,0.0,0.22,0
GUN-00061,Gunshot,fsd50k,Good,,2.0,44100,-8.6,-24.6,-48.9,30.2,0.002,0.0,0.762,0
GUN-00062,Gunshot,fsd50k,Good,,1.25,44100,-0.2,-21.2,-54.2,41.3,0.001,0.0,0.0,0
GUN-00063,Gunshot,fsd50k,Acceptable,clipping: 0.22% of samples are clipped,6.522,44100,0.0,-11.8,-49.6,43.7,0.003,0.00223,0.288,0
GUN-00064,Gunshot,fsd50k,Good,,0.569,44100,-7.4,-26.2,-56.7,36.4,0.001,0.0,0.182,0
GUN-00065,Gunshot,fsd50k,Good,,1.515,44100,-0.2,-14.3,-52.2,43.1,0.005,0.0,0.35,0
GUN-00066,Gunshot,fsd50k,Good,,1.515,44100,-4.2,-14.5,-33.8,21.8,0.001,0.0,0.633,0
GUN-00067,Gunshot,fsd50k,Poor,clipping: 1.0% of samples are clipped,2.308,44100,0.0,-8.8,-52.4,50.6,0.001,0.01042,0.0,0
GUN-00068,Gunshot,fsd50k,Good,,4.735,44100,-0.3,-16.0,-56.3,47.1,0.0,0.0,0.138,0
GUN-00069,Gunshot,fsd50k,Good,,4.513,44100,-0.3,-15.9,-56.6,47.4,0.0,0.0,0.167,0
GUN-00070,Gunshot,fsd50k,Good,,5.021,44100,0.0,-4.2,-9.3,7.7,0.043,0.0,0.0,0
GUN-00071,Gunshot,fsd50k,Good,,0.524,44100,-1.5,-21.9,-35.5,19.6,0.0,0.0,0.0,0
GUN-00072,Gunshot,fsd50k,Poor,clipping: 3.3% of samples are clipped,2.384,44100,0.0,-9.2,-36.4,32.9,0.005,0.03273,0.0,0
GUN-00073,Gunshot,fsd50k,Acceptable,clipping: 0.65% of samples are clipped,3.397,44100,0.0,-11.9,-53.1,47.8,0.005,0.00646,0.133,0
GUN-00074,Gunshot,fsd50k,Poor,clipping: 1.6% of samples are clipped,3.921,44100,0.0,-10.9,-53.5,49.5,0.0,0.01638,0.064,0
GUN-00075,Gunshot,fsd50k,Poor,clipping: 1.2% of samples are clipped,6.911,44100,0.0,-10.9,-31.5,25.4,0.0,0.0117,0.022,0
GUN-00076,Gunshot,fsd50k,Good,,11.69,44100,-1.7,-24.4,-51.2,35.5,0.0,0.0,0.0,0
GUN-00077,Gunshot,fsd50k,Good,,3.154,44100,-13.3,-40.3,-47.9,13.0,0.006,0.0,0.0,0
GUN-00078,Gunshot,fsd50k,Good,,0.984,44100,-6.4,-24.6,-52.6,32.6,0.001,0.0,0.256,0
GUN-00079,Gunshot,fsd50k,Good,,2.87,44100,-1.3,-25.8,-57.6,35.5,0.002,0.0,0.895,0
GUN-00080,Gunshot,fsd50k,Acceptable,missing audio frames: 1 dropout (0.04 s),9.919,44100,-0.7,-20.2,-57.8,40.8,0.034,0.0,0.899,1
GUN-00081,Gunshot,fsd50k,Good,,1.331,44100,0.0,-22.4,-58.6,43.3,0.008,5e-05,0.226,0
GUN-00082,Gunshot,fsd50k,Good,,1.961,44100,0.0,-23.7,-58.7,40.7,0.007,3e-05,0.295,0
GUN-00083,Gunshot,fsd50k,Good,,4.875,44100,-0.1,-22.7,-58.6,41.9,0.001,0.0,0.236,0
GUN-00084,Gunshot,fsd50k,Poor,clipping: 1.2% of samples are clipped,5.543,44100,0.0,-15.7,-50.6,39.0,0.004,0.01227,0.14,0
GUN-00085,Gunshot,fsd50k,Acceptable,missing audio frames: 1 dropout (0.02 s),6.06,44100,-0.1,-35.5,-59.2,18.6,0.005,0.0,0.678,1
GUN-00086,Gunshot,fsd50k,Good,,3.622,44100,-0.0,-20.6,-53.8,39.3,0.0,6e-05,0.417,0
GUN-00087,Gunshot,fsd50k,Acceptable,clipping: 0.13% of samples are clipped,2.601,44100,0.0,-13.1,-57.2,52.3,0.007,0.00128,0.606,0
GUN-00088,Gunshot,fsd50k,Good,,5.921,44100,-5.0,-25.6,-54.5,36.4,0.0,0.0,0.11,0
GUN-00089,Gunshot,fsd50k,Acceptable,clipping: 0.27% of samples are clipped; missing audio frames: 1 dropout (0.11 s),2.46,44100,0.0,-14.6,-56.1,50.0,0.0,0.00266,0.276,1
GUN-00090,Gunshot,fsd50k,Good,,3.432,44100,-5.4,-22.3,-58.9,44.9,0.005,0.0,0.409,0
GUN-00091,Gunshot,fsd50k,Good,,1.78,44100,-3.4,-24.3,-43.3,26.1,0.017,0.0,0.197,0
GUN-00092,Gunshot,fsd50k,Good,,0.707,44100,-5.8,-24.4,-53.8,37.0,0.001,0.0,0.0,0
GUN-00093,Gunshot,fsd50k,Good,,0.947,44100,-3.1,-16.2,-50.9,41.8,0.001,0.0,0.0,0
GUN-00094,Gunshot,fsd50k,Good,,1.871,44100,-6.1,-25.2,-42.1,21.9,0.107,0.0,0.0,0
GUN-00095,Gunshot,fsd50k,Poor,clipping: 1.2% of samples are clipped,0.663,44100,0.0,-12.5,-46.7,43.2,0.009,0.01214,0.231,0
GUN-00096,Gunshot,fsd50k,Good,,1.345,44100,0.0,-17.8,-52.5,41.8,0.0,0.0,0.038,0
GUN-00097,Gunshot,fsd50k,Good,,0.85,44100,-6.9,-17.2,-40.4,30.9,0.007,0.0,0.0,0
GUN-00098,Gunshot,fsd50k,Poor,clipping: 3.2% of samples are clipped,0.944,44100,0.0,-10.8,-50.6,47.7,0.001,0.03227,0.081,0
GUN-00099,Gunshot,fsd50k,Good,,0.967,44100,-6.8,-20.1,-43.0,30.4,0.006,0.0,0.053,0
GUN-00100,Gunshot,fsd50k,Poor,clipping: 1.6% of samples are clipped,0.538,44100,0.0,-8.9,-45.5,41.8,0.05,0.01561,0.571,0
GUN-00101,Gunshot,fsd50k,Poor,clipping: 11.2% of samples are clipped,0.646,44100,0.0,-7.3,-47.7,46.9,0.002,0.11156,0.12,0
GUN-00102,Gunshot,fsd50k,Good,,2.996,44100,-5.6,-28.2,-55.6,31.0,0.0,0.0,0.487,0
GUN-00103,Gunshot,fsd50k,Poor,clipping: 1.0% of samples are clipped,1.851,44100,0.0,-14.0,-49.4,44.1,0.001,0.01018,0.243,0
GUN-00104,Gunshot,fsd50k,Acceptable,clipping: 0.87% of samples are clipped,2.758,44100,0.0,-14.5,-56.4,50.7,0.001,0.00866,0.4,0
GUN-00105,Gunshot,fsd50k,Acceptable,missing audio frames: 1 dropout (0.03 s),2.561,44100,0.0,-19.9,-58.3,39.1,0.0,0.00016,0.235,1
GUN-00106,Gunshot,fsd50k,Acceptable,clipping: 0.68% of samples are clipped,1.045,44100,0.0,-13.6,-51.5,46.6,0.0,0.00682,0.39,0
GUN-00107,Gunshot,fsd50k,Good,,0.457,44100,-1.3,-20.6,-48.9,34.9,0.028,0.0,0.0,0
GUN-00108,Gunshot,fsd50k,Good,,3.5,44100,0.0,-22.3,-55.8,37.6,0.003,0.00041,0.607,0
GUN-00109,Gunshot,fsd50k,Good,,3.5,44100,0.0,-22.2,-56.5,38.2,0.004,0.00038,0.621,0
GUN-00110,Gunshot,fsd50k,Good,,10.0,44100,-5.1,-17.0,-50.9,39.2,0.0,0.0,0.01,0
GUN-00111,Gunshot,fsd50k,Good,,2.473,44100,0.0,-19.8,-52.9,39.7,0.002,0.0008,0.092,0
GUN-00112,Gunshot,fsd50k,Good,,0.355,44100,-0.2,-10.7,-31.3,25.9,0.0,0.0,0.0,0
GUN-00113,Gunshot,fsd50k,Good,,0.531,44100,-0.2,-10.4,-31.5,26.1,0.0,0.0,0.0,0
GUN-00114,Gunshot,fsd50k,Good,,0.686,44100,-0.2,-14.8,-50.0,41.7,0.0,0.0,0.185,0
GUN-00115,Gunshot,fsd50k,Good,,6.0,44100,-2.6,-26.1,-56.6,36.4,0.01,0.0,0.625,0
GUN-00116,Gunshot,fsd50k,Good,,7.2,44100,-0.2,-18.1,-53.5,43.1,0.001,0.0,0.382,0
GUN-00117,Gunshot,fsd50k,Poor,clipping: 1.0% of samples are clipped,0.909,44100,-0.0,-17.0,-50.4,34.2,0.001,0.01018,0.167,0
GUN-00118,Gunshot,fsd50k,Good,,8.44,44100,-2.3,-25.0,-59.2,37.3,0.007,0.0,0.513,0
GUN-00119,Gunshot,fsd50k,Good,,2.5,44100,-1.2,-16.5,-52.2,41.8,0.003,0.0,0.55,0
GUN-00120,Gunshot,fsd50k,Good,,2.879,44100,-0.0,-21.2,-58.6,41.6,0.002,0.00053,0.313,0
GUN-00121,Gunshot,fsd50k,Good,,8.96,44100,0.0,-15.4,-38.8,32.2,0.0,0.00036,0.008,0
GUN-00122,Gunshot,fsd50k,Acceptable,clipping: 0.24% of samples are clipped,2.473,44100,0.0,-14.4,-45.7,39.2,0.001,0.00245,0.296,0
GUN-00123,Gunshot,fsd50k,Good,,4.098,44100,-0.1,-20.8,-58.9,41.5,0.001,0.0,0.622,0
GUN-00124,Gunshot,fsd50k,Good,,0.335,44100,-1.6,-13.1,-15.5,4.2,0.002,0.0,0.0,0
GUN-00125,Gunshot,fsd50k,Good,,0.496,44100,-1.6,-11.9,-21.3,11.6,0.0,0.0,0.0,0
GUN-00126,Gunshot,fsd50k,Good,,0.516,44100,-0.9,-12.0,-21.8,12.8,0.0,0.0,0.0,0
GUN-00127,Gunshot,fsd50k,Acceptable,clipping: 0.24% of samples are clipped,1.694,44100,0.0,-5.5,-7.2,3.1,0.002,0.00238,0.0,0
GUN-00128,Gunshot,fsd50k,Good,,3.317,44100,0.0,-8.6,-20.3,15.6,0.0,0.00056,0.0,0
GUN-00129,Gunshot,fsd50k,Good,,0.746,44100,-0.0,-13.0,-24.2,16.1,0.004,0.0,0.0,0
GUN-00130,Gunshot,fsd50k,Good,,0.424,44100,-0.0,-10.7,-18.7,10.9,0.006,0.0,0.0,0
GUN-00131,Gunshot,fsd50k,Good,,0.362,44100,0.0,-10.0,-24.0,17.7,0.001,0.00025,0.0,0
GUN-00132,Gunshot,fsd50k,Acceptable,clipping: 0.71% of samples are clipped,0.492,44100,0.0,-10.6,-44.3,39.8,0.0,0.0071,0.0,0
GUN-00133,Gunshot,fsd50k,Good,,1.328,44100,-0.1,-21.0,-57.3,44.0,0.001,0.0,0.283,0
GUN-00134,Gunshot,fsd50k,Good,,1.353,44100,-0.5,-21.5,-55.2,41.0,0.002,0.0,0.296,0
GUN-00135,Gunshot,fsd50k,Good,,8.823,44100,-1.5,-18.4,-31.9,16.3,0.014,0.0,0.017,0
GUN-00136,Gunshot,fsd50k,Good,,2.091,44100,-6.1,-30.9,-46.8,23.2,0.001,0.0,0.0,0
GUN-00137,Gunshot,fsd50k,Good,,1.771,44100,-5.4,-31.8,-48.8,24.9,0.005,0.0,0.043,0
GUN-00138,Gunshot,fsd50k,Good,,2.101,44100,-2.0,-28.3,-52.5,32.5,0.003,0.0,0.167,0
GUN-00139,Gunshot,fsd50k,Good,,1.643,44100,-0.0,-26.4,-57.7,31.8,0.001,0.0001,0.354,0
GUN-00140,Gunshot,fsd50k,Good,,2.641,44100,-0.0,-27.1,-57.8,35.8,0.001,7e-05,0.257,0
GUN-00141,Gunshot,fsd50k,Good,,3.427,44100,-1.0,-21.2,-54.9,41.9,0.001,0.0,0.547,0
GUN-00142,Gunshot,fsd50k,Good,,11.378,44100,0.0,-18.5,-42.6,27.2,0.032,0.0,0.031,0
GUN-00143,Gunshot,fsd50k,Good,,1.5,44100,-4.4,-20.2,-47.7,33.7,0.001,0.0,0.283,0
GUN-00144,Gunshot,fsd50k,Good,,1.769,44100,-2.4,-23.8,-52.6,35.3,0.0,0.0,0.071,0
GUN-00145,Gunshot,fsd50k,Acceptable,clipping: 0.28% of samples are clipped,24.197,44100,0.0,-14.5,-51.3,44.8,0.012,0.00277,0.447,0
GUN-00146,Gunshot,fsd50k,Good,,0.967,44100,-11.1,-20.7,-41.8,25.7,0.0,0.0,0.263,0
GUN-00147,Gunshot,fsd50k,Good,,1.567,44100,-3.4,-25.6,-57.1,37.2,0.026,0.0,0.774,0
GUN-00148,Gunshot,fsd50k,Good,,18.092,44100,-1.9,-26.5,-57.8,38.4,0.002,0.0,0.318,0
GUN-00149,Gunshot,fsd50k,Good,,12.918,44100,-1.0,-20.4,-46.3,32.2,0.0,0.0,0.072,0
GUN-00150,Gunshot,fsd50k,Good,,1.0,44100,-0.0,-18.5,-53.8,42.8,0.008,0.0,0.05,0
GUN-00151,Gunshot,fsd50k,Poor,clipping: 6.3% of samples are clipped,20.808,44100,0.0,-8.0,-45.2,42.5,0.012,0.06305,0.05,0
GUN-00152,Gunshot,fsd50k,Good,,8.795,44100,-2.2,-16.2,-47.4,34.9,0.045,0.0,0.083,0
GUN-00153,Gunshot,fsd50k,Good,,6.267,44100,-0.3,-25.0,-50.9,32.3,0.0,0.0,0.02,0
GUN-00154,Gunshot,fsd50k,Good,,21.079,44100,0.0,-4.6,-42.1,41.1,0.007,0.0,0.477,0
GUN-00155,Gunshot,fsd50k,Acceptable,clipping: 0.11% of samples are clipped,2.579,44100,-0.0,-24.8,-51.2,19.5,0.0,0.00113,0.0,0
GUN-00156,Gunshot,fsd50k,Acceptable,clipping: 0.29% of samples are clipped,2.933,44100,0.0,-15.0,-48.4,41.2,0.001,0.00288,0.111,0
GUN-00157,Gunshot,fsd50k,Good,,0.6,44100,-0.7,-12.0,-19.5,8.9,0.0,0.0,0.0,0
GUN-00158,Gunshot,fsd50k,Good,,5.454,44100,0.0,-14.8,-52.1,43.9,0.001,0.00015,0.436,0
GUN-00159,Gunshot,fsd50k,Poor,clipping: 14.1% of samples are clipped,2.694,44100,0.0,-7.0,-44.7,43.2,0.0,0.14118,0.0,0
GUN-00160,Gunshot,fsd50k,Acceptable,clipping: 0.83% of samples are clipped; missing audio frames: 1 dropout (2.58 s),14.536,44100,0.0,-11.2,-29.9,23.5,0.002,0.00829,0.334,1
GUN-00161,Gunshot,fsd50k,Good,,1.08,44100,-1.4,-18.2,-50.1,40.1,0.003,0.0,0.093,0
GUN-00162,Gunshot,fsd50k,Good,,6.792,44100,0.0,-15.8,-37.1,26.9,0.0,0.0,0.0,0
GUN-00163,Gunshot,fsd50k,Good,,4.154,44100,-7.4,-24.4,-30.9,10.6,0.001,0.0,0.048,0
GUN-00164,Gunshot,fsd50k,Good,,1.846,44100,-2.9,-17.4,-30.1,17.2,0.011,0.0,0.288,0
GUN-00165,Gunshot,fsd50k,Good,,0.923,44100,-2.2,-14.1,-20.8,10.2,0.003,0.0,0.167,0
GUN-00166,Gunshot,fsd50k,Acceptable,clipping: 0.34% of samples are clipped,2.069,44100,0.0,-12.6,-50.7,45.3,0.002,0.00339,0.134,0
GUN-00167,Gunshot,fsd50k,Acceptable,clipping: 0.32% of samples are clipped,4.24,44100,0.0,-21.7,-57.7,40.6,0.013,0.00325,0.0,0
GUN-00168,Gunshot,fsd50k,Good,,2.25,44100,-0.0,-14.5,-38.7,31.5,0.0,0.00072,0.144,0
GUN-00169,Gunshot,fsd50k,Acceptable,clipping: 0.26% of samples are clipped,3.0,44100,0.0,-14.2,-57.5,49.9,0.006,0.00263,0.625,0
GUN-00170,Gunshot,fsd50k,Acceptable,clipping: 0.26% of samples are clipped,1.115,44100,0.0,-9.6,-45.5,39.5,0.007,0.00256,0.136,0
GUN-00171,Gunshot,fsd50k,Good,,0.598,44100,-3.5,-19.9,-38.2,22.5,0.001,0.0,0.0,0
GUN-00172,Gunshot,urbansound8k,Good,,2.61,44100,-6.9,-29.6,-48.9,28.2,0.001,0.0,0.019,0
GUN-00173,Gunshot,urbansound8k,Good,,3.146,44100,0.0,-21.0,-41.8,26.6,0.0,0.0,0.0,0
GUN-00174,Gunshot,urbansound8k,Good,,3.176,48000,-1.0,-36.4,-59.3,22.6,0.001,0.0,0.472,0
GUN-00175,Gunshot,urbansound8k,Poor,clipping: 1.2% of samples are clipped,3.14,44100,0.0,-12.9,-56.1,53.0,0.0,0.01212,0.28,0
GUN-00176,Gunshot,urbansound8k,Good,,2.25,44100,-1.0,-21.4,-45.9,30.9,0.073,0.0,0.067,0
GUN-00177,Gunshot,urbansound8k,Good,,0.87,44100,-0.0,-22.0,-56.7,39.9,0.001,0.00074,0.029,0
GUN-00178,Gunshot,urbansound8k,Acceptable,clipping: 0.85% of samples are clipped,1.137,44100,-0.0,-14.0,-39.3,33.7,0.004,0.00849,0.0,0
GUN-00179,Gunshot,urbansound8k,Good,,0.787,48000,-3.2,-27.5,-52.5,31.9,0.0,0.0,0.258,0
GUN-00180,Gunshot,urbansound8k,Good,,1.66,48000,-1.1,-25.5,-56.5,36.2,0.0,0.0,0.545,0
GUN-00181,Gunshot,urbansound8k,Acceptable,clipping: 0.12% of samples are clipped,2.929,48000,0.0,-23.4,-58.7,38.3,0.004,0.00117,0.239,0
GUN-00182,Gunshot,urbansound8k,Acceptable,clipping: 0.24% of samples are clipped,0.958,96000,-0.0,-12.8,-15.6,8.0,0.0,0.00239,0.0,0
GUN-00183,Gunshot,urbansound8k,Good,,2.376,48000,-0.1,-23.9,-57.1,37.3,0.054,0.0,0.642,0
GUN-00184,Gunshot,urbansound8k,Acceptable,clipping: 0.11% of samples are clipped,1.86,44100,0.0,-14.2,-17.7,5.1,0.0,0.00106,0.0,0
GUN-00185,Gunshot,urbansound8k,Good,,1.74,44100,-10.4,-25.3,-44.1,25.5,0.0,0.0,0.014,0
GUN-00186,Gunshot,urbansound8k,Good,,2.07,44100,-0.0,-25.8,-58.0,38.7,0.0,0.0,0.244,0
GUN-00187,Gunshot,urbansound8k,Acceptable,clipping: 0.27% of samples are clipped,1.42,48000,0.0,-14.9,-33.3,26.8,0.0,0.00271,0.0,0
GUN-00188,Gunshot,urbansound8k,Good,,0.49,44100,-1.2,-30.7,-46.6,14.7,0.006,0.0,0.0,0
GUN-00189,Gunshot,urbansound8k,Acceptable,clipping: 0.17% of samples are clipped,1.01,44100,0.0,-10.6,-40.6,34.0,0.0,0.00174,0.15,0
GUN-00190,Gunshot,urbansound8k,Acceptable,clipping: 0.33% of samples are clipped,1.1,96000,-0.0,-12.5,-16.2,7.5,0.0,0.0033,0.0,0
GUN-00191,Gunshot,urbansound8k,Acceptable,clipping: 0.29% of samples are clipped,1.52,44100,0.0,-16.0,-46.4,37.9,0.0,0.00289,0.0,0
GUN-00192,Gunshot,urbansound8k,Poor,clipping: 1.5% of samples are clipped,1.898,48000,0.0,-12.1,-46.6,41.6,0.0,0.0148,0.0,0
GUN-00193,Gunshot,urbansound8k,Acceptable,clipping: 0.82% of samples are clipped,1.87,48000,0.0,-14.1,-47.3,38.2,0.0,0.00819,0.0,0
GUN-00194,Gunshot,urbansound8k,Acceptable,clipping: 0.48% of samples are clipped,1.2,96000,0.0,-19.3,-57.1,44.4,0.0,0.00477,0.375,0
GUN-00195,Gunshot,urbansound8k,Good,,3.166,44100,-1.0,-18.5,-43.4,32.0,0.036,0.0,0.0,0
GUN-00196,Gunshot,urbansound8k,Good,,1.447,48000,-0.0,-26.6,-50.6,26.3,0.0,2e-05,0.158,0
GUN-00197,Gunshot,urbansound8k,Acceptable,clipping: 0.94% of samples are clipped,1.31,22050,0.0,-16.0,-55.7,47.2,0.006,0.00938,0.038,0
GUN-00198,Gunshot,urbansound8k,Good,,1.88,44100,0.0,-17.9,-56.7,47.2,0.001,0.00094,0.0,0
GUN-00199,Gunshot,urbansound8k,Acceptable,clipping: 0.72% of samples are clipped,0.75,44100,0.0,-20.1,-35.8,21.6,0.002,0.00717,0.0,0
GUN-00200,Gunshot,urbansound8k,Good,,0.54,44100,-6.0,-26.1,-42.9,23.6,0.002,0.0,0.048,0
GUN-00201,Gunshot,urbansound8k,Good,,1.738,48000,-7.1,-31.9,-50.7,23.8,0.001,0.0,0.0,0
GUN-00202,Gunshot,urbansound8k,Good,,2.626,48000,-1.3,-31.6,-58.1,34.7,0.001,0.0,0.429,0
GUN-00203,Gunshot,urbansound8k,Good,,2.729,44100,-1.0,-26.1,-52.3,31.0,0.0,0.0,0.083,0
GUN-00204,Gunshot,urbansound8k,Acceptable,clipping: 0.11% of samples are clipped,2.558,48000,0.0,-20.7,-46.7,34.5,0.0,0.00105,0.029,0
GUN-00205,Gunshot,urbansound8k,Good,,1.7,44100,-0.2,-22.2,-37.0,20.9,0.001,0.0,0.0,0
GUN-00206,Gunshot,urbansound8k,Good,,2.189,44100,-1.0,-21.5,-58.6,42.2,0.001,0.0,0.207,0
GUN-00207,Gunshot,urbansound8k,Acceptable,clipping: 0.71% of samples are clipped,1.15,44100,-0.0,-14.3,-40.9,33.2,0.003,0.00709,0.0,0
GUN-00208,Gunshot,urbansound8k,Good,,1.93,48000,-1.2,-31.7,-51.4,22.9,0.0,0.0,0.0,0
GUN-00209,Gunshot,urbansound8k,Acceptable,clipping: 0.39% of samples are clipped,0.92,96000,-0.0,-12.8,-15.6,7.0,0.0,0.00392,0.0,0
GUN-00210,Gunshot,urbansound8k,Good,,1.97,48000,-6.6,-30.7,-57.8,30.2,0.007,0.0,0.564,0
GUN-00211,Gunshot,fsd50k,Good,,2.61,44100,-4.3,-32.8,-46.5,15.5,0.008,0.0,0.0,0
GUN-00212,Gunshot,fsd50k,Acceptable,missing audio frames: 1 dropout (0.20 s),6.277,44100,-3.8,-20.2,-38.1,23.2,0.0,0.0,0.084,1
GUN-00213,Gunshot,fsd50k,Good,,2.563,44100,-0.7,-13.1,-40.8,31.7,0.0,0.0,0.0,0
GUN-00214,Gunshot,fsd50k,Good,,9.961,44100,-2.1,-32.4,-59.2,32.6,0.021,0.0,0.196,0
GUN-00215,Gunshot,fsd50k,Good,,29.542,44100,-1.1,-24.5,-48.0,28.2,0.0,0.0,0.023,0
GUN-00216,Gunshot,fsd50k,Good,,1.045,44100,0.0,-19.0,-54.2,43.8,0.001,0.0,0.317,0
GUN-00217,Gunshot,fsd50k,Good,,2.0,44100,-6.1,-22.5,-54.0,37.2,0.001,0.0,0.775,0
GUN-00218,Gunshot,fsd50k,Good,,5.069,44100,-2.8,-28.0,-52.1,24.4,0.0,0.0,0.015,0
GUN-00219,Gunshot,fsd50k,Good,,1.25,44100,-0.0,-22.4,-52.1,39.0,0.0,0.0,0.02,0
GUN-00220,Gunshot,fsd50k,Acceptable,clipping: 0.60% of samples are clipped,2.334,44100,0.0,-9.7,-30.4,28.1,0.0,0.00597,0.0,0
GUN-00221,Gunshot,fsd50k,Good,,4.167,44100,-0.3,-15.9,-57.1,47.8,0.0,0.0,0.169,0
GUN-00222,Gunshot,fsd50k,Good,,2.158,44100,0.0,-16.4,-53.1,43.1,0.105,3e-05,0.151,0
GUN-00223,Gunshot,fsd50k,Poor,clipping: 12.2% of samples are clipped,4.0,44100,0.0,-6.5,-31.8,31.3,0.001,0.122,0.006,0
GUN-00224,Gunshot,fsd50k,Poor,missing audio frames: 3 dropouts (0.16 s),4.226,44100,-0.0,-19.9,-52.8,39.7,0.0,9e-05,0.527,3
GUN-00225,Gunshot,fsd50k,Good,,2.558,44100,-4.2,-20.8,-42.1,26.7,0.021,0.0,0.206,0
GUN-00226,Gunshot,fsd50k,Good,,1.5,44100,-0.9,-16.6,-46.7,36.6,0.002,0.0,0.267,0
GUN-00227,Gunshot,fsd50k,Good,,0.805,44100,-0.2,-23.8,-49.6,32.6,0.022,0.0,0.0,0
GUN-00228,Gunshot,fsd50k,Good,,1.929,44100,-1.3,-16.1,-49.6,39.4,0.004,0.0,0.013,0
GUN-00229,Gunshot,fsd50k,Good,,0.7,44100,-0.0,-18.5,-48.5,37.2,0.003,0.0,0.185,0
GUN-00230,Gunshot,fsd50k,Acceptable,clipping: 0.62% of samples are clipped,6.055,44100,0.0,-14.7,-56.6,52.7,0.022,0.00619,0.413,0
GUN-00231,Gunshot,fsd50k,Good,,0.794,44100,-6.9,-17.2,-37.2,27.6,0.007,0.0,0.0,0
GUN-00232,Gunshot,fsd50k,Poor,clipping: 2.8% of samples are clipped,2.443,44100,0.0,-9.8,-57.1,55.8,0.006,0.02826,0.515,0
GUN-00233,Gunshot,fsd50k,Poor,clipping: 0.73% of samples are clipped; missing audio frames: 4 dropouts (1.20 s),6.518,44100,0.0,-14.1,-51.8,46.2,0.033,0.00727,0.331,4
GUN-00234,Gunshot,fsd50k,Poor,clipping: 1.6% of samples are clipped,0.829,44100,0.0,-12.6,-54.7,50.7,0.001,0.0157,0.121,0
GUN-00235,Gunshot,fsd50k,Good,,2.24,44100,-0.9,-28.4,-58.9,33.2,0.001,0.0,0.517,0
GUN-00236,Gunshot,fsd50k,Good,,4.16,44100,0.0,-32.5,-46.3,15.7,0.007,7e-05,0.0,0
GUN-00237,Gunshot,fsd50k,Good,,0.452,44100,-1.9,-13.7,-16.4,4.6,0.002,0.0,0.0,0
GUN-00238,Gunshot,fsd50k,Good,,0.426,44100,0.0,-10.5,-19.9,12.4,0.0,0.00016,0.0,0
GUN-00239,Gunshot,fsd50k,Good,,0.523,44100,-0.7,-12.1,-24.9,15.6,0.0,0.0,0.0,0
GUN-00240,Gunshot,fsd50k,Good,,5.588,44100,0.0,-12.9,-25.7,18.4,0.004,0.00015,0.0,0
GUN-00241,Gunshot,fsd50k,Good,,2.345,44100,-1.0,-23.9,-51.9,34.3,0.017,0.0,0.505,0
GUN-00242,Gunshot,fsd50k,Good,,4.222,44100,0.0,-24.4,-53.5,28.3,0.005,0.0001,0.0,0
GUN-00243,Gunshot,fsd50k,Poor,clipping: 3.7% of samples are clipped,0.383,44100,0.0,-8.7,-20.6,17.6,0.0,0.03657,0.0,0
GUN-00244,Gunshot,fsd50k,Good,,4.047,44100,0.0,-20.1,-57.7,40.6,0.006,0.00082,0.317,0
GUN-00245,Gunshot,fsd50k,Good,,4.079,44100,-38.5,-42.2,-54.5,14.8,0.004,0.0,0.515,0
GUN-00246,Gunshot,fsd50k,Poor,clipping: 1.2% of samples are clipped,5.602,44100,0.0,-12.5,-45.0,37.7,0.009,0.01156,0.076,0
GUN-00247,Gunshot,urbansound8k,Good,,1.508,44100,-0.3,-17.9,-38.0,23.9,0.0,0.0,0.0,0
GUN-00248,Gunshot,urbansound8k,Good,,2.37,48000,-1.0,-19.0,-54.3,42.9,0.001,0.0,0.691,0
GUN-00249,Gunshot,urbansound8k,Poor,clipping: 1.6% of samples are clipped,1.08,96000,0.0,-12.9,-52.9,47.1,0.0,0.01627,0.465,0
GUN-00250,Gunshot,urbansound8k,Good,,1.036,44100,-0.0,-21.3,-55.6,42.4,0.003,0.00072,0.561,0
GUN-00251,Gunshot,urbansound8k,Acceptable,clipping: 0.65% of samples are clipped,1.33,44100,0.0,-16.5,-59.1,50.7,0.002,0.00655,0.094,0
GUN-00252,Gunshot,urbansound8k,Acceptable,clipping: 0.29% of samples are clipped,0.648,44100,-0.0,-16.5,-45.0,36.3,0.005,0.00292,0.0,0
GUN-00253,Gunshot,urbansound8k,Acceptable,clipping: 0.55% of samples are clipped,2.53,44100,0.0,-15.5,-50.1,40.6,0.002,0.00552,0.0,0
GUN-00254,Gunshot,urbansound8k,Poor,clipping: 1.5% of samples are clipped,2.13,48000,0.0,-11.5,-45.7,42.9,0.0,0.01521,0.0,0
GUN-00255,Gunshot,urbansound8k,Good,,1.395,44100,-2.2,-26.5,-40.2,16.1,0.002,0.0,0.0,0
GUN-00256,Gunshot,fsd50k,Good,,27.611,44100,0.0,-16.9,-56.3,46.0,0.001,3e-05,0.185,0
GUN-00257,Gunshot,fsd50k,Poor,clipping: 4.5% of samples are clipped,1.498,44100,0.0,-11.4,-53.6,51.8,0.0,0.0454,0.051,0
GUN-00258,Gunshot,fsd50k,Poor,clipping: 3.3% of samples are clipped,2.117,44100,0.0,-10.6,-48.7,46.4,0.0,0.03264,0.25,0
GUN-00259,Gunshot,fsd50k,Good,,1.316,44100,-10.2,-24.0,-40.3,23.2,0.0,0.0,0.0,0
GUN-00260,Gunshot,fsd50k,Poor,clipping: 5.0% of samples are clipped,0.8,44100,0.0,-9.3,-47.8,45.1,0.001,0.05006,0.125,0
GUN-00261,Gunshot,fsd50k,Poor,missing audio frames: 3 dropouts (0.40 s),6.531,44100,-9.7,-26.6,-44.0,23.2,0.0,0.0,0.057,3
GUN-00262,Gunshot,fsd50k,Good,,0.889,44100,-0.2,-12.9,-17.3,7.7,0.002,0.0,0.0,0
GUN-00263,Gunshot,fsd50k,Good,,0.934,44100,-1.0,-17.4,-23.8,9.5,0.016,0.0,0.0,0
GUN-00264,Gunshot,fsd50k,Acceptable,clipping: 0.32% of samples are clipped,2.125,44100,0.0,-16.6,-58.2,49.0,0.002,0.00317,0.494,0
GUN-00265,Gunshot,fsd50k,Good,,2.564,44100,-3.1,-19.2,-47.4,35.3,0.0,0.0,0.049,0
GUN-00266,Gunshot,fsd50k,Good,,1.614,44100,-12.3,-31.9,-57.4,32.9,0.002,0.0,0.469,0
GUN-00267,Gunshot,fsd50k,Poor,clipping: 1.7% of samples are clipped,0.708,44100,-0.0,-12.3,-44.7,40.8,0.0,0.01733,0.036,0
GUN-00268,Gunshot,fsd50k,Poor,clipping: 2.7% of samples are clipped,2.255,44100,0.0,-9.0,-22.1,17.3,0.058,0.02695,0.0,0
GUN-00269,Gunshot,fsd50k,Good,,2.906,44100,0.0,-16.0,-44.0,34.8,0.015,0.00024,0.034,0
GUN-00270,Gunshot,fsd50k,Good,,2.022,44100,0.0,-18.3,-50.0,37.4,0.0,0.00089,0.3,0
GUN-00271,Gunshot,fsd50k,Poor,clipping: 4.3% of samples are clipped,1.173,44100,0.0,-10.9,-40.9,38.5,0.001,0.04287,0.0,0
GUN-00272,Gunshot,fsd50k,Good,,3.696,44100,-7.0,-20.7,-40.0,23.9,0.002,0.0,0.082,0
GUN-00273,Gunshot,fsd50k,Good,,7.186,44100,-3.0,-20.9,-51.2,38.0,0.0,0.0,0.272,0
GUN-00274,Gunshot,fsd50k,Good,,0.999,44100,-3.0,-15.1,-27.8,14.4,0.001,0.0,0.179,0
GUN-00275,Gunshot,fsd50k,Poor,clipping: 1.4% of samples are clipped,3.268,44100,0.0,-15.0,-52.5,46.3,0.0,0.01372,0.015,0
GUN-00276,Gunshot,fsd50k,Good,,0.72,44100,-0.0,-18.0,-48.5,36.7,0.0,0.0,0.0,0
GUN-00277,Gunshot,fsd50k,Acceptable,clipping: 0.38% of samples are clipped,1.356,44100,0.0,-14.4,-53.2,47.8,0.002,0.00383,0.352,0
GUN-00278,Gunshot,fsd50k,Good,,2.414,44100,-7.0,-25.3,-54.4,37.0,0.001,0.0,0.208,0
GUN-00279,Gunshot,fsd50k,Good,,3.204,44100,-7.0,-26.3,-48.6,28.9,0.0,0.0,0.227,0
GUN-00280,Gunshot,fsd50k,Good,,0.64,44100,-15.3,-32.0,-38.9,13.0,0.001,0.0,0.0,0
GUN-00281,Gunshot,fsd50k,Good,,0.883,44100,-2.0,-13.6,-15.9,4.0,0.002,0.0,0.0,0
GUN-00282,Gunshot,fsd50k,Good,,0.485,44100,0.0,-10.9,-16.3,8.1,0.0,0.0,0.0,0
GUN-00283,Gunshot,fsd50k,Good,,1.461,44100,-0.2,-22.9,-51.6,34.9,0.0,0.0,0.345,0
GUN-00284,Gunshot,fsd50k,Good,,2.468,44100,-3.5,-21.3,-48.1,34.5,0.002,0.0,0.092,0
GUN-00285,Gunshot,fsd50k,Good,,1.7,44100,-4.7,-17.1,-43.0,31.3,0.0,0.0,0.176,0
GUN-00286,Gunshot,fsd50k,Good,,1.064,44100,-4.4,-19.2,-27.6,11.4,0.011,0.0,0.0,0
GUN-00287,Gunshot,fsd50k,Acceptable,clipping: 0.18% of samples are clipped,7.662,44100,0.0,-12.5,-34.5,28.6,0.001,0.00181,0.154,0
GUN-00288,Gunshot,fsd50k,Good,,9.002,44100,0.0,-20.2,-55.7,43.8,0.005,0.00087,0.064,0
GUN-00289,Gunshot,fsd50k,Acceptable,missing audio frames: 1 dropout (0.26 s),3.971,44100,-1.1,-22.1,-54.5,40.0,0.001,0.0,0.114,1
GUN-00290,Gunshot,fsd50k,Poor,silence: 97% of the recording is silent,3.629,44100,-7.0,-37.4,-58.0,25.3,0.008,0.0,0.966,0
GUN-00291,Gunshot,fsd50k,Acceptable,clipping: 0.97% of samples are clipped,1.393,44100,0.0,-14.2,-50.9,45.7,0.0,0.0097,0.091,0
GUN-00292,Gunshot,fsd50k,Good,,10.0,44100,-3.1,-22.8,-56.4,41.8,0.011,0.0,0.9,0
GUN-00293,Gunshot,fsd50k,Good,,3.309,44100,-7.3,-24.4,-53.8,34.9,0.003,0.0,0.485,0
GUN-00294,Gunshot,urbansound8k,Poor,clipping: 1.0% of samples are clipped,1.497,22050,-0.0,-10.2,-54.8,52.0,0.02,0.01012,0.102,0
GUN-00295,Gunshot,urbansound8k,Good,,2.518,44100,-1.3,-19.5,-48.0,36.4,0.0,0.0,0.01,0
GUN-00296,Gunshot,urbansound8k,Good,,0.716,96000,0.0,-16.5,-53.8,42.4,0.0,0.00096,0.429,0
GUN-00297,Gunshot,urbansound8k,Good,,2.35,48000,-1.2,-32.0,-53.2,25.1,0.001,0.0,0.0,0
GUN-00298,Gunshot,urbansound8k,Poor,clipping: 2.3% of samples are clipped,0.818,96000,0.0,-15.7,-59.2,52.3,0.0,0.02278,0.062,0
GUN-00299,Gunshot,urbansound8k,Poor,clipping: 7.4% of samples are clipped,0.34,48000,0.0,-8.6,-33.6,29.3,0.0,0.07405,0.0,0
GUN-00300,Gunshot,urbansound8k,Good,,1.766,44100,-1.0,-20.5,-49.6,35.8,0.002,0.0,0.043,0
SCR-00001,Panic Scream,fsd50k,Good,,5.0,44100,-6.1,-20.1,-50.1,35.7,0.0,0.0,0.32,0
SCR-00002,Panic Scream,fsd50k,Good,,8.531,44100,-0.6,-18.8,-54.3,41.1,0.0,0.0,0.006,0
SCR-00003,Panic Scream,fsd50k,Good,,6.398,44100,-0.4,-15.5,-55.6,45.7,0.0,0.0,0.027,0
SCR-00004,Panic Scream,fsd50k,Good,,4.227,44100,-0.0,-17.8,-41.2,30.6,0.0,3e-05,0.0,0
SCR-00005,Panic Scream,fsd50k,Good,,4.0,44100,-4.6,-28.6,-50.7,30.8,0.001,0.0,0.875,0
SCR-00006,Panic Scream,fsd50k,Good,,1.846,44100,-7.0,-22.4,-29.6,9.9,0.0,0.0,0.329,0
SCR-00007,Panic Scream,fsd50k,Acceptable,missing audio frames: 2 dropouts (0.58 s),8.133,44100,-7.5,-14.8,-39.7,29.3,0.001,0.0,0.203,2
SCR-00008,Panic Scream,fsd50k,Poor,clipping: 9.7% of samples are clipped,2.754,44100,0.0,-4.9,-18.6,17.0,0.0,0.09681,0.0,0
SCR-00009,Panic Scream,fsd50k,Good,,4.807,44100,-0.6,-10.6,-34.7,27.7,0.0,0.0,0.005,0
SCR-00010,Panic Scream,fsd50k,Poor,clipping: 24.6% of samples are clipped,3.495,44100,0.0,-4.0,-18.0,16.8,0.006,0.24633,0.0,0
SCR-00011,Panic Scream,fsd50k,Good,,3.173,44100,0.0,-14.7,-52.8,44.4,0.001,0.0,0.0,0
SCR-00012,Panic Scream,fsd50k,Good,,12.602,44100,-3.8,-21.2,-43.3,29.2,0.0,0.0,0.254,0
SCR-00013,Panic Scream,fsd50k,Good,,2.016,44100,-2.6,-13.1,-46.4,36.5,0.0,0.0,0.138,0
SCR-00014,Panic Scream,fsd50k,Good,,8.915,44100,-0.0,-14.8,-33.7,24.8,0.0,0.0,0.011,0
SCR-00015,Panic Scream,fsd50k,Good,,2.236,44100,-0.0,-14.6,-32.0,20.8,0.0,0.0,0.0,0
SCR-00016,Panic Scream,fsd50k,Good,,8.0,44100,-15.8,-28.5,-51.8,28.0,0.0,0.0,0.05,0
SCR-00017,Panic Scream,fsd50k,Acceptable,missing audio frames: 2 dropouts (0.73 s),3.653,44100,-0.2,-17.0,-49.2,36.7,0.001,0.0,0.226,2
SCR-00018,Panic Scream,fsd50k,Good,,7.661,44100,-1.0,-15.6,-48.4,36.4,0.0,0.0,0.052,0
SCR-00019,Panic Scream,fsd50k,Good,,4.35,44100,-0.8,-14.4,-49.0,38.7,0.0,0.0,0.201,0
SCR-00020,Panic Scream,fsd50k,Good,,4.471,44100,-1.5,-16.0,-55.3,43.5,0.001,0.0,0.157,0
SCR-00021,Panic Scream,fsd50k,Good,,5.051,44100,-0.8,-14.6,-30.4,20.2,0.001,0.0,0.01,0
SCR-00022,Panic Scream,fsd50k,Good,,4.222,44100,-0.4,-15.5,-23.9,13.1,0.0,0.0,0.0,0
SCR-00023,Panic Scream,fsd50k,Good,,5.593,44100,-0.6,-16.7,-21.6,7.3,0.001,0.0,0.112,0
SCR-00024,Panic Scream,fsd50k,Good,,4.208,44100,-1.7,-15.4,-20.5,8.7,0.002,0.0,0.083,0
SCR-00025,Panic Scream,fsd50k,Good,,6.673,44100,-0.0,-11.8,-21.0,12.7,0.001,0.00039,0.004,0
SCR-00026,Panic Scream,fsd50k,Good,,2.725,44100,0.0,-6.2,-8.2,4.1,0.002,0.0,0.0,0
SCR-00027,Panic Scream,fsd50k,Good,,6.988,44100,-0.0,-15.9,-27.0,16.7,0.001,4e-05,0.0,0
SCR-00028,Panic Scream,fsd50k,Good,,0.468,44100,-0.3,-13.4,-38.7,29.9,0.001,0.0,0.0,0
SCR-00029,Panic Scream,fsd50k,Good,,0.939,44100,-4.3,-14.7,-30.6,19.1,0.0,0.0,0.0,0
SCR-00030,Panic Scream,fsd50k,Good,,1.602,44100,0.0,-10.0,-56.0,51.1,0.001,0.0,0.359,0
SCR-00031,Panic Scream,fsd50k,Good,,1.602,44100,-0.1,-16.3,-57.1,46.8,0.008,0.0,0.344,0
SCR-00032,Panic Scream,fsd50k,Good,,2.116,44100,0.0,-8.8,-11.0,3.7,0.001,6e-05,0.0,0
SCR-00033,Panic Scream,fsd50k,Good,,3.03,44100,-0.1,-8.7,-54.4,49.7,0.0,0.0,0.496,0
SCR-00034,Panic Scream,fsd50k,Good,,1.277,44100,-7.4,-17.2,-22.5,7.5,0.0,0.0,0.098,0
SCR-00035,Panic Scream,fsd50k,Good,,1.785,44100,-8.5,-23.9,-56.9,36.9,0.001,0.0,0.099,0
SCR-00036,Panic Scream,fsd50k,Good,,0.922,44100,-4.0,-16.5,-56.6,44.0,0.003,0.0,0.333,0
SCR-00037,Panic Scream,fsd50k,Good,,4.516,44100,-5.3,-16.3,-20.0,7.1,0.0,0.0,0.0,0
SCR-00038,Panic Scream,fsd50k,Good,,1.765,44100,-4.0,-16.2,-26.9,12.4,0.002,0.0,0.157,0
SCR-00039,Panic Scream,fsd50k,Good,,2.405,44100,-7.5,-16.7,-20.2,5.6,0.001,0.0,0.146,0
SCR-00040,Panic Scream,fsd50k,Poor,clipping: 5.9% of samples are clipped,0.86,44100,-0.0,-6.0,-28.9,26.6,0.002,0.05901,0.0,0
SCR-00041,Panic Scream,fsd50k,Good,,1.66,44100,-3.0,-8.8,-28.9,21.5,0.0,0.0,0.0,0
SCR-00042,Panic Scream,fsd50k,Good,,2.14,44100,-3.0,-9.4,-42.3,34.5,0.003,0.0,0.0,0
SCR-00043,Panic Scream,fsd50k,Good,,1.043,44100,-2.9,-10.7,-35.1,27.7,0.001,0.0,0.0,0
SCR-00044,Panic Scream,fsd50k,Poor,clipping: 2.4% of samples are clipped,1.306,44100,0.0,-5.6,-27.3,24.5,0.008,0.02363,0.115,0
SCR-00045,Panic Scream,fsd50k,Poor,clipping: 8.4% of samples are clipped,1.306,44100,0.0,-3.7,-28.0,26.3,0.005,0.0845,0.096,0
SCR-00046,Panic Scream,fsd50k,Acceptable,clipping: 0.55% of samples are clipped,4.37,44100,0.0,-7.2,-9.3,4.2,0.006,0.00553,0.006,0
SCR-00047,Panic Scream,fsd50k,Acceptable,clipping: 0.63% of samples are clipped,4.753,44100,0.0,-7.6,-10.7,6.7,0.0,0.00634,0.0,0
SCR-00048,Panic Scream,fsd50k,Good,,0.952,44100,-1.7,-6.3,-15.8,10.5,0.038,0.0,0.0,0
SCR-00049,Panic Scream,fsd50k,Good,,3.023,44100,-8.0,-21.1,-54.1,39.0,0.003,0.0,0.333,0
SCR-00050,Panic Scream,fsd50k,Poor,clipping: 15.9% of samples are clipped,6.0,44100,0.0,-3.7,-16.6,15.0,0.002,0.15896,0.013,0
SCR-00051,Panic Scream,fsd50k,Good,,1.5,44100,-2.9,-16.8,-48.6,37.0,0.002,0.0,0.217,0
SCR-00052,Panic Scream,fsd50k,Good,,6.531,44100,0.0,-10.2,-55.3,51.6,0.0,0.00015,0.015,0
SCR-00053,Panic Scream,fsd50k,Good,,3.979,44100,-1.9,-5.6,-6.6,2.3,0.0,0.0,0.195,0
SCR-00054,Panic Scream,fsd50k,Good,,1.901,44100,-0.1,-15.3,-52.3,43.3,0.0,0.0,0.0,0
SCR-00055,Panic Scream,fsd50k,Good,,0.883,44100,-3.9,-16.1,-23.8,10.1,0.001,0.0,0.0,0
SCR-00056,Panic Scream,fsd50k,Good,,0.575,44100,-4.7,-17.3,-21.8,8.0,0.0,0.0,0.0,0
SCR-00057,Panic Scream,fsd50k,Good,,5.329,44100,-0.3,-17.0,-58.9,48.3,0.004,0.0,0.709,0
SCR-00058,Panic Scream,fsd50k,Good,,0.836,44100,-4.7,-9.3,-49.0,42.7,0.06,0.0,0.0,0
SCR-00059,Panic Scream,fsd50k,Good,,1.028,44100,-6.6,-12.3,-40.9,32.2,0.019,0.0,0.0,0
SCR-00060,Panic Scream,fsd50k,Good,,1.834,44100,-7.5,-21.9,-43.3,25.2,0.001,0.0,0.11,0
SCR-00061,Panic Scream,fsd50k,Good,,3.799,44100,-0.1,-13.5,-42.7,33.2,0.0,0.0,0.217,0
SCR-00062,Panic Scream,fsd50k,Good,,4.416,44100,-9.3,-25.5,-58.0,39.6,0.003,0.0,0.068,0
SCR-00063,Panic Scream,fsd50k,Good,,3.694,44100,-11.2,-23.8,-36.5,17.0,0.0,0.0,0.32,0
SCR-00064,Panic Scream,fsd50k,Good,,1.622,44100,-0.1,-13.8,-35.1,24.1,0.001,0.0,0.109,0
SCR-00065,Panic Scream,fsd50k,Good,,1.141,44100,-2.1,-11.1,-48.6,41.1,0.0,0.0,0.111,0
SCR-00066,Panic Scream,fsd50k,Good,,1.044,44100,-3.4,-14.5,-45.3,33.8,0.0,0.0,0.195,0
SCR-00067,Panic Scream,fsd50k,Good,,0.859,44100,-3.0,-16.5,-39.9,30.1,0.0,0.0,0.0,0
SCR-00068,Panic Scream,fsd50k,Good,,0.731,44100,-2.8,-15.6,-24.3,11.1,0.0,0.0,0.069,0
SCR-00069,Panic Scream,fsd50k,Good,,0.81,44100,-0.5,-15.6,-25.0,12.3,0.0,0.0,0.094,0
SCR-00070,Panic Scream,fsd50k,Good,,5.851,44100,-1.9,-15.2,-42.5,30.7,0.0,0.0,0.167,0
SCR-00071,Panic Scream,fsd50k,Good,,1.039,44100,0.0,-8.4,-24.5,20.4,0.0,0.00013,0.0,0
SCR-00072,Panic Scream,fsd50k,Acceptable,clipping: 0.18% of samples are clipped,2.054,44100,0.0,-9.3,-30.9,26.4,0.0,0.00183,0.024,0
SCR-00073,Panic Scream,fsd50k,Acceptable,missing audio frames: 1 dropout (0.05 s),4.289,44100,-6.7,-20.7,-53.7,37.3,0.0,0.0,0.474,1
SCR-00074,Panic Scream,fsd50k,Good,,12.696,44100,-0.1,-30.8,-39.9,14.0,0.0,0.0,0.0,0
SCR-00075,Panic Scream,fsd50k,Good,,3.325,44100,-8.5,-19.4,-32.6,19.6,0.0,0.0,0.008,0
SCR-00076,Panic Scream,fsd50k,Good,,4.811,44100,-0.0,-21.9,-54.5,38.6,0.0,0.00015,0.057,0
SCR-00077,Panic Scream,fsd50k,Good,,0.773,44100,-0.0,-12.3,-43.6,35.5,0.0,0.0,0.0,0
SCR-00078,Panic Scream,fsd50k,Good,,0.743,44100,-0.9,-9.9,-16.0,7.7,0.0,0.0,0.0,0
SCR-00079,Panic Scream,fsd50k,Good,,6.2,44100,-4.1,-20.3,-32.8,17.2,0.0,0.0,0.004,0
SCR-00080,Panic Scream,fsd50k,Good,,2.192,44100,-1.4,-19.7,-32.7,14.3,0.0,0.0,0.092,0
SCR-00081,Panic Scream,fsd50k,Good,,6.252,44100,-1.0,-16.6,-48.5,35.6,0.001,0.0,0.0,0
SCR-00082,Panic Scream,fsd50k,Good,,4.538,44100,-4.4,-12.2,-53.2,45.3,0.001,0.0,0.486,0
SCR-00083,Panic Scream,fsd50k,Good,,1.776,44100,-0.0,-11.2,-14.2,5.0,0.0,0.0,0.366,0
SCR-00084,Panic Scream,fsd50k,Good,,0.734,44100,-1.5,-12.0,-15.7,7.1,0.0,0.0,0.0,0
SCR-00085,Panic Scream,fsd50k,Good,,4.046,44100,-2.1,-15.2,-19.0,6.4,0.0,0.0,0.0,0
SCR-00086,Panic Scream,fsd50k,Acceptable,clipping: 0.29% of samples are clipped,14.318,44100,0.0,-17.6,-45.3,34.1,0.002,0.00291,0.133,0
SCR-00087,Panic Scream,fsd50k,Good,,2.398,44100,-4.0,-18.2,-57.0,44.5,0.0,0.0,0.074,0
SCR-00088,Panic Scream,fsd50k,Good,,3.402,44100,-0.0,-16.4,-57.1,45.7,0.001,0.0,0.007,0
SCR-00089,Panic Scream,fsd50k,Good,,9.316,44100,-19.3,-41.4,-46.0,8.1,0.0,0.0,0.0,0
SCR-00090,Panic Scream,fsd50k,Good,,0.974,44100,-4.7,-20.1,-48.8,32.7,0.0,0.0,0.079,0
SCR-00091,Panic Scream,fsd50k,Good,,1.687,44100,-8.8,-18.1,-48.9,33.2,0.0,0.0,0.478,0
SCR-00092,Panic Scream,fsd50k,Acceptable,clipping: 0.49% of samples are clipped,5.916,44100,0.0,-6.0,-15.9,11.7,0.001,0.00485,0.013,0
SCR-00093,Panic Scream,fsd50k,Good,,1.196,44100,-17.7,-28.2,-44.5,20.7,0.0,0.0,0.404,0
SCR-00094,Panic Scream,fsd50k,Poor,clipping: 25.5% of samples are clipped,2.598,44100,-0.0,-3.2,-14.2,13.0,0.003,0.25532,0.0,0
SCR-00095,Panic Scream,fsd50k,Acceptable,clipping: 0.24% of samples are clipped,1.103,44100,0.0,-9.4,-31.4,27.8,0.0,0.00238,0.114,0
SCR-00096,Panic Scream,fsd50k,Good,,1.396,44100,-1.9,-15.7,-46.9,35.2,0.003,0.0,0.036,0
SCR-00097,Panic Scream,fsd50k,Good,,2.369,44100,-5.5,-17.2,-49.7,37.0,0.0,0.0,0.0,0
SCR-00098,Panic Scream,fsd50k,Good,,6.68,44100,-6.0,-20.7,-24.3,6.6,0.0,0.0,0.199,0
SCR-00099,Panic Scream,fsd50k,Good,,24.156,44100,-1.3,-13.0,-16.4,6.2,0.0,0.0,0.0,0
SCR-00100,Panic Scream,fsd50k,Good,,8.148,44100,-1.3,-17.7,-37.0,25.5,0.007,0.0,0.0,0
SCR-00101,Panic Scream,fsd50k,Good,,18.005,44100,-1.9,-19.8,-27.1,12.1,0.001,0.0,0.0,0
SCR-00102,Panic Scream,fsd50k,Good,,9.52,44100,-0.0,-11.0,-46.9,40.4,0.002,0.0,0.268,0
SCR-00103,Panic Scream,fsd50k,Good,,27.173,44100,-5.3,-39.9,-59.3,26.0,0.004,0.0,0.606,0
SCR-00104,Panic Scream,fsd50k,Good,,3.839,44100,-8.3,-24.2,-53.8,34.5,0.0,0.0,0.065,0
SCR-00105,Panic Scream,fsd50k,Good,,12.347,44100,-0.6,-19.3,-43.0,30.9,0.0,0.0,0.0,0
SCR-00106,Panic Scream,fsd50k,Poor,clipping: 1.0% of samples are clipped,2.74,44100,0.0,-10.8,-30.2,27.2,0.0,0.01005,0.165,0
SCR-00107,Panic Scream,fsd50k,Good,,4.589,44100,-8.1,-20.2,-39.0,22.9,0.0,0.0,0.727,0
SCR-00108,Panic Scream,fsd50k,Acceptable,missing audio frames: 1 dropout (0.58 s),4.589,44100,-5.7,-19.1,-35.9,20.3,0.0,0.0,0.634,1
SCR-00109,Panic Scream,fsd50k,Poor,clipping: 11.0% of samples are clipped,3.158,44100,0.0,-4.6,-9.8,8.2,0.007,0.10984,0.0,0
SCR-00110,Panic Scream,fsd50k,Good,,1.134,44100,0.0,-15.4,-21.3,8.5,0.001,0.0,0.178,0
SCR-00111,Panic Scream,fsd50k,Good,,7.822,44100,0.0,-16.9,-17.9,2.6,0.0,1e-05,0.0,0
SCR-00112,Panic Scream,fsd50k,Good,,1.358,44100,-0.0,-10.7,-31.8,26.9,0.003,5e-05,0.519,0
SCR-00113,Panic Scream,fsd50k,Good,,1.251,44100,-8.5,-22.4,-58.7,41.8,0.0,0.0,0.06,0
SCR-00114,Panic Scream,fsd50k,Good,,4.232,44100,-2.5,-19.8,-58.7,43.9,0.002,0.0,0.278,0
SCR-00115,Panic Scream,fsd50k,Acceptable,missing audio frames: 1 dropout (0.27 s),19.248,44100,-0.5,-13.8,-16.9,5.7,0.0,0.0,0.018,1
SCR-00116,Panic Scream,fsd50k,Good,,5.76,44100,-6.8,-24.7,-38.9,19.4,0.001,0.0,0.0,0
SCR-00117,Panic Scream,fsd50k,Acceptable,clipping: 0.83% of samples are clipped,1.548,44100,0.0,-8.5,-23.6,19.0,0.0,0.00829,0.0,0
SCR-00118,Panic Scream,fsd50k,Good,,2.632,44100,0.0,-13.0,-51.5,43.3,0.0,0.00016,0.19,0
SCR-00119,Panic Scream,fsd50k,Good,,1.776,44100,-4.6,-14.1,-19.8,7.5,0.001,0.0,0.211,0
SCR-00120,Panic Scream,fsd50k,Good,,2.353,44100,-5.4,-15.7,-19.3,5.0,0.0,0.0,0.17,0
SCR-00121,Panic Scream,fsd50k,Good,,16.144,44100,-9.3,-23.5,-38.0,19.5,0.004,0.0,0.006,0
SCR-00122,Panic Scream,fsd50k,Good,,3.759,44100,-2.8,-18.2,-36.5,22.7,0.0,0.0,0.013,0
SCR-00123,Panic Scream,fsd50k,Good,,2.534,44100,-2.6,-19.0,-44.7,31.3,0.0,0.0,0.347,0
SCR-00124,Panic Scream,nonspeech7k,Good,,2.397,32000,0.0,-6.9,-44.0,39.8,0.001,0.0,0.0,0
SCR-00125,Panic Scream,nonspeech7k,Acceptable,clipping: 0.51% of samples are clipped,2.682,32000,0.0,-3.9,-41.1,39.7,0.0,0.00512,0.0,0
SCR-00126,Panic Scream,nonspeech7k,Good,,1.037,32000,-4.9,-16.0,-32.8,20.5,0.0,0.0,0.0,0
SCR-00127,Panic Scream,nonspeech7k,Good,,1.415,32000,0.0,-13.2,-15.3,6.3,0.0,0.0,0.0,0
SCR-00128,Panic Scream,nonspeech7k,Good,,2.615,32000,-3.7,-19.1,-33.7,20.4,0.0,0.0,0.0,0
SCR-00129,Panic Scream,nonspeech7k,Poor,clipping: 7.5% of samples are clipped,0.953,32000,0.0,-4.8,-34.2,32.4,0.0,0.07519,0.0,0
SCR-00130,Panic Scream,nonspeech7k,Acceptable,clipping: 0.92% of samples are clipped,1.213,32000,0.0,-7.3,-14.9,9.7,0.001,0.00925,0.0,0
SCR-00131,Panic Scream,nonspeech7k,Acceptable,clipping: 0.49% of samples are clipped,1.98,32000,0.0,-6.7,-10.1,7.1,0.001,0.00494,0.0,0
SCR-00132,Panic Scream,nonspeech7k,Poor,clipping: 33.8% of samples are clipped,1.433,32000,0.0,-2.3,-16.7,15.7,0.001,0.3383,0.0,0
SCR-00133,Panic Scream,nonspeech7k,Poor,clipping: 16.5% of samples are clipped,1.848,32000,0.0,-3.7,-29.5,27.8,0.014,0.16491,0.0,0
SCR-00134,Panic Scream,nonspeech7k,Poor,clipping: 15.9% of samples are clipped,0.83,32000,0.0,-3.3,-24.4,23.2,0.012,0.15881,0.0,0
SCR-00135,Panic Scream,nonspeech7k,Poor,clipping: 12.6% of samples are clipped,0.979,32000,0.0,-3.5,-28.3,26.4,0.018,0.12554,0.0,0
SCR-00136,Panic Scream,nonspeech7k,Poor,clipping: 22.5% of samples are clipped,0.731,32000,0.0,-2.9,-25.3,24.0,0.003,0.22525,0.0,0
SCR-00137,Panic Scream,nonspeech7k,Poor,clipping: 8.2% of samples are clipped,0.751,32000,0.0,-3.3,-23.0,21.4,0.007,0.08214,0.0,0
SCR-00138,Panic Scream,nonspeech7k,Acceptable,clipping: 0.35% of samples are clipped,0.934,32000,0.0,-5.7,-10.6,7.8,0.0,0.00351,0.0,0
SCR-00139,Panic Scream,nonspeech7k,Good,,0.76,32000,-0.6,-13.2,-28.6,20.3,0.005,0.0,0.0,0
SCR-00140,Panic Scream,nonspeech7k,Good,,1.097,32000,0.0,-12.1,-50.8,45.9,0.001,0.0,0.186,0
SCR-00141,Panic Scream,nonspeech7k,Good,,1.675,32000,-6.9,-20.0,-31.1,14.9,0.0,0.0,0.0,0
SCR-00142,Panic Scream,nonspeech7k,Good,,0.627,32000,-3.8,-10.3,-39.7,33.4,0.014,0.0,0.0,0
SCR-00143,Panic Scream,nonspeech7k,Good,,0.82,32000,-4.5,-17.9,-38.2,24.5,0.0,0.0,0.0,0
SCR-00144,Panic Scream,nonspeech7k,Good,,2.29,32000,-4.0,-8.6,-28.0,21.4,0.011,0.0,0.0,0
SCR-00145,Panic Scream,nonspeech7k,Good,,1.578,32000,-1.3,-14.6,-16.4,3.2,0.01,0.0,0.0,0
SCR-00146,Panic Scream,nonspeech7k,Good,,4.0,32000,-6.1,-17.9,-31.3,17.6,0.003,0.0,0.362,0
SCR-00147,Panic Scream,nonspeech7k,Good,,1.45,32000,-0.5,-10.9,-19.3,10.8,0.0,0.0,0.0,0
SCR-00148,Panic Scream,nonspeech7k,Good,,3.379,32000,-1.2,-12.5,-16.2,5.6,0.005,0.0,0.0,0
SCR-00149,Panic Scream,nonspeech7k,Good,,2.39,32000,-2.9,-15.2,-23.4,11.4,0.001,0.0,0.0,0
SCR-00150,Panic Scream,nonspeech7k,Good,,2.204,32000,-1.3,-10.8,-42.5,35.0,0.002,0.0,0.011,0
SCR-00151,Panic Scream,nonspeech7k,Good,,0.622,32000,-2.9,-16.7,-26.3,13.6,0.006,0.0,0.0,0
SCR-00152,Panic Scream,nonspeech7k,Good,,3.148,32000,-2.9,-13.6,-31.3,21.7,0.001,0.0,0.0,0
SCR-00153,Panic Scream,nonspeech7k,Good,,3.69,32000,-4.1,-14.9,-44.0,34.1,0.0,0.0,0.034,0
SCR-00154,Panic Scream,nonspeech7k,Good,,2.799,32000,-0.6,-16.0,-27.5,15.5,0.0,0.0,0.0,0
SCR-00155,Panic Scream,nonspeech7k,Good,,3.98,32000,-0.3,-15.1,-47.3,37.7,0.005,0.0,0.119,0
SCR-00156,Panic Scream,nonspeech7k,Good,,1.311,32000,-0.4,-6.0,-19.3,14.6,0.0,0.0,0.0,0
SCR-00157,Panic Scream,nonspeech7k,Good,,1.35,32000,-9.2,-16.5,-24.5,10.1,0.0,0.0,0.0,0
SCR-00158,Panic Scream,nonspeech7k,Good,,1.866,32000,-7.8,-20.9,-44.6,28.2,0.0,0.0,0.0,0
SCR-00159,Panic Scream,nonspeech7k,Good,,1.351,32000,-8.8,-19.7,-43.7,27.9,0.0,0.0,0.0,0
SCR-00160,Panic Scream,nonspeech7k,Good,,4.0,32000,-1.4,-15.2,-55.8,47.2,0.0,0.0,0.025,0
SCR-00161,Panic Scream,nonspeech7k,Good,,0.94,32000,-7.8,-17.5,-23.3,8.8,0.001,0.0,0.0,0
SCR-00162,Panic Scream,nonspeech7k,Good,,1.863,32000,-1.4,-11.0,-32.4,26.8,0.004,0.0,0.0,0
SCR-00163,Panic Scream,nonspeech7k,Good,,3.68,32000,-13.9,-27.7,-45.2,22.7,0.001,0.0,0.0,0
SCR-00164,Panic Scream,nonspeech7k,Acceptable,clipping: 0.39% of samples are clipped,3.152,32000,0.0,-8.9,-56.5,52.0,0.003,0.00386,0.0,0
SCR-00165,Panic Scream,nonspeech7k,Good,,3.32,32000,-2.9,-16.5,-52.0,41.2,0.0,0.0,0.061,0
SCR-00166,Panic Scream,nonspeech7k,Good,,1.434,32000,-7.1,-10.5,-11.7,2.2,0.0,0.0,0.0,0
SCR-00167,Panic Scream,nonspeech7k,Good,,3.93,32000,-0.2,-13.3,-36.3,30.2,0.001,0.0,0.0,0
SCR-00168,Panic Scream,nonspeech7k,Good,,1.54,32000,-2.2,-14.2,-17.1,5.1,0.003,0.0,0.0,0
SCR-00169,Panic Scream,nonspeech7k,Good,,4.0,32000,-16.6,-32.4,-44.9,18.4,0.003,0.0,0.0,0
SCR-00170,Panic Scream,nonspeech7k,Good,,1.33,32000,-8.7,-18.6,-25.9,9.2,0.0,0.0,0.0,0
SCR-00171,Panic Scream,nonspeech7k,Good,,1.203,32000,-5.4,-19.6,-26.2,12.0,0.0,0.0,0.0,0
SCR-00172,Panic Scream,nonspeech7k,Good,,1.38,32000,-2.5,-11.4,-24.9,16.5,0.015,0.0,0.0,0
SCR-00173,Panic Scream,nonspeech7k,Good,,1.69,32000,-3.7,-13.2,-43.1,36.9,0.005,0.0,0.0,0
SCR-00174,Panic Scream,nonspeech7k,Good,,0.833,32000,-3.8,-9.5,-36.7,30.4,0.066,0.0,0.0,0
SCR-00175,Panic Scream,nonspeech7k,Good,,3.298,32000,-1.5,-14.7,-21.5,10.7,0.001,0.0,0.0,0
SCR-00176,Panic Scream,nonspeech7k,Good,,2.686,32000,-3.5,-16.6,-23.0,10.8,0.001,0.0,0.0,0
SCR-00177,Panic Scream,nonspeech7k,Good,,3.91,32000,-26.7,-43.6,-56.0,18.7,0.003,0.0,0.0,0
SCR-00178,Panic Scream,nonspeech7k,Good,,4.0,32000,-3.1,-18.7,-22.8,7.2,0.004,0.0,0.0,0
SCR-00179,Panic Scream,nonspeech7k,Good,,4.0,32000,-7.0,-18.7,-22.5,6.1,0.001,0.0,0.0,0
SCR-00180,Panic Scream,nonspeech7k,Good,,0.624,32000,-2.6,-10.9,-27.4,20.0,0.0,0.0,0.0,0
SCR-00181,Panic Scream,nonspeech7k,Good,,0.958,32000,-0.1,-10.7,-35.1,27.6,0.004,0.0,0.0,0
SCR-00182,Panic Scream,nonspeech7k,Good,,2.515,32000,-12.3,-23.2,-42.2,21.8,0.0,0.0,0.39,0
SCR-00183,Panic Scream,nonspeech7k,Good,,1.513,32000,0.0,-16.5,-51.6,40.4,0.006,0.0,0.033,0
SCR-00184,Panic Scream,nonspeech7k,Good,,4.0,32000,0.0,-19.1,-39.5,28.1,0.0,0.0,0.0,0
SCR-00185,Panic Scream,nonspeech7k,Good,,1.36,32000,-3.8,-16.2,-49.7,37.0,0.0,0.0,0.0,0
SCR-00186,Panic Scream,nonspeech7k,Good,,1.112,32000,-4.1,-17.2,-27.9,15.3,0.001,0.0,0.0,0
SCR-00187,Panic Scream,nonspeech7k,Good,,2.77,32000,-13.6,-26.6,-32.5,9.3,0.001,0.0,0.0,0
SCR-00188,Panic Scream,nonspeech7k,Good,,4.0,32000,-19.6,-41.5,-50.7,13.8,0.004,0.0,0.0,0
SCR-00189,Panic Scream,nonspeech7k,Good,,3.64,32000,-8.1,-20.7,-26.1,9.0,0.003,0.0,0.014,0
SCR-00190,Panic Scream,nonspeech7k,Good,,1.335,32000,-0.1,-12.9,-42.2,32.6,0.0,0.0,0.0,0
SCR-00191,Panic Scream,nonspeech7k,Good,,0.856,32000,-1.3,-10.0,-18.2,9.5,0.001,0.0,0.0,0
SCR-00192,Panic Scream,nonspeech7k,Good,,2.52,32000,-5.1,-12.5,-24.6,15.2,0.001,0.0,0.0,0
SCR-00193,Panic Scream,nonspeech7k,Good,,0.648,32000,-0.1,-17.2,-39.7,28.9,0.002,0.0,0.0,0
SCR-00194,Panic Scream,nonspeech7k,Good,,1.655,32000,-10.3,-22.5,-29.9,9.8,0.0,0.0,0.0,0
SCR-00195,Panic Scream,nonspeech7k,Good,,3.94,32000,0.0,-5.3,-25.2,22.0,0.003,0.0,0.0,0
SCR-00196,Panic Scream,nonspeech7k,Good,,3.247,32000,-2.4,-8.1,-11.1,4.4,0.001,0.0,0.0,0
SCR-00197,Panic Scream,nonspeech7k,Good,,3.85,32000,-4.1,-18.8,-24.7,10.2,0.0,0.0,0.0,0
SCR-00198,Panic Scream,nonspeech7k,Good,,3.05,32000,-1.4,-21.4,-53.5,39.0,0.021,0.0,0.213,0
SCR-00199,Panic Scream,nonspeech7k,Good,,3.169,32000,-3.4,-16.2,-55.1,44.8,0.009,0.0,0.302,0
SCR-00200,Panic Scream,nonspeech7k,Good,,1.819,32000,-3.6,-14.3,-18.2,6.3,0.0,0.0,0.0,0
SCR-00201,Panic Scream,nonspeech7k,Good,,4.0,32000,-3.8,-19.4,-48.1,33.3,0.002,0.0,0.006,0
SCR-00202,Panic Scream,nonspeech7k,Good,,0.783,32000,-6.5,-16.3,-25.7,11.1,0.0,0.0,0.0,0
SCR-00203,Panic Scream,nonspeech7k,Good,,2.49,32000,-7.5,-18.3,-25.1,9.5,0.0,0.0,0.0,0
SCR-00204,Panic Scream,nonspeech7k,Good,,4.0,32000,-11.9,-30.4,-34.9,8.4,0.004,0.0,0.0,0
SCR-00205,Panic Scream,nonspeech7k,Good,,1.163,32000,-6.4,-13.8,-33.3,22.7,0.001,0.0,0.0,0
SCR-00206,Panic Scream,nonspeech7k,Good,,4.0,32000,-2.2,-16.4,-29.2,18.5,0.023,0.0,0.0,0
SCR-00207,Panic Scream,nonspeech7k,Good,,1.287,32000,-2.4,-13.5,-52.2,43.5,0.022,0.0,0.039,0
SCR-00208,Panic Scream,nonspeech7k,Good,,4.0,32000,-1.1,-16.9,-33.3,21.0,0.002,0.0,0.0,0
SCR-00209,Panic Scream,nonspeech7k,Acceptable,missing audio frames: 1 dropout (0.94 s),3.15,32000,-11.9,-21.7,-38.9,21.3,0.001,0.0,0.492,1
SCR-00210,Panic Scream,nonspeech7k,Good,,0.65,32000,-3.7,-19.8,-43.6,28.4,0.0,0.0,0.0,0
SCR-00211,Panic Scream,fsd50k,Good,,1.986,44100,-5.6,-19.3,-31.8,16.4,0.001,0.0,0.152,0
SCR-00212,Panic Scream,fsd50k,Good,,2.254,44100,-3.4,-13.8,-57.5,47.7,0.001,0.0,0.222,0
SCR-00213,Panic Scream,fsd50k,Good,,2.079,44100,-2.1,-13.2,-21.2,11.3,0.007,0.0,0.265,0
SCR-00214,Panic Scream,fsd50k,Good,,2.67,44100,-1.1,-8.0,-9.3,2.2,0.0,0.0,0.009,0
SCR-00215,Panic Scream,fsd50k,Good,,1.676,44100,-1.2,-13.3,-17.0,5.9,0.0,0.0,0.0,0
SCR-00216,Panic Scream,fsd50k,Good,,4.367,44100,-0.0,-18.0,-45.2,31.5,0.0,0.0,0.017,0
SCR-00217,Panic Scream,fsd50k,Good,,3.162,44100,-4.5,-16.9,-39.1,28.6,0.0,0.0,0.563,0
SCR-00218,Panic Scream,fsd50k,Good,,6.709,44100,-1.7,-22.3,-54.9,40.0,0.001,0.0,0.388,0
SCR-00219,Panic Scream,fsd50k,Good,,4.041,44100,-11.9,-22.1,-45.5,27.0,0.0,0.0,0.248,0
SCR-00220,Panic Scream,fsd50k,Good,,5.731,44100,-8.1,-20.1,-45.2,29.0,0.001,0.0,0.253,0
SCR-00221,Panic Scream,fsd50k,Poor,clipping: 42.3% of samples are clipped,1.265,44100,0.0,-2.3,-7.2,6.4,0.018,0.42313,0.0,0
SCR-00222,Panic Scream,fsd50k,Good,,0.671,44100,-13.5,-28.3,-39.9,16.2,0.001,0.0,0.077,0
SCR-00223,Panic Scream,fsd50k,Good,,2.455,44100,-1.0,-14.8,-40.3,29.9,0.001,0.0,0.01,0
SCR-00224,Panic Scream,fsd50k,Good,,3.678,44100,-2.2,-18.8,-32.4,17.5,0.0,0.0,0.02,0
SCR-00225,Panic Scream,fsd50k,Good,,3.875,44100,-0.0,-12.8,-33.1,23.4,0.0,0.0,0.232,0
SCR-00226,Panic Scream,fsd50k,Good,,6.042,44100,-1.4,-14.9,-27.7,16.8,0.0,0.0,0.05,0
SCR-00227,Panic Scream,fsd50k,Good,,3.417,44100,-0.3,-22.9,-48.9,32.2,0.0,0.0,0.228,0
SCR-00228,Panic Scream,fsd50k,Good,,2.625,44100,-14.6,-24.7,-56.3,35.2,0.0,0.0,0.076,0
SCR-00229,Panic Scream,fsd50k,Acceptable,missing audio frames: 1 dropout (0.66 s),4.589,44100,-4.0,-18.8,-26.1,13.0,0.0,0.0,0.536,1
SCR-00230,Panic Scream,fsd50k,Good,,1.33,44100,-0.1,-4.6,-38.0,35.5,0.001,0.0,0.0,0
SCR-00231,Panic Scream,fsd50k,Good,,1.416,44100,-5.6,-14.0,-42.5,30.7,0.0,0.0,0.089,0
SCR-00232,Panic Scream,fsd50k,Good,,1.542,44100,-11.9,-22.2,-27.7,7.9,0.0,0.0,0.016,0
SCR-00233,Panic Scream,nonspeech7k,Good,,1.321,32000,-9.8,-17.3,-24.8,10.7,0.0,0.0,0.0,0
SCR-00234,Panic Scream,nonspeech7k,Acceptable,clipping: 0.31% of samples are clipped,2.602,32000,0.0,-6.3,-54.5,52.3,0.001,0.00313,0.673,0
SCR-00235,Panic Scream,nonspeech7k,Acceptable,clipping: 0.78% of samples are clipped,2.266,32000,0.0,-5.0,-9.1,5.5,0.001,0.00775,0.0,0
SCR-00236,Panic Scream,nonspeech7k,Good,,1.489,32000,-1.7,-8.8,-42.1,38.7,0.001,0.0,0.0,0
SCR-00237,Panic Scream,nonspeech7k,Poor,clipping: 1.8% of samples are clipped,1.33,32000,0.0,-7.5,-26.2,22.8,0.001,0.01826,0.0,0
SCR-00238,Panic Scream,nonspeech7k,Good,,3.825,32000,0.0,-10.0,-18.8,12.2,0.001,0.0,0.0,0
SCR-00239,Panic Scream,nonspeech7k,Good,,1.26,32000,0.0,-6.0,-44.2,41.0,0.018,0.0,0.0,0
SCR-00240,Panic Scream,nonspeech7k,Good,,0.79,32000,-0.5,-12.5,-23.3,13.9,0.0,0.0,0.0,0
SCR-00241,Panic Scream,nonspeech7k,Good,,4.0,32000,-1.0,-12.9,-43.8,36.2,0.002,0.0,0.0,0
SCR-00242,Panic Scream,nonspeech7k,Good,,1.706,32000,-1.0,-13.6,-18.7,8.7,0.008,0.0,0.0,0
SCR-00243,Panic Scream,nonspeech7k,Good,,3.94,32000,-0.0,-12.8,-15.1,5.4,0.0,0.0,0.0,0
SCR-00244,Panic Scream,nonspeech7k,Good,,1.666,32000,-7.3,-15.9,-25.5,11.9,0.0,0.0,0.0,0
SCR-00245,Panic Scream,nonspeech7k,Good,,2.695,32000,-5.5,-17.7,-24.4,10.3,0.0,0.0,0.0,0
SCR-00246,Panic Scream,nonspeech7k,Good,,3.99,32000,-4.3,-20.7,-25.0,9.3,0.005,0.0,0.0,0
SCR-00247,Panic Scream,nonspeech7k,Good,,3.48,32000,-13.7,-23.5,-24.8,3.5,0.007,0.0,0.0,0
SCR-00248,Panic Scream,nonspeech7k,Good,,4.0,32000,-1.3,-8.1,-34.7,28.9,0.006,0.0,0.0,0
SCR-00249,Panic Scream,nonspeech7k,Good,,0.881,32000,-3.3,-13.9,-22.1,10.8,0.003,0.0,0.0,0
SCR-00250,Panic Scream,nonspeech7k,Good,,4.0,32000,-7.3,-20.8,-23.6,5.2,0.002,0.0,0.0,0
SCR-00251,Panic Scream,nonspeech7k,Good,,2.25,32000,-6.3,-18.4,-21.4,5.2,0.002,0.0,0.0,0
SCR-00252,Panic Scream,nonspeech7k,Good,,4.0,32000,-15.1,-35.6,-39.9,8.6,0.002,0.0,0.0,0
SCR-00253,Panic Scream,nonspeech7k,Good,,4.0,32000,-11.2,-24.3,-28.9,7.9,0.001,0.0,0.0,0
SCR-00254,Panic Scream,nonspeech7k,Good,,2.16,32000,-4.9,-18.4,-31.0,16.1,0.007,0.0,0.0,0
SCR-00255,Panic Scream,nonspeech7k,Good,,2.635,32000,-3.4,-23.3,-47.4,28.1,0.0,0.0,0.0,0
SCR-00256,Panic Scream,fsd50k,Acceptable,missing audio frames: 1 dropout (0.03 s),5.25,44100,-3.6,-17.6,-49.1,37.0,0.0,0.0,0.352,1
SCR-00257,Panic Scream,fsd50k,Good,,6.36,44100,-0.7,-16.2,-24.5,13.6,0.0,0.0,0.028,0
SCR-00258,Panic Scream,fsd50k,Good,,4.367,44100,-15.5,-30.0,-32.6,4.3,0.001,0.0,0.351,0
SCR-00259,Panic Scream,fsd50k,Good,,4.311,44100,-6.8,-19.6,-41.5,26.0,0.001,0.0,0.058,0
SCR-00260,Panic Scream,fsd50k,Good,,2.325,44100,-1.4,-16.0,-31.5,20.8,0.0,0.0,0.011,0
SCR-00261,Panic Scream,fsd50k,Good,,3.373,44100,-0.3,-12.6,-16.2,5.5,0.0,0.0,0.0,0
SCR-00262,Panic Scream,fsd50k,Acceptable,missing audio frames: 1 dropout (0.03 s),3.03,44100,-0.2,-12.2,-56.2,47.0,0.001,0.0,0.331,1
SCR-00263,Panic Scream,fsd50k,Good,,1.264,44100,-7.9,-18.0,-44.7,29.0,0.0,0.0,0.24,0
SCR-00264,Panic Scream,fsd50k,Good,,2.431,44100,-2.4,-16.0,-36.4,21.8,0.0,0.0,0.165,0
SCR-00265,Panic Scream,fsd50k,Good,,1.707,44100,-4.0,-13.8,-19.1,6.9,0.002,0.0,0.103,0
SCR-00266,Panic Scream,fsd50k,Good,,1.347,44100,-4.1,-13.8,-31.9,22.2,0.0,0.0,0.094,0
SCR-00267,Panic Scream,fsd50k,Good,,1.863,44100,-2.1,-9.5,-48.6,42.6,0.004,0.0,0.027,0
SCR-00268,Panic Scream,fsd50k,Good,,2.264,44100,-8.5,-20.8,-28.7,13.5,0.0,0.0,0.056,0
SCR-00269,Panic Scream,fsd50k,Good,,1.875,44100,-5.5,-18.1,-27.4,12.7,0.0,0.0,0.0,0
SCR-00270,Panic Scream,fsd50k,Good,,4.077,44100,-1.2,-15.2,-57.6,47.8,0.001,0.0,0.374,0
SCR-00271,Panic Scream,fsd50k,Good,,2.378,44100,-8.2,-23.7,-56.2,38.7,0.003,0.0,0.4,0
SCR-00272,Panic Scream,fsd50k,Good,,0.836,44100,-0.0,-12.9,-19.4,8.9,0.0,0.0,0.03,0
SCR-00273,Panic Scream,fsd50k,Good,,6.269,44100,-1.8,-11.2,-40.9,33.8,0.0,0.0,0.0,0
SCR-00274,Panic Scream,fsd50k,Good,,13.876,44100,-6.0,-24.4,-49.4,32.7,0.0,0.0,0.018,0
SCR-00275,Panic Scream,fsd50k,Good,,4.238,44100,-4.8,-11.7,-54.3,47.0,0.001,0.0,0.444,0
SCR-00276,Panic Scream,fsd50k,Poor,clipping: 1.7% of samples are clipped,2.05,44100,0.0,-7.0,-40.9,37.3,0.0,0.0172,0.0,0
SCR-00277,Panic Scream,fsd50k,Good,,2.76,44100,-6.3,-16.3,-24.0,11.9,0.0,0.0,0.245,0
SCR-00278,Panic Scream,fsd50k,Good,,3.37,44100,-8.7,-21.1,-49.3,34.1,0.001,0.0,0.172,0
SCR-00279,Panic Scream,fsd50k,Good,,3.5,44100,-0.5,-13.9,-30.1,22.1,0.0,0.0,0.257,0
SCR-00280,Panic Scream,fsd50k,Good,,5.245,44100,-0.1,-14.8,-44.3,33.6,0.001,0.0001,0.297,0
SCR-00281,Panic Scream,fsd50k,Poor,missing audio frames: 17 dropouts (0.67 s),13.781,44100,-0.3,-12.5,-53.0,44.8,0.001,0.0,0.615,17
SCR-00282,Panic Scream,fsd50k,Poor,clipping: 12.4% of samples are clipped,2.762,44100,0.0,-6.4,-25.6,24.1,0.0,0.12433,0.0,0
SCR-00283,Panic Scream,fsd50k,Good,,0.939,44100,-0.5,-10.5,-19.6,11.1,0.0,0.0,0.027,0
SCR-00284,Panic Scream,fsd50k,Good,,27.063,44100,-0.1,-19.5,-24.3,9.8,0.0,0.0,0.003,0
SCR-00285,Panic Scream,nonspeech7k,Poor,clipping: 5.2% of samples are clipped,2.141,32000,0.0,-2.3,-26.6,26.0,0.006,0.05247,0.0,0
SCR-00286,Panic Scream,nonspeech7k,Good,,1.077,32000,-0.6,-12.7,-39.0,30.1,0.001,0.0,0.0,0
SCR-00287,Panic Scream,nonspeech7k,Good,,1.422,32000,0.0,-14.1,-57.8,47.0,0.002,0.0,0.196,0
SCR-00288,Panic Scream,nonspeech7k,Good,,1.582,32000,-2.4,-9.7,-38.1,32.3,0.041,0.0,0.0,0
SCR-00289,Panic Scream,nonspeech7k,Good,,0.93,32000,-0.1,-12.7,-33.9,26.1,0.0,0.0,0.0,0
SCR-00290,Panic Scream,nonspeech7k,Good,,1.725,32000,-0.0,-10.4,-33.8,26.3,0.001,0.0,0.0,0
SCR-00291,Panic Scream,nonspeech7k,Good,,3.174,32000,-0.0,-9.3,-32.0,25.5,0.0,0.0,0.0,0
SCR-00292,Panic Scream,nonspeech7k,Good,,4.0,32000,-1.9,-18.4,-35.2,22.2,0.0,0.0,0.0,0
SCR-00293,Panic Scream,nonspeech7k,Good,,0.65,32000,-4.4,-10.0,-38.8,30.7,0.014,0.0,0.0,0
SCR-00294,Panic Scream,nonspeech7k,Good,,1.014,32000,-2.0,-13.0,-15.9,5.0,0.0,0.0,0.0,0
SCR-00295,Panic Scream,nonspeech7k,Good,,3.63,32000,-5.8,-17.7,-22.6,8.6,0.0,0.0,0.0,0
SCR-00296,Panic Scream,nonspeech7k,Good,,3.09,32000,-1.3,-13.0,-29.2,21.0,0.0,0.0,0.008,0
SCR-00297,Panic Scream,nonspeech7k,Good,,4.0,32000,-3.8,-21.3,-29.8,12.6,0.001,0.0,0.0,0
SCR-00298,Panic Scream,nonspeech7k,Good,,4.0,32000,-5.6,-22.2,-39.3,23.5,0.002,0.0,0.05,0
SCR-00299,Panic Scream,nonspeech7k,Acceptable,missing audio frames: 1 dropout (0.83 s),2.938,32000,0.0,-17.2,-45.8,33.5,0.003,0.0,0.41,1
SCR-00300,Panic Scream,nonspeech7k,Good,,3.16,32000,-2.9,-16.4,-51.2,41.6,0.02,0.0,0.238,0
AGR-00001,Aggression,fsd50k,Good,,1.2,44100,-0.0,-19.5,-36.9,22.7,0.001,0.0,0.042,0
AGR-00002,Aggression,fsd50k,Good,,3.892,44100,-5.0,-20.6,-31.0,14.7,0.0,0.0,0.0,0
AGR-00003,Aggression,fsd50k,Good,,7.731,44100,-2.2,-21.8,-31.6,16.3,0.001,0.0,0.0,0
AGR-00004,Aggression,fsd50k,Good,,3.737,44100,-2.3,-17.8,-24.2,9.7,0.0,0.0,0.0,0
AGR-00005,Aggression,fsd50k,Good,,13.864,44100,-2.3,-21.3,-30.6,14.8,0.0,0.0,0.0,0
AGR-00006,Aggression,fsd50k,Good,,10.933,44100,-0.1,-18.1,-42.3,30.9,0.0,0.0,0.185,0
AGR-00007,Aggression,fsd50k,Good,,1.52,44100,-0.4,-17.9,-33.7,24.1,0.0,0.0,0.0,0
AGR-00008,Aggression,fsd50k,Good,,7.424,44100,-11.0,-27.4,-38.1,15.2,0.001,0.0,0.057,0
AGR-00009,Aggression,fsd50k,Good,,29.751,44100,-0.0,-33.0,-38.9,10.0,0.0,0.0,0.0,0
AGR-00010,Aggression,fsd50k,Good,,18.141,44100,-2.6,-32.9,-37.1,6.5,0.0,0.0,0.0,0
AGR-00011,Aggression,fsd50k,Good,,1.752,44100,-5.7,-21.1,-24.8,5.8,0.002,0.0,0.014,0
AGR-00012,Aggression,fsd50k,Good,,13.874,44100,-0.2,-21.4,-55.2,40.6,0.002,0.0,0.099,0
AGR-00013,Aggression,fsd50k,Good,,6.13,44100,-16.9,-34.1,-48.3,21.9,0.0,0.0,0.0,0
AGR-00014,Aggression,fsd50k,Good,,0.75,44100,-13.8,-22.5,-30.0,10.0,0.0,0.0,0.2,0
AGR-00015,Aggression,fsd50k,Good,,0.993,44100,-0.1,-15.0,-33.1,24.1,0.001,0.0,0.0,0
AGR-00016,Aggression,fsd50k,Good,,1.567,44100,-0.0,-9.4,-35.2,29.5,0.0,0.0,0.016,0
AGR-00017,Aggression,fsd50k,Good,,1.071,44100,-0.1,-16.1,-55.7,45.1,0.006,0.0,0.048,0
AGR-00018,Aggression,fsd50k,Good,,0.94,44100,-0.2,-14.7,-34.6,26.2,0.001,0.0,0.027,0
AGR-00019,Aggression,fsd50k,Good,,2.19,44100,-0.0,-17.5,-37.9,25.5,0.0,0.0,0.0,0
AGR-00020,Aggression,fsd50k,Good,,17.755,44100,-2.7,-21.0,-56.2,43.4,0.001,0.0,0.382,0
AGR-00021,Aggression,fsd50k,Good,,2.461,44100,-22.7,-39.2,-45.8,11.6,0.002,0.0,0.0,0
AGR-00022,Aggression,fsd50k,Good,,15.249,44100,-2.8,-19.9,-50.3,37.4,0.0,0.0,0.248,0
AGR-00023,Aggression,fsd50k,Good,,8.057,44100,-0.3,-20.9,-42.3,29.4,0.008,0.0,0.559,0
AGR-00024,Aggression,fsd50k,Good,,19.317,44100,-7.4,-26.7,-49.4,28.4,0.029,0.0,0.715,0
AGR-00025,Aggression,fsd50k,Good,,5.315,44100,-31.0,-46.3,-49.6,6.1,0.001,0.0,0.014,0
AGR-00026,Aggression,fsd50k,Good,,1.921,44100,-14.6,-29.5,-57.5,34.2,0.002,0.0,0.487,0
AGR-00027,Aggression,fsd50k,Good,,2.942,44100,-1.3,-20.8,-48.2,32.7,0.005,0.0,0.573,0
AGR-00028,Aggression,fsd50k,Good,,2.901,44100,-2.9,-18.7,-41.7,27.8,0.008,0.0,0.629,0
AGR-00029,Aggression,fsd50k,Good,,3.009,44100,-4.5,-20.1,-36.9,21.0,0.009,0.0,0.692,0
AGR-00030,Aggression,fsd50k,Good,,22.253,44100,-0.1,-20.5,-44.2,30.1,0.001,0.0,0.366,0
AGR-00031,Aggression,fsd50k,Good,,23.552,44100,-1.0,-19.3,-47.4,34.5,0.016,0.0,0.687,0
AGR-00032,Aggression,fsd50k,Good,,23.136,44100,-2.6,-23.3,-44.0,27.5,0.011,0.0,0.596,0
AGR-00033,Aggression,fsd50k,Good,,15.303,44100,-0.0,-22.3,-50.3,35.5,0.0,0.0,0.229,0
AGR-00034,Aggression,fsd50k,Good,,4.063,44100,-0.4,-23.9,-48.9,33.3,0.002,0.0,0.049,0
AGR-00035,Aggression,fsd50k,Poor,clipping: 3.2% of samples are clipped,10.006,44100,-0.0,-7.8,-38.0,35.0,0.003,0.03182,0.0,0
AGR-00036,Aggression,fsd50k,Good,,7.461,44100,-0.1,-11.4,-35.0,28.5,0.0,0.0,0.168,0
AGR-00037,Aggression,fsd50k,Good,,28.333,44100,0.0,-12.1,-47.7,40.4,0.0,0.0,0.127,0
AGR-00038,Aggression,fsd50k,Good,,7.738,44100,-0.1,-12.1,-48.5,41.6,0.0,0.0,0.036,0
AGR-00039,Aggression,fsd50k,Good,,9.906,44100,-7.2,-24.5,-45.3,26.9,0.0,0.0,0.301,0
AGR-00040,Aggression,fsd50k,Good,,3.809,44100,0.0,-10.9,-27.4,19.2,0.0,0.0,0.0,0
AGR-00041,Aggression,fsd50k,Good,,0.94,44100,-3.1,-11.8,-57.5,51.4,0.012,0.0,0.162,0
AGR-00042,Aggression,fsd50k,Good,,0.659,44100,-2.2,-19.2,-45.9,32.8,0.004,0.0,0.0,0
AGR-00043,Aggression,fsd50k,Good,,0.642,44100,-1.9,-13.6,-44.7,35.6,0.0,0.0,0.0,0
AGR-00044,Aggression,fsd50k,Good,,0.645,44100,-1.9,-17.6,-36.7,25.2,0.001,0.0,0.0,0
AGR-00045,Aggression,fsd50k,Good,,7.024,44100,-0.2,-12.5,-54.6,47.3,0.016,0.0,0.299,0
AGR-00046,Aggression,fsd50k,Good,,7.149,44100,-0.4,-9.7,-32.2,25.5,0.0,0.0,0.276,0
AGR-00047,Aggression,fsd50k,Good,,12.662,44100,-2.1,-14.5,-30.5,21.5,0.001,0.0,0.002,0
AGR-00048,Aggression,fsd50k,Good,,10.009,44100,-1.1,-12.7,-36.1,29.0,0.002,0.0,0.005,0
AGR-00049,Aggression,fsd50k,Good,,10.614,44100,-2.5,-13.0,-26.9,18.8,0.001,0.0,0.0,0
AGR-00050,Aggression,fsd50k,Good,,1.498,44100,-0.1,-21.2,-53.7,33.7,0.0,0.0,0.034,0
AGR-00051,Aggression,fsd50k,Good,,12.074,44100,-0.8,-15.3,-17.5,4.6,0.001,0.0,0.0,0
AGR-00052,Aggression,fsd50k,Good,,1.481,44100,-14.1,-26.8,-47.3,25.3,0.0,0.0,0.153,0
AGR-00053,Aggression,fsd50k,Good,,4.734,44100,-3.9,-25.9,-56.2,36.5,0.001,0.0,0.011,0
AGR-00054,Aggression,fsd50k,Good,,3.901,44100,-4.2,-26.5,-52.9,32.3,0.0,0.0,0.026,0
AGR-00055,Aggression,fsd50k,Good,,5.533,44100,-16.5,-36.9,-55.9,26.3,0.0,0.0,0.072,0
AGR-00056,Aggression,fsd50k,Good,,4.17,44100,-5.2,-22.5,-47.2,32.0,0.0,0.0,0.0,0
AGR-00057,Aggression,fsd50k,Good,,5.415,44100,-6.7,-29.3,-54.1,31.6,0.0,0.0,0.014,0
AGR-00058,Aggression,fsd50k,Good,,5.317,44100,-4.5,-24.6,-53.9,36.4,0.0,0.0,0.0,0
AGR-00059,Aggression,fsd50k,Good,,5.273,44100,-6.8,-26.4,-54.1,34.5,0.0,0.0,0.0,0
AGR-00060,Aggression,fsd50k,Good,,4.135,44100,-6.1,-30.6,-54.8,30.2,0.0,0.0,0.018,0
AGR-00061,Aggression,fsd50k,Good,,17.6,44100,-0.0,-19.1,-23.8,8.9,0.009,0.0,0.0,0
AGR-00062,Aggression,fsd50k,Good,,1.231,44100,-3.8,-11.2,-44.3,36.2,0.005,0.0,0.0,0
AGR-00063,Aggression,fsd50k,Good,,1.509,44100,-3.7,-14.3,-52.2,44.3,0.026,0.0,0.067,0
AGR-00064,Aggression,fsd50k,Good,,1.26,44100,-4.2,-10.6,-25.1,18.1,0.002,0.0,0.0,0
AGR-00065,Aggression,fsd50k,Good,,1.416,44100,-4.7,-10.6,-43.7,36.1,0.013,0.0,0.0,0
AGR-00066,Aggression,fsd50k,Good,,1.521,44100,-0.7,-9.2,-23.8,16.5,0.0,0.0,0.0,0
AGR-00067,Aggression,fsd50k,Good,,1.231,44100,-2.7,-14.8,-32.2,23.5,0.002,0.0,0.061,0
AGR-00068,Aggression,fsd50k,Good,,2.09,44100,-4.3,-10.0,-41.2,33.9,0.009,0.0,0.012,0
AGR-00069,Aggression,fsd50k,Good,,0.685,44100,-2.4,-14.2,-40.0,30.2,0.0,0.0,0.111,0
AGR-00070,Aggression,fsd50k,Good,,0.998,44100,-3.4,-12.6,-24.0,14.9,0.002,0.0,0.0,0
AGR-00071,Aggression,fsd50k,Good,,1.625,44100,-1.7,-13.2,-23.1,13.0,0.0,0.0,0.0,0
AGR-00072,Aggression,fsd50k,Good,,1.091,44100,-3.9,-10.2,-17.4,9.1,0.003,0.0,0.0,0
AGR-00073,Aggression,fsd50k,Good,,0.673,44100,-2.1,-13.1,-30.5,22.1,0.0,0.0,0.0,0
AGR-00074,Aggression,fsd50k,Good,,2.93,44100,-0.5,-17.0,-40.3,28.2,0.002,0.0,0.043,0
AGR-00075,Aggression,fsd50k,Good,,26.865,44100,-5.3,-24.3,-44.5,25.6,0.0,0.0,0.0,0
AGR-00076,Aggression,fsd50k,Good,,2.204,44100,-1.6,-16.9,-47.8,35.3,0.0,0.0,0.125,0
AGR-00077,Aggression,fsd50k,Good,,2.024,44100,-0.4,-15.6,-39.0,27.4,0.0,0.0,0.0,0
AGR-00078,Aggression,fsd50k,Good,,1.634,44100,-0.7,-19.0,-42.2,29.4,0.001,0.0,0.092,0
AGR-00079,Aggression,fsd50k,Good,,2.287,44100,-0.0,-17.3,-44.9,32.8,0.0,0.0,0.055,0
AGR-00080,Aggression,fsd50k,Good,,0.405,44100,-3.0,-12.7,-17.6,6.0,0.0,0.0,0.0,0
AGR-00081,Aggression,fsd50k,Good,,23.562,44100,-2.4,-19.1,-45.5,32.5,0.001,0.0,0.468,0
AGR-00082,Aggression,fsd50k,Good,,25.506,44100,-1.4,-23.1,-32.4,14.9,0.002,0.0,0.0,0
AGR-00083,Aggression,fsd50k,Good,,7.523,44100,-6.0,-23.3,-46.8,30.9,0.0,0.0,0.0,0
AGR-00084,Aggression,fsd50k,Good,,11.372,44100,-10.7,-32.1,-53.8,28.2,0.002,0.0,0.758,0
AGR-00085,Aggression,fsd50k,Good,,3.868,44100,-8.4,-25.1,-54.1,36.1,0.004,0.0,0.526,0
AGR-00086,Aggression,fsd50k,Good,,4.521,44100,-2.3,-25.2,-53.5,34.1,0.0,0.0,0.006,0
AGR-00087,Aggression,fsd50k,Good,,4.622,44100,-1.4,-22.9,-49.9,32.9,0.0,0.0,0.043,0
AGR-00088,Aggression,fsd50k,Good,,4.283,44100,-1.4,-23.4,-48.2,30.9,0.0,0.0,0.006,0
AGR-00089,Aggression,fsd50k,Good,,2.743,44100,-1.4,-15.5,-51.4,42.0,0.0,0.0,0.0,0
AGR-00090,Aggression,fsd50k,Good,,1.21,44100,-0.0,-12.0,-32.8,26.5,0.0,0.00052,0.0,0
AGR-00091,Aggression,fsd50k,Good,,1.692,44100,-1.0,-14.9,-56.9,46.8,0.0,0.0,0.284,0
AGR-00092,Aggression,fsd50k,Good,,7.727,44100,-13.8,-32.1,-46.6,20.9,0.001,0.0,0.0,0
AGR-00093,Aggression,fsd50k,Good,,2.088,44100,-1.0,-14.1,-37.2,27.4,0.001,0.0,0.446,0
AGR-00094,Aggression,fsd50k,Good,,1.087,44100,-0.2,-14.7,-54.3,45.1,0.003,0.0,0.442,0
AGR-00095,Aggression,fsd50k,Good,,4.478,44100,-7.1,-26.0,-42.0,23.6,0.0,0.0,0.0,0
AGR-00096,Aggression,fsd50k,Good,,0.36,44100,-0.4,-12.3,-20.1,11.6,0.001,0.0,0.0,0
AGR-00097,Aggression,fsd50k,Good,,2.42,44100,-2.3,-23.1,-54.8,39.7,0.002,0.0,0.0,0
AGR-00098,Aggression,fsd50k,Good,,9.221,44100,-3.1,-16.0,-26.0,14.4,0.001,0.0,0.0,0
AGR-00099,Aggression,fsd50k,Good,,4.029,44100,-4.3,-23.9,-50.6,33.8,0.001,0.0,0.143,0
AGR-00100,Aggression,fsd50k,Good,,4.663,44100,-3.5,-22.8,-49.2,32.3,0.001,0.0,0.199,0
AGR-00101,Aggression,fsd50k,Good,,4.607,44100,-0.0,-18.3,-50.2,39.5,0.001,0.0,0.054,0
AGR-00102,Aggression,fsd50k,Good,,5.44,44100,-3.3,-23.5,-45.6,27.8,0.001,0.0,0.143,0
AGR-00103,Aggression,fsd50k,Good,,4.334,44100,-4.5,-23.3,-48.9,32.8,0.0,0.0,0.133,0
AGR-00104,Aggression,fsd50k,Good,,4.761,44100,-3.6,-22.9,-48.8,33.1,0.001,0.0,0.132,0
AGR-00105,Aggression,fsd50k,Good,,3.132,44100,-1.0,-20.0,-35.3,21.8,0.007,0.0,0.0,0
AGR-00106,Aggression,fsd50k,Good,,24.484,44100,-7.4,-26.3,-40.6,19.6,0.003,0.0,0.007,0
AGR-00107,Aggression,fsd50k,Good,,11.401,44100,-10.5,-31.7,-39.7,13.7,0.003,0.0,0.0,0
AGR-00108,Aggression,fsd50k,Good,,9.804,44100,-0.6,-18.3,-33.5,19.6,0.0,0.0,0.079,0
AGR-00109,Aggression,fsd50k,Good,,8.473,44100,-7.7,-23.9,-46.2,28.8,0.002,0.0,0.209,0
AGR-00110,Aggression,fsd50k,Good,,26.619,44100,-4.2,-24.8,-34.1,14.5,0.0,0.0,0.024,0
AGR-00111,Aggression,fsd50k,Good,,10.05,44100,-4.9,-23.9,-41.8,24.8,0.0,0.0,0.017,0
AGR-00112,Aggression,fsd50k,Good,,11.066,44100,-3.7,-24.5,-30.9,10.0,0.0,0.0,0.009,0
AGR-00113,Aggression,fsd50k,Good,,4.4,44100,-3.5,-20.1,-44.0,29.8,0.0,0.0,0.08,0
AGR-00114,Aggression,fsd50k,Good,,16.832,44100,-5.6,-25.2,-41.3,21.5,0.008,0.0,0.036,0
AGR-00115,Aggression,fsd50k,Good,,10.128,44100,-0.5,-15.5,-26.3,14.0,0.0,0.0,0.0,0
AGR-00116,Aggression,fsd50k,Good,,26.383,44100,-0.0,-12.6,-17.0,6.3,0.0,0.0,0.0,0
AGR-00117,Aggression,fsd50k,Good,,1.325,44100,-0.0,-18.3,-47.2,34.3,0.002,0.0,0.132,0
AGR-00118,Aggression,fsd50k,Good,,24.499,44100,-1.5,-21.2,-30.9,16.1,0.0,0.0,0.006,0
AGR-00119,Aggression,fsd50k,Good,,18.438,44100,-9.0,-33.5,-48.6,19.3,0.006,0.0,0.077,0
AGR-00120,Aggression,fsd50k,Good,,14.928,44100,-5.3,-33.2,-40.7,12.3,0.003,0.0,0.012,0
AGR-00121,Aggression,fsd50k,Acceptable,missing audio frames: 1 dropout (0.92 s),14.959,44100,0.0,-20.4,-47.4,34.7,0.0,0.00071,0.06,1
AGR-00122,Aggression,fsd50k,Good,,12.75,44100,-5.4,-21.2,-29.5,13.4,0.001,0.0,0.01,0
AGR-00123,Aggression,fsd50k,Good,,8.858,44100,0.0,-13.8,-27.0,18.0,0.0,7e-05,0.0,0
AGR-00124,Aggression,fsd50k,Acceptable,missing audio frames: 1 dropout (0.58 s),3.36,44100,-12.2,-21.3,-50.4,33.9,0.0,0.0,0.433,1
AGR-00125,Aggression,fsd50k,Good,,19.88,44100,-11.8,-28.0,-52.4,30.6,0.001,0.0,0.067,0
AGR-00126,Aggression,fsd50k,Good,,10.2,44100,0.0,-21.5,-45.3,30.7,0.0,0.00018,0.012,0
AGR-00127,Aggression,fsd50k,Good,,8.542,44100,-0.2,-13.3,-48.9,41.6,0.0,0.0,0.147,0
AGR-00128,Aggression,fsd50k,Good,,2.621,44100,0.0,-15.4,-54.9,45.8,0.001,0.00043,0.346,0
AGR-00129,Aggression,fsd50k,Good,,2.429,44100,-9.4,-19.3,-38.0,21.0,0.0,0.0,0.258,0
AGR-00130,Aggression,fsd50k,Good,,0.832,44100,-4.6,-10.1,-30.5,22.9,0.0,0.0,0.0,0
AGR-00131,Aggression,fsd50k,Good,,8.343,44100,-4.2,-29.2,-38.7,14.1,0.004,0.0,0.009,0
AGR-00132,Aggression,fsd50k,Good,,24.752,44100,-2.2,-22.6,-32.1,15.5,0.003,0.0,0.0,0
AGR-00133,Aggression,fsd50k,Good,,15.606,44100,-2.3,-16.9,-19.7,5.2,0.0,0.0,0.0,0
AGR-00134,Aggression,fsd50k,Good,,5.948,44100,-11.6,-23.3,-29.8,10.4,0.0,0.0,0.0,0
AGR-00135,Aggression,fsd50k,Good,,21.713,44100,-9.4,-27.4,-57.3,37.6,0.002,0.0,0.101,0
AGR-00136,Aggression,fsd50k,Good,,21.521,44100,-8.7,-26.5,-55.7,36.3,0.001,0.0,0.067,0
AGR-00137,Aggression,fsd50k,Poor,missing audio frames: 5 dropouts (1.94 s),6.008,44100,-0.1,-12.6,-45.6,38.0,0.0,0.0,0.596,5
AGR-00138,Aggression,fsd50k,Good,,1.092,44100,0.0,-7.5,-13.4,9.3,0.0,0.00054,0.0,0
AGR-00139,Aggression,fsd50k,Good,,4.5,44100,-15.6,-28.5,-55.9,32.7,0.0,0.0,0.222,0
AGR-00140,Aggression,fsd50k,Good,,1.5,44100,-8.7,-25.0,-56.3,37.6,0.0,0.0,0.383,0
AGR-00141,Aggression,fsd50k,Good,,23.996,44100,-1.1,-15.9,-20.8,9.3,0.002,0.0,0.0,0
AGR-00142,Aggression,fsd50k,Good,,7.416,44100,-0.1,-18.8,-42.2,32.6,0.0,0.0,0.0,0
AGR-00143,Aggression,fsd50k,Good,,2.0,44100,-4.3,-18.7,-51.3,37.5,0.002,0.0,0.0,0
AGR-00144,Aggression,fsd50k,Good,,1.5,44100,-6.3,-21.0,-38.7,21.7,0.003,0.0,0.017,0
AGR-00145,Aggression,fsd50k,Good,,23.731,44100,-2.7,-28.3,-57.9,36.7,0.008,0.0,0.205,0
AGR-00146,Aggression,fsd50k,Good,,7.323,44100,0.0,-19.8,-30.7,16.1,0.007,0.00026,0.0,0
AGR-00147,Aggression,fsd50k,Good,,19.549,44100,0.0,-18.8,-26.2,11.8,0.006,8e-05,0.0,0
AGR-00148,Aggression,fsd50k,Good,,2.039,44100,-3.2,-22.5,-56.1,41.0,0.006,0.0,0.556,0
AGR-00149,Aggression,fsd50k,Good,,13.823,44100,-1.5,-15.0,-28.9,18.6,0.019,0.0,0.099,0
AGR-00150,Aggression,fsd50k,Good,,1.614,44100,0.0,-12.9,-33.5,26.8,0.0,0.0,0.0,0
AGR-00151,Aggression,fsd50k,Good,,24.288,44100,-3.9,-25.5,-28.8,6.6,0.002,0.0,0.0,0
AGR-00152,Aggression,fsd50k,Poor,clipping: 2.4% of samples are clipped,4.818,44100,-0.0,-6.2,-34.0,30.5,0.0,0.02418,0.026,0
AGR-00153,Aggression,fsd50k,Good,,8.14,44100,-0.5,-16.4,-26.1,15.8,0.0,0.0,0.003,0
AGR-00154,Aggression,fsd50k,Good,,1.775,44100,-8.7,-20.7,-44.6,29.0,0.0,0.0,0.0,0
AGR-00155,Aggression,fsd50k,Acceptable,clipping: 0.12% of samples are clipped,5.074,44100,0.0,-11.1,-37.8,32.8,0.001,0.0012,0.0,0
AGR-00156,Aggression,fsd50k,Good,,7.326,44100,0.0,-12.7,-34.0,26.4,0.001,3e-05,0.01,0
AGR-00157,Aggression,fsd50k,Good,,8.653,44100,-1.5,-15.9,-19.1,6.0,0.0,0.0,0.038,0
AGR-00158,Aggression,fsd50k,Good,,1.104,44100,0.0,-9.7,-27.2,21.6,0.0,0.00053,0.114,0
AGR-00159,Aggression,fsd50k,Good,,10.057,44100,-3.6,-20.5,-31.1,16.2,0.0,0.0,0.007,0
AGR-00160,Aggression,fsd50k,Good,,6.769,44100,-4.1,-20.6,-30.8,14.3,0.042,0.0,0.019,0
AGR-00161,Aggression,fsd50k,Good,,9.042,44100,-27.5,-40.9,-49.9,12.1,0.003,0.0,0.762,0
AGR-00162,Aggression,fsd50k,Good,,0.874,44100,-4.9,-22.5,-39.1,21.2,0.001,0.0,0.088,0
AGR-00163,Aggression,fsd50k,Good,,7.819,44100,-1.2,-19.1,-31.2,17.3,0.002,0.0,0.0,0
AGR-00164,Aggression,fsd50k,Good,,10.386,44100,-1.0,-18.8,-54.4,44.0,0.001,0.0,0.494,0
AGR-00165,Aggression,fsd50k,Good,,20.02,44100,-1.7,-18.5,-37.6,27.3,0.001,0.0,0.0,0
AGR-00166,Aggression,fsd50k,Good,,19.019,44100,-7.1,-27.0,-40.2,19.4,0.001,0.0,0.0,0
AGR-00167,Aggression,fsd50k,Acceptable,clipping: 0.14% of samples are clipped,12.336,44100,0.0,-17.0,-24.9,12.7,0.001,0.00137,0.0,0
AGR-00168,Aggression,fsd50k,Good,,0.492,44100,-13.1,-27.0,-36.2,13.8,0.0,0.0,0.053,0
AGR-00169,Aggression,fsd50k,Good,,1.538,44100,-5.6,-22.8,-53.9,37.7,0.001,0.0,0.18,0
AGR-00170,Aggression,fsd50k,Good,,1.184,44100,-2.9,-17.6,-33.7,21.1,0.002,0.0,0.255,0
AGR-00171,Aggression,fsd50k,Good,,1.086,44100,-5.5,-16.6,-30.2,16.9,0.001,0.0,0.163,0
AGR-00172,Aggression,fsd50k,Good,,6.09,44100,-4.4,-33.7,-52.5,26.8,0.002,0.0,0.021,0
AGR-00173,Aggression,fsd50k,Good,,15.726,44100,-1.2,-24.3,-57.4,39.2,0.0,0.0,0.434,0
AGR-00174,Aggression,fsd50k,Good,,23.313,44100,-20.6,-43.0,-48.3,9.5,0.001,0.0,0.016,0
AGR-00175,Aggression,fsd50k,Good,,1.013,44100,-0.6,-12.2,-31.2,22.5,0.0,0.0,0.175,0
AGR-00176,Aggression,fsd50k,Good,,10.112,44100,-0.0,-21.6,-44.4,28.1,0.001,0.0,0.0,0
AGR-00177,Aggression,fsd50k,Good,,0.933,44100,-0.5,-16.5,-55.8,44.8,0.0,0.0,0.027,0
AGR-00178,Aggression,fsd50k,Good,,0.511,44100,-9.0,-21.7,-45.6,27.9,0.007,0.0,0.0,0
AGR-00179,Aggression,fsd50k,Good,,0.487,44100,-9.2,-22.0,-46.7,29.0,0.006,0.0,0.0,0
AGR-00180,Aggression,fsd50k,Good,,2.367,44100,-7.5,-17.2,-28.9,14.6,0.0,0.0,0.0,0
AGR-00181,Aggression,fsd50k,Good,,5.164,44100,-27.0,-40.6,-53.8,18.8,0.0,0.0,0.049,0
AGR-00182,Aggression,fsd50k,Good,,2.985,44100,-9.9,-26.3,-47.4,27.2,0.002,0.0,0.235,0
AGR-00183,Aggression,fsd50k,Good,,2.011,44100,-5.7,-22.2,-54.2,38.7,0.001,0.0,0.163,0
AGR-00184,Aggression,fsd50k,Good,,2.127,44100,-8.9,-24.9,-55.0,36.0,0.001,0.0,0.294,0
AGR-00185,Aggression,fsd50k,Good,,5.003,44100,-5.5,-24.2,-42.0,24.3,0.0,0.0,0.15,0
AGR-00186,Aggression,fsd50k,Good,,8.542,44100,-1.3,-18.3,-38.2,25.6,0.0,0.0,0.012,0
AGR-00187,Aggression,fsd50k,Good,,5.99,44100,-3.1,-20.7,-35.7,21.5,0.002,0.0,0.0,0
AGR-00188,Aggression,fsd50k,Good,,8.638,44100,-3.5,-24.8,-39.5,19.5,0.005,0.0,0.0,0
AGR-00189,Aggression,fsd50k,Good,,9.903,44100,-4.0,-19.2,-30.5,14.5,0.004,0.0,0.003,0
AGR-00190,Aggression,fsd50k,Good,,8.173,44100,-3.3,-20.9,-34.6,18.3,0.002,0.0,0.0,0
AGR-00191,Aggression,fsd50k,Good,,0.977,44100,-0.6,-21.1,-47.3,32.0,0.001,0.0,0.0,0
AGR-00192,Aggression,fsd50k,Good,,12.8,44100,-10.8,-29.7,-36.7,11.1,0.0,0.0,0.039,0
AGR-00193,Aggression,fsd50k,Good,,1.981,44100,-0.0,-9.6,-35.0,28.5,0.0,0.0,0.0,0
AGR-00194,Aggression,fsd50k,Good,,24.955,44100,-12.3,-30.4,-38.5,12.8,0.0,0.0,0.0,0
AGR-00195,Aggression,fsd50k,Good,,7.688,44100,-3.0,-18.7,-46.2,32.6,0.002,0.0,0.303,0
AGR-00196,Aggression,fsd50k,Good,,27.2,44100,-15.6,-33.4,-57.9,32.8,0.002,0.0,0.074,0
AGR-00197,Aggression,fsd50k,Good,,5.042,44100,-1.5,-17.1,-33.3,21.0,0.001,0.0,0.0,0
AGR-00198,Aggression,ravdess,Good,,4.404,48000,-0.3,-19.7,-57.4,44.5,0.001,0.0,0.25,0
AGR-00199,Aggression,ravdess,Good,,3.637,48000,-0.1,-16.3,-41.1,32.6,0.004,0.0,0.49,0
AGR-00200,Aggression,ravdess,Good,,4.204,48000,-0.0,-17.7,-50.3,38.9,0.003,0.0,0.357,0
AGR-00201,Aggression,ravdess,Good,,4.004,48000,-0.1,-20.7,-56.4,42.8,0.001,0.0,0.219,0
AGR-00202,Aggression,ravdess,Good,,3.637,48000,-5.5,-23.9,-38.8,20.5,0.004,0.0,0.566,0
AGR-00203,Aggression,ravdess,Good,,4.137,48000,-3.1,-18.0,-33.5,20.6,0.001,0.0,0.461,0
AGR-00204,Aggression,ravdess,Good,,3.737,48000,-0.0,-19.2,-39.6,26.3,0.005,0.0,0.53,0
AGR-00205,Aggression,ravdess,Poor,missing audio frames: 7 dropouts (0.28 s),4.238,48000,-1.5,-15.4,-49.7,41.1,0.005,0.0,0.491,7
AGR-00206,Aggression,ravdess,Acceptable,missing audio frames: 1 dropout (0.61 s),4.404,48000,-0.0,-16.2,-46.0,35.2,0.006,0.0,0.403,1
AGR-00207,Aggression,ravdess,Good,,4.371,48000,-0.2,-17.0,-43.4,32.0,0.002,0.0,0.454,0
AGR-00208,Aggression,ravdess,Good,,4.238,48000,-4.6,-22.4,-45.5,29.4,0.002,0.0,0.467,0
AGR-00209,Aggression,ravdess,Poor,missing audio frames: 3 dropouts (0.15 s),3.403,48000,-6.1,-19.3,-42.0,28.7,0.023,0.0,0.588,3
AGR-00210,Aggression,ravdess,Good,,5.105,48000,-9.3,-26.6,-46.4,25.9,0.003,0.0,0.49,0
AGR-00211,Aggression,fsd50k,Good,,8.96,44100,-3.6,-18.8,-30.8,16.4,0.0,0.0,0.0,0
AGR-00212,Aggression,fsd50k,Good,,2.033,44100,-5.0,-18.5,-27.4,13.3,0.0,0.0,0.0,0
AGR-00213,Aggression,fsd50k,Good,,1.877,44100,-8.2,-18.1,-27.9,12.1,0.0,0.0,0.0,0
AGR-00214,Aggression,fsd50k,Good,,3.269,44100,-1.0,-18.1,-54.0,40.7,0.001,0.0,0.015,0
AGR-00215,Aggression,fsd50k,Acceptable,missing audio frames: 1 dropout (1.00 s),11.747,44100,-0.0,-18.2,-52.0,40.5,0.001,0.0,0.332,1
AGR-00216,Aggression,fsd50k,Good,,9.079,44100,-6.2,-23.9,-51.5,35.1,0.0,0.0,0.322,0
AGR-00217,Aggression,fsd50k,Acceptable,clipping: 0.19% of samples are clipped,2.088,44100,0.0,-12.3,-41.4,35.6,0.001,0.00193,0.0,0
AGR-00218,Aggression,fsd50k,Good,,17.918,44100,-2.3,-22.5,-40.1,23.5,0.0,0.0,0.0,0
AGR-00219,Aggression,fsd50k,Good,,1.344,44100,-0.0,-11.9,-30.7,23.1,0.0,5e-05,0.0,0
AGR-00220,Aggression,fsd50k,Good,,5.048,44100,-8.4,-25.7,-28.3,7.1,0.0,0.0,0.223,0
AGR-00221,Aggression,fsd50k,Good,,1.935,44100,-0.0,-15.5,-54.9,45.2,0.0,0.0,0.377,0
AGR-00222,Aggression,fsd50k,Good,,24.262,44100,-0.6,-18.8,-48.8,37.7,0.0,0.0,0.46,0
AGR-00223,Aggression,fsd50k,Good,,2.889,44100,-0.1,-17.6,-47.2,35.9,0.0,0.0,0.0,0
AGR-00224,Aggression,fsd50k,Good,,12.133,44100,-16.4,-36.0,-47.1,18.3,0.002,0.0,0.0,0
AGR-00225,Aggression,fsd50k,Good,,5.144,44100,-0.8,-21.2,-53.6,39.4,0.001,0.0,0.02,0
AGR-00226,Aggression,fsd50k,Good,,1.948,44100,-2.0,-13.9,-34.9,25.3,0.0,0.0,0.208,0
AGR-00227,Aggression,fsd50k,Good,,0.685,44100,-9.8,-26.0,-40.1,19.6,0.003,0.0,0.0,0
AGR-00228,Aggression,fsd50k,Good,,18.416,44100,-3.2,-16.0,-26.5,14.9,0.001,0.0,0.003,0
AGR-00229,Aggression,fsd50k,Good,,3.298,44100,-5.4,-21.2,-32.9,17.3,0.001,0.0,0.0,0
AGR-00230,Aggression,fsd50k,Good,,4.898,44100,-5.9,-22.9,-54.3,39.0,0.001,0.0,0.122,0
AGR-00231,Aggression,fsd50k,Good,,4.511,44100,-4.0,-21.5,-49.7,35.4,0.001,0.0,0.078,0
AGR-00232,Aggression,fsd50k,Good,,6.616,44100,-0.3,-19.6,-52.3,40.0,0.0,0.0,0.201,0
AGR-00233,Aggression,fsd50k,Acceptable,missing audio frames: 1 dropout (1.18 s),16.861,44100,-2.3,-23.1,-47.8,32.6,0.008,0.0,0.111,1
AGR-00234,Aggression,fsd50k,Good,,1.442,44100,0.0,-15.8,-43.0,32.7,0.0,0.00027,0.158,0
AGR-00235,Aggression,fsd50k,Good,,5.678,44100,0.0,-14.6,-31.3,21.9,0.0,6e-05,0.084,0
AGR-00236,Aggression,fsd50k,Good,,26.723,44100,-6.5,-24.3,-35.1,17.7,0.0,0.0,0.001,0
AGR-00237,Aggression,fsd50k,Good,,17.937,44100,-4.5,-22.3,-31.5,13.5,0.003,0.0,0.0,0
AGR-00238,Aggression,fsd50k,Good,,9.141,44100,-2.0,-17.0,-34.3,24.0,0.0,0.0,0.0,0
AGR-00239,Aggression,fsd50k,Good,,7.861,44100,-3.7,-28.9,-42.6,19.2,0.004,0.0,0.035,0
AGR-00240,Aggression,fsd50k,Good,,3.451,44100,-4.9,-30.7,-50.4,25.4,0.009,0.0,0.007,0
AGR-00241,Aggression,fsd50k,Good,,6.002,44100,-0.0,-14.6,-43.4,35.4,0.001,1e-05,0.0,0
AGR-00242,Aggression,fsd50k,Good,,10.684,44100,0.0,-21.2,-34.4,19.9,0.0,0.00014,0.002,0
AGR-00243,Aggression,fsd50k,Good,,7.4,44100,-8.2,-26.1,-31.4,9.1,0.002,0.0,0.0,0
AGR-00244,Aggression,fsd50k,Good,,22.523,44100,-20.7,-40.1,-46.1,10.6,0.002,0.0,0.0,0
AGR-00245,Aggression,fsd50k,Good,,15.954,44100,-6.4,-26.4,-45.5,24.4,0.001,0.0,0.03,0
AGR-00246,Aggression,fsd50k,Good,,2.388,44100,-8.1,-24.7,-33.5,13.7,0.001,0.0,0.0,0
AGR-00247,Aggression,fsd50k,Good,,1.44,44100,-2.5,-16.6,-23.8,10.4,0.005,0.0,0.123,0
AGR-00248,Aggression,fsd50k,Good,,27.402,44100,-1.4,-20.6,-38.7,24.1,0.0,0.0,0.002,0
AGR-00249,Aggression,fsd50k,Good,,27.877,44100,-5.6,-29.1,-44.4,21.2,0.0,0.0,0.0,0
AGR-00250,Aggression,fsd50k,Good,,7.535,44100,-4.2,-21.9,-39.6,21.5,0.005,0.0,0.007,0
AGR-00251,Aggression,ravdess,Good,,3.937,48000,-2.8,-19.9,-55.8,41.4,0.001,0.0,0.395,0
AGR-00252,Aggression,ravdess,Acceptable,missing audio frames: 1 dropout (0.09 s),3.837,48000,-4.0,-21.5,-55.8,41.4,0.001,0.0,0.34,1
AGR-00253,Aggression,ravdess,Good,,4.371,48000,-3.3,-22.0,-51.0,36.5,0.007,0.0,0.408,0
AGR-00254,Aggression,ravdess,Good,,3.47,48000,-9.3,-27.7,-51.9,29.9,0.002,0.0,0.529,0
AGR-00255,Aggression,ravdess,Acceptable,missing audio frames: 2 dropouts (0.05 s),3.971,48000,-0.2,-20.5,-39.1,23.8,0.003,0.0,0.5,2
AGR-00256,Aggression,fsd50k,Good,,2.797,44100,-3.0,-17.2,-22.6,9.9,0.0,0.0,0.0,0
AGR-00257,Aggression,fsd50k,Good,,5.4,44100,-2.6,-18.4,-24.7,10.2,0.0,0.0,0.0,0
AGR-00258,Aggression,fsd50k,Good,,9.744,44100,0.0,-13.4,-19.3,9.3,0.0,1e-05,0.003,0
AGR-00259,Aggression,fsd50k,Good,,8.451,44100,0.0,-10.5,-14.1,6.2,0.0,0.00045,0.0,0
AGR-00260,Aggression,fsd50k,Good,,9.183,44100,-0.6,-19.2,-51.0,38.5,0.007,0.0,0.561,0
AGR-00261,Aggression,fsd50k,Good,,6.226,44100,-5.6,-19.5,-53.5,41.9,0.02,0.0,0.582,0
AGR-00262,Aggression,fsd50k,Good,,1.99,44100,-6.4,-17.5,-44.0,32.4,0.0,0.0,0.253,0
AGR-00263,Aggression,fsd50k,Good,,13.863,44100,-0.5,-19.2,-37.6,25.2,0.0,0.0,0.0,0
AGR-00264,Aggression,fsd50k,Good,,0.812,44100,-3.7,-16.7,-45.1,32.9,0.001,0.0,0.031,0
AGR-00265,Aggression,fsd50k,Good,,2.659,44100,-5.4,-22.0,-43.7,27.0,0.001,0.0,0.028,0
AGR-00266,Aggression,fsd50k,Poor,missing audio frames: 8 dropouts (0.24 s),20.344,44100,-1.2,-19.2,-43.5,31.1,0.0,0.0,0.251,8
AGR-00267,Aggression,fsd50k,Good,,1.783,44100,-18.9,-32.6,-45.5,16.0,0.001,0.0,0.211,0
AGR-00268,Aggression,fsd50k,Good,,25.392,44100,-0.5,-20.3,-55.6,43.0,0.002,0.0,0.428,0
AGR-00269,Aggression,fsd50k,Good,,2.125,44100,-6.1,-20.6,-34.7,18.3,0.0,0.0,0.035,0
AGR-00270,Aggression,fsd50k,Good,,3.94,44100,-14.2,-33.9,-56.0,28.2,0.0,0.0,0.019,0
AGR-00271,Aggression,fsd50k,Good,,4.046,44100,-2.8,-25.6,-53.8,31.6,0.0,0.0,0.18,0
AGR-00272,Aggression,fsd50k,Good,,4.347,44100,-15.7,-33.8,-55.9,30.3,0.0,0.0,0.046,0
AGR-00273,Aggression,fsd50k,Good,,0.72,44100,-4.5,-13.1,-33.8,24.8,0.005,0.0,0.0,0
AGR-00274,Aggression,fsd50k,Good,,17.836,44100,-2.0,-21.9,-54.8,41.1,0.011,0.0,0.54,0
AGR-00275,Aggression,fsd50k,Good,,3.628,44100,-1.0,-15.2,-40.2,30.0,0.001,0.0,0.476,0
AGR-00276,Aggression,fsd50k,Good,,0.406,44100,-10.6,-23.3,-26.9,6.7,0.012,0.0,0.0,0
AGR-00277,Aggression,fsd50k,Good,,6.691,44100,-0.0,-15.5,-24.4,13.2,0.0,0.0,0.011,0
AGR-00278,Aggression,fsd50k,Good,,16.323,44100,0.0,-19.2,-31.7,19.8,0.003,0.0,0.0,0
AGR-00279,Aggression,fsd50k,Good,,22.642,44100,-1.2,-11.3,-31.8,25.2,0.001,0.0,0.003,0
AGR-00280,Aggression,fsd50k,Good,,8.124,44100,-0.5,-18.9,-47.0,35.1,0.002,0.0,0.009,0
AGR-00281,Aggression,fsd50k,Good,,15.441,44100,-12.1,-33.5,-46.7,16.8,0.006,0.0,0.071,0
AGR-00282,Aggression,fsd50k,Poor,clipping: 1.2% of samples are clipped,7.692,44100,0.0,-12.5,-33.0,26.5,0.004,0.01202,0.0,0
AGR-00283,Aggression,fsd50k,Poor,clipping: 3.7% of samples are clipped; missing audio frames: 1 dropout (0.24 s),5.185,44100,0.0,-7.1,-43.2,41.8,0.0,0.03675,0.106,1
AGR-00284,Aggression,fsd50k,Good,,7.634,44100,-0.5,-15.2,-56.3,47.6,0.0,0.0,0.134,0
AGR-00285,Aggression,fsd50k,Good,,15.627,44100,-0.9,-14.4,-20.2,9.8,0.001,0.0,0.0,0
AGR-00286,Aggression,fsd50k,Good,,23.505,44100,-2.0,-20.4,-47.6,33.8,0.001,0.0,0.0,0
AGR-00287,Aggression,fsd50k,Good,,4.972,44100,-0.0,-16.4,-57.4,48.1,0.0,0.0001,0.121,0
AGR-00288,Aggression,fsd50k,Good,,9.845,44100,-12.2,-32.7,-40.5,14.3,0.009,0.0,0.0,0
AGR-00289,Aggression,fsd50k,Good,,0.698,44100,-8.3,-20.5,-40.8,23.8,0.0,0.0,0.037,0
AGR-00290,Aggression,fsd50k,Poor,missing audio frames: 3 dropouts (1.12 s),7.728,44100,-0.0,-11.7,-38.0,30.2,0.001,2e-05,0.311,3
AGR-00291,Aggression,fsd50k,Good,,3.563,44100,-4.6,-23.2,-29.4,9.9,0.0,0.0,0.0,0
AGR-00292,Aggression,fsd50k,Good,,0.436,44100,-9.4,-22.2,-44.5,26.6,0.005,0.0,0.0,0
AGR-00293,Aggression,fsd50k,Good,,0.64,44100,-7.9,-20.9,-29.9,12.5,0.0,0.0,0.0,0
AGR-00294,Aggression,fsd50k,Good,,4.788,44100,-1.7,-19.9,-35.3,21.2,0.004,0.0,0.0,0
AGR-00295,Aggression,fsd50k,Good,,5.828,44100,-0.4,-14.4,-16.8,4.9,0.0,0.0,0.0,0
AGR-00296,Aggression,fsd50k,Good,,3.03,44100,-3.3,-18.1,-37.4,25.0,0.0,0.0,0.008,0
AGR-00297,Aggression,fsd50k,Good,,15.906,44100,-12.2,-32.2,-40.4,13.2,0.0,0.0,0.0,0
AGR-00298,Aggression,fsd50k,Good,,6.582,44100,-5.1,-21.4,-36.0,19.8,0.002,0.0,0.004,0
AGR-00299,Aggression,ravdess,Good,,3.77,48000,-1.5,-20.1,-51.4,38.2,0.014,0.0,0.5,0
AGR-00300,Aggression,ravdess,Good,,3.804,48000,-0.0,-17.4,-38.7,25.6,0.002,0.0,0.487,0
BGN-00001,Background Noise,esc50,Good,,5.0,44100,-15.4,-41.5,-57.6,23.0,0.003,0.0,0.305,0
BGN-00002,Background Noise,esc50,Good,,5.0,44100,-2.7,-16.0,-20.2,7.7,0.0,0.0,0.0,0
BGN-00003,Background Noise,esc50,Good,,5.0,44100,-8.7,-31.2,-44.7,21.1,0.0,0.0,0.0,0
BGN-00004,Background Noise,esc50,Good,,5.0,44100,-5.0,-24.6,-26.1,3.3,0.005,0.0,0.0,0
BGN-00005,Background Noise,esc50,Good,,5.0,44100,-2.3,-20.7,-30.0,14.1,0.0,0.0,0.0,0
BGN-00006,Background Noise,esc50,Good,,5.0,44100,-5.2,-35.4,-57.0,27.7,0.058,0.0,0.855,0
BGN-00007,Background Noise,esc50,Good,,5.0,44100,-16.8,-29.6,-30.9,2.9,0.001,0.0,0.0,0
BGN-00008,Background Noise,esc50,Good,,5.0,44100,-6.3,-19.7,-21.3,3.5,0.001,0.0,0.0,0
BGN-00009,Background Noise,esc50,Good,,5.0,44100,-15.7,-38.0,-51.0,18.2,0.006,0.0,0.025,0
BGN-00010,Background Noise,esc50,Good,,5.0,44100,-15.1,-41.7,-57.8,22.1,0.123,0.0,0.615,0
BGN-00011,Background Noise,esc50,Good,,5.0,44100,-10.7,-35.0,-56.5,27.9,0.017,0.0,0.535,0
BGN-00012,Background Noise,esc50,Good,,5.0,44100,-5.9,-34.3,-51.2,24.3,0.0,0.0,0.0,0
BGN-00013,Background Noise,esc50,Good,,5.0,44100,-2.5,-30.3,-54.1,30.7,0.013,0.0,0.015,0
BGN-00014,Background Noise,esc50,Good,,5.0,44100,-7.5,-31.7,-42.2,15.9,0.06,0.0,0.345,0
BGN-00015,Background Noise,esc50,Good,,5.0,44100,-1.1,-17.0,-23.3,9.8,0.0,0.0,0.0,0
BGN-00016,Background Noise,esc50,Good,,5.0,44100,-14.5,-40.3,-53.9,19.1,0.021,0.0,0.24,0
BGN-00017,Background Noise,esc50,Good,,5.0,44100,-6.6,-23.6,-24.5,1.9,0.02,0.0,0.0,0
BGN-00018,Background Noise,esc50,Good,,5.0,44100,-14.1,-32.0,-51.4,26.8,0.022,0.0,0.92,0
BGN-00019,Background Noise,esc50,Good,,5.0,44100,-10.8,-36.2,-45.7,17.1,0.002,0.0,0.0,0
BGN-00020,Background Noise,esc50,Good,,5.0,44100,-1.5,-18.8,-23.9,8.2,0.001,0.0,0.005,0
BGN-00021,Background Noise,esc50,Good,,5.0,44100,-1.3,-18.2,-26.8,13.9,0.0,0.0,0.0,0
BGN-00022,Background Noise,esc50,Good,,5.0,44100,-8.4,-23.3,-26.2,5.9,0.0,0.0,0.0,0
BGN-00023,Background Noise,esc50,Good,,5.0,44100,-11.8,-35.3,-46.9,19.6,0.0,0.0,0.0,0
BGN-00024,Background Noise,esc50,Good,,5.0,44100,-5.7,-23.2,-25.7,5.4,0.005,0.0,0.0,0
BGN-00025,Background Noise,esc50,Good,,5.0,44100,-0.6,-25.4,-26.6,2.4,0.063,0.0,0.0,0
BGN-00026,Background Noise,esc50,Good,,5.0,44100,-12.8,-29.1,-37.5,13.8,0.0,0.0,0.0,0
BGN-00027,Background Noise,esc50,Good,,5.0,44100,0.0,-10.1,-16.2,9.8,0.0,0.00035,0.0,0
BGN-00028,Background Noise,esc50,Good,,5.0,44100,-18.1,-45.8,-58.2,19.1,0.013,0.0,0.61,0
BGN-00029,Background Noise,esc50,Good,,5.0,44100,-1.0,-21.6,-44.0,28.9,0.001,0.0,0.02,0
BGN-00030,Background Noise,fsd50k,Good,,9.524,44100,-1.4,-16.0,-20.2,8.7,0.0,0.0,0.0,0
BGN-00031,Background Noise,fsd50k,Acceptable,low signal strength: active level -51 dBFS,11.823,44100,-30.4,-50.9,-55.2,8.3,0.0,0.0,0.0,0
BGN-00032,Background Noise,fsd50k,Good,,17.058,44100,-11.2,-30.2,-39.6,16.5,0.054,0.0,0.0,0
BGN-00033,Background Noise,fsd50k,Good,,11.977,44100,-7.5,-23.3,-28.6,9.0,0.009,0.0,0.0,0
BGN-00034,Background Noise,fsd50k,Good,,7.001,44100,-0.1,-12.7,-23.5,13.5,0.0,0.0,0.007,0
BGN-00035,Background Noise,fsd50k,Good,,9.43,44100,-0.3,-12.9,-33.1,23.6,0.0,0.0,0.003,0
BGN-00036,Background Noise,fsd50k,Poor,clipping: 2.7% of samples are clipped,5.528,44100,0.0,-8.6,-23.1,20.2,0.0,0.02726,0.0,0
BGN-00037,Background Noise,fsd50k,Good,,3.499,44100,-10.4,-29.2,-31.6,6.5,0.0,0.0,0.0,0
BGN-00038,Background Noise,fsd50k,Good,,4.891,44100,-0.0,-20.3,-31.4,18.1,0.0,4e-05,0.0,0
BGN-00039,Background Noise,fsd50k,Good,,19.032,44100,-5.1,-30.3,-36.3,10.0,0.023,0.0,0.0,0
BGN-00040,Background Noise,fsd50k,Good,,13.712,44100,-11.3,-31.6,-34.4,5.8,0.084,0.0,0.0,0
BGN-00041,Background Noise,fsd50k,Good,,3.952,44100,-14.5,-33.5,-40.0,11.5,0.001,0.0,0.0,0
BGN-00042,Background Noise,fsd50k,Good,,9.89,44100,-9.0,-21.9,-25.1,6.0,0.001,0.0,0.0,0
BGN-00043,Background Noise,fsd50k,Good,,8.391,44100,-12.1,-31.9,-48.8,21.0,0.0,0.0,0.009,0
BGN-00044,Background Noise,fsd50k,Good,,10.379,44100,-0.0,-21.7,-30.9,16.4,0.008,0.0,0.0,0
BGN-00045,Background Noise,fsd50k,Good,,10.119,44100,-8.0,-26.7,-38.5,18.7,0.001,0.0,0.0,0
BGN-00046,Background Noise,fsd50k,Good,,12.65,44100,-10.3,-31.7,-40.4,13.8,0.001,0.0,0.0,0
BGN-00047,Background Noise,fsd50k,Good,,7.307,44100,-11.6,-16.3,-24.8,11.8,0.0,0.0,0.003,0
BGN-00048,Background Noise,fsd50k,Good,,16.66,44100,-9.8,-37.0,-49.4,17.5,0.001,0.0,0.107,0
BGN-00049,Background Noise,fsd50k,Good,,12.587,44100,-6.1,-21.2,-23.0,4.2,0.006,0.0,0.0,0
BGN-00050,Background Noise,fsd50k,Good,,17.92,44100,-2.1,-20.9,-25.4,7.7,0.0,0.0,0.001,0
BGN-00051,Background Noise,fsd50k,Good,,27.897,44100,-7.0,-22.1,-25.1,6.0,0.004,0.0,0.0,0
BGN-00052,Background Noise,fsd50k,Good,,7.148,44100,-7.5,-26.2,-30.5,8.5,0.006,0.0,0.0,0
BGN-00053,Background Noise,fsd50k,Good,,21.921,44100,-0.0,-23.5,-37.0,19.8,0.002,2e-05,0.0,0
BGN-00054,Background Noise,fsd50k,Good,,24.471,44100,0.0,-24.1,-41.1,23.3,0.001,1e-05,0.0,0
BGN-00055,Background Noise,fsd50k,Acceptable,missing audio frames: 1 dropout (0.02 s),10.057,44100,-12.2,-32.5,-48.0,21.7,0.0,0.0,0.114,1
BGN-00056,Background Noise,fsd50k,Acceptable,clipping: 0.10% of samples are clipped,22.148,44100,0.0,-11.7,-20.1,13.3,0.0,0.00102,0.0,0
BGN-00057,Background Noise,fsd50k,Good,,23.951,44100,-10.0,-32.7,-39.4,11.7,0.003,0.0,0.0,0
BGN-00058,Background Noise,fsd50k,Good,,24.262,44100,-17.4,-41.5,-56.3,21.6,0.006,0.0,0.0,0
BGN-00059,Background Noise,fsd50k,Good,,14.198,44100,-4.2,-20.8,-26.1,9.1,0.0,0.0,0.0,0
BGN-00060,Background Noise,fsd50k,Good,,6.712,44100,-18.4,-42.8,-44.6,4.1,0.022,0.0,0.0,0
BGN-00061,Background Noise,fsd50k,Good,,25.002,44100,0.0,-12.8,-21.9,13.7,0.0,0.00068,0.0,0
BGN-00062,Background Noise,fsd50k,Good,,15.486,44100,-1.0,-30.2,-39.7,15.2,0.002,0.0,0.0,0
BGN-00063,Background Noise,fsd50k,Good,,22.285,44100,-12.8,-25.6,-26.8,2.5,0.004,0.0,0.034,0
BGN-00064,Background Noise,fsd50k,Good,,25.343,44100,-17.0,-29.3,-31.4,4.2,0.001,0.0,0.0,0
BGN-00065,Background Noise,fsd50k,Good,,11.645,44100,-1.0,-14.6,-16.2,3.1,0.011,0.0,0.0,0
BGN-00066,Background Noise,fsd50k,Good,,5.208,44100,-1.5,-16.6,-52.1,40.2,0.001,0.0,0.606,0
BGN-00067,Background Noise,fsd50k,Good,,16.981,44100,-3.3,-26.4,-44.6,25.4,0.001,0.0,0.019,0
BGN-00068,Background Noise,fsd50k,Good,,9.399,44100,0.0,-15.7,-24.6,14.5,0.0,3e-05,0.0,0
BGN-00069,Background Noise,fsd50k,Good,,14.247,44100,-3.0,-38.0,-55.5,24.0,0.0,0.0,0.075,0
BGN-00070,Background Noise,fsd50k,Acceptable,clipping: 0.33% of samples are clipped,7.762,44100,0.0,-11.4,-21.7,15.3,0.001,0.00327,0.003,0
BGN-00071,Background Noise,fsd50k,Good,,22.709,44100,0.0,-32.3,-44.8,18.2,0.003,1e-05,0.025,0
BGN-00072,Background Noise,fsd50k,Good,,12.347,44100,-8.0,-33.1,-34.8,3.6,0.009,0.0,0.0,0
BGN-00073,Background Noise,fsd50k,Good,,24.922,44100,-8.0,-36.8,-39.2,5.0,0.003,0.0,0.0,0
BGN-00074,Background Noise,fsd50k,Good,,15.929,44100,-0.0,-21.5,-49.0,35.5,0.003,3e-05,0.046,0
BGN-00075,Background Noise,fsd50k,Good,,16.997,44100,0.0,-13.6,-26.7,18.9,0.0,0.00044,0.004,0
BGN-00076,Background Noise,fsd50k,Good,,18.098,44100,-7.6,-25.2,-31.8,10.8,0.021,0.0,0.0,0
BGN-00077,Background Noise,fsd50k,Good,,1.301,44100,-17.1,-35.8,-43.1,11.7,0.044,0.0,0.077,0
BGN-00078,Background Noise,fsd50k,Good,,18.316,44100,-12.9,-33.7,-40.6,12.5,0.032,0.0,0.0,0
BGN-00079,Background Noise,fsd50k,Good,,19.174,44100,-15.6,-30.4,-34.2,7.9,0.0,0.0,0.001,0
BGN-00080,Background Noise,fsd50k,Good,,16.773,44100,-13.2,-33.4,-38.6,10.3,0.044,0.0,0.0,0
BGN-00081,Background Noise,fsd50k,Good,,11.0,44100,-11.8,-32.6,-36.7,7.7,0.006,0.0,0.089,0
BGN-00082,Background Noise,fsd50k,Good,,4.95,44100,-1.7,-18.0,-31.9,19.8,0.001,0.0,0.0,0
BGN-00083,Background Noise,fsd50k,Good,,1.308,44100,-23.2,-44.0,-45.7,1.6,0.0,0.0,0.0,0
BGN-00084,Background Noise,fsd50k,Good,,2.042,44100,-25.0,-44.1,-45.5,1.9,0.0,0.0,0.0,0
BGN-00085,Background Noise,fsd50k,Good,,1.372,44100,-23.2,-44.1,-48.0,3.9,0.0,0.0,0.019,0
BGN-00086,Background Noise,fsd50k,Good,,1.468,44100,-24.6,-44.2,-51.4,8.4,0.0,0.0,0.0,0
BGN-00087,Background Noise,fsd50k,Good,,29.5,44100,-16.0,-38.3,-41.4,6.0,0.019,0.0,0.013,0
BGN-00088,Background Noise,fsd50k,Good,,5.569,44100,-3.4,-19.9,-36.1,21.0,0.0,0.0,0.023,0
BGN-00089,Background Noise,fsd50k,Good,,25.0,44100,-5.0,-31.0,-35.4,8.8,0.017,0.0,0.005,0
BGN-00090,Background Noise,fsd50k,Good,,5.256,44100,-15.0,-31.4,-35.0,6.5,0.002,0.0,0.0,0
BGN-00091,Background Noise,fsd50k,Good,,17.129,44100,-3.6,-25.3,-34.4,15.1,0.002,0.0,0.0,0
BGN-00092,Background Noise,fsd50k,Good,,13.444,44100,-21.2,-39.3,-44.1,8.6,0.004,0.0,0.0,0
BGN-00093,Background Noise,fsd50k,Good,,10.879,44100,-3.6,-24.3,-47.5,31.2,0.0,0.0,0.0,0
BGN-00094,Background Noise,fsd50k,Good,,28.503,44100,-9.9,-33.7,-36.2,5.2,0.015,0.0,0.0,0
BGN-00095,Background Noise,fsd50k,Good,,25.136,44100,-21.6,-36.9,-41.1,5.7,0.024,0.0,0.013,0
BGN-00096,Background Noise,fsd50k,Good,,12.8,44100,-6.7,-21.6,-30.6,15.0,0.0,0.0,0.0,0
BGN-00097,Background Noise,fsd50k,Good,,26.223,44100,-4.8,-29.1,-46.7,24.0,0.0,0.0,0.023,0
BGN-00098,Background Noise,fsd50k,Good,,14.307,44100,-25.9,-40.4,-44.4,7.1,0.003,0.0,0.017,0
BGN-00099,Background Noise,fsd50k,Good,,24.406,44100,-19.4,-43.4,-55.5,18.4,0.002,0.0,0.0,0
BGN-00100,Background Noise,fsd50k,Good,,9.776,44100,-12.7,-32.2,-46.8,19.4,0.022,0.0,0.0,0
BGN-00101,Background Noise,fsd50k,Acceptable,low signal strength: active level -50 dBFS,24.807,44100,-7.2,-49.9,-57.1,12.2,0.008,0.0,0.001,0
BGN-00102,Background Noise,fsd50k,Good,,19.296,44100,-0.1,-18.5,-37.7,25.7,0.026,1e-05,0.003,0
BGN-00103,Background Noise,fsd50k,Acceptable,low signal strength: active level -50 dBFS,7.0,44100,-18.7,-49.9,-57.4,12.4,0.004,0.0,0.007,0
BGN-00104,Background Noise,fsd50k,Good,,3.318,44100,0.0,-15.6,-27.3,16.0,0.0,0.0,0.0,0
BGN-00105,Background Noise,fsd50k,Good,,23.839,44100,-14.7,-25.1,-27.0,3.1,0.002,0.0,0.0,0
BGN-00106,Background Noise,fsd50k,Good,,21.54,44100,-15.8,-25.8,-27.0,2.4,0.0,0.0,0.0,0
BGN-00107,Background Noise,fsd50k,Poor,silence: 100% of the recording is silent,8.885,44100,-38.8,-38.8,-67.9,4.8,0.1,0.0,1.0,0
BGN-00108,Background Noise,fsd50k,Good,,3.771,44100,-31.6,-45.1,-47.6,5.5,0.0,0.0,0.0,0
BGN-00109,Background Noise,fsd50k,Good,,19.375,44100,-23.4,-37.9,-40.8,5.6,0.0,0.0,0.0,0
BGN-00110,Background Noise,fsd50k,Good,,5.494,44100,-16.6,-33.8,-41.0,12.5,0.049,0.0,0.055,0
BGN-00111,Background Noise,fsd50k,Good,,8.106,44100,-9.0,-29.2,-44.3,21.1,0.032,0.0,0.0,0
BGN-00112,Background Noise,fsd50k,Good,,2.865,44100,-15.3,-28.0,-43.5,20.6,0.031,0.0,0.149,0
BGN-00113,Background Noise,fsd50k,Good,,7.438,44100,-5.4,-25.4,-33.9,13.8,0.002,0.0,0.131,0
BGN-00114,Background Noise,fsd50k,Good,,24.625,44100,-13.1,-32.0,-33.3,2.6,0.032,0.0,0.0,0
BGN-00115,Background Noise,fsd50k,Good,,1.016,44100,0.0,-11.6,-21.1,14.6,0.0,0.00074,0.0,0
BGN-00116,Background Noise,fsd50k,Good,,1.369,44100,-0.1,-14.0,-22.2,12.3,0.0,7e-05,0.0,0
BGN-00117,Background Noise,fsd50k,Acceptable,clipping: 0.30% of samples are clipped,1.071,44100,0.0,-7.9,-12.4,7.7,0.0,0.00303,0.0,0
BGN-00118,Background Noise,fsd50k,Good,,1.895,44100,-16.2,-26.9,-31.6,8.7,0.0,0.0,0.0,0
BGN-00119,Background Noise,fsd50k,Good,,25.361,44100,-2.5,-21.4,-28.1,12.7,0.004,0.0,0.001,0
BGN-00120,Background Noise,fsd50k,Good,,7.903,44100,-23.5,-35.0,-58.3,29.6,0.0,0.0,0.272,0
BGN-00121,Background Noise,fsd50k,Good,,11.989,44100,-3.1,-15.2,-24.2,11.9,0.0,0.0,0.096,0
BGN-00122,Background Noise,fsd50k,Good,,21.664,44100,-5.0,-30.2,-34.3,6.8,0.012,0.0,0.0,0
BGN-00123,Background Noise,fsd50k,Good,,1.324,44100,-7.0,-29.7,-43.0,19.3,0.0,0.0,0.019,0
BGN-00124,Background Noise,fsd50k,Good,,17.0,44100,-12.7,-31.3,-34.8,6.7,0.005,0.0,0.0,0
BGN-00125,Background Noise,fsd50k,Good,,6.835,44100,-5.6,-37.6,-59.2,26.1,0.059,0.0,0.223,0
BGN-00126,Background Noise,fsd50k,Good,,19.096,44100,0.0,-22.2,-47.6,25.6,0.0,1e-05,0.056,0
BGN-00127,Background Noise,fsd50k,Good,,12.738,44100,-16.6,-40.8,-58.6,23.5,0.003,0.0,0.145,0
BGN-00128,Background Noise,fsd50k,Good,,5.914,44100,-16.3,-31.3,-32.4,2.6,0.045,0.0,0.0,0
BGN-00129,Background Noise,fsd50k,Good,,3.892,44100,-7.6,-28.0,-53.1,32.2,0.0,0.0,0.148,0
BGN-00130,Background Noise,fsd50k,Good,,28.559,44100,-16.1,-37.0,-39.0,4.2,0.108,0.0,0.0,0
BGN-00131,Background Noise,fsd50k,Good,,9.038,44100,-4.0,-24.5,-39.4,21.7,0.077,0.0,0.0,0
BGN-00132,Background Noise,fsd50k,Good,,2.717,44100,-5.8,-21.7,-31.5,15.4,0.0,0.0,0.037,0
BGN-00133,Background Noise,fsd50k,Good,,25.24,44100,-9.9,-27.7,-32.6,8.7,0.004,0.0,0.0,0
BGN-00134,Background Noise,fsd50k,Good,,12.679,44100,-1.1,-21.5,-23.2,3.4,0.188,0.0,0.0,0
BGN-00135,Background Noise,fsd50k,Good,,10.01,44100,-13.1,-33.6,-43.9,16.3,0.003,0.0,0.0,0
BGN-00136,Background Noise,fsd50k,Good,,16.543,44100,-15.6,-38.7,-46.4,13.8,0.004,0.0,0.0,0
BGN-00137,Background Noise,fsd50k,Acceptable,low signal strength: active level -53 dBFS,15.061,44100,-27.9,-52.7,-55.9,6.5,0.139,0.0,0.0,0
BGN-00138,Background Noise,fsd50k,Good,,28.502,44100,-1.7,-21.7,-28.3,11.9,0.009,0.0,0.002,0
BGN-00139,Background Noise,fsd50k,Acceptable,low signal strength: active level -51 dBFS; missing audio frames: 1 dropout (0.13 s),27.11,44100,-27.6,-50.6,-57.1,9.3,0.129,0.0,0.418,1
BGN-00140,Background Noise,fsd50k,Good,,19.118,44100,0.0,-22.2,-39.0,20.4,0.06,0.0,0.035,0
BGN-00141,Background Noise,fsd50k,Good,,16.022,44100,-0.3,-35.9,-45.2,14.3,0.001,0.0,0.0,0
BGN-00142,Background Noise,fsd50k,Good,,22.28,44100,-4.2,-34.7,-39.4,9.3,0.018,0.0,0.0,0
BGN-00143,Background Noise,fsd50k,Good,,8.281,44100,-0.0,-13.2,-14.9,3.3,0.0,0.0,0.012,0
BGN-00144,Background Noise,fsd50k,Good,,16.483,44100,-0.0,-13.6,-16.0,4.1,0.0,1e-05,0.006,0
BGN-00145,Background Noise,fsd50k,Good,,20.968,44100,-0.3,-22.3,-49.7,35.5,0.0,0.0,0.0,0
BGN-00146,Background Noise,fsd50k,Good,,24.255,44100,-13.3,-39.0,-46.9,13.3,0.003,0.0,0.008,0
BGN-00147,Background Noise,fsd50k,Good,,13.003,44100,-6.4,-39.2,-58.3,22.4,0.009,0.0,0.44,0
BGN-00148,Background Noise,fsd50k,Good,,7.634,44100,-16.1,-27.7,-30.5,5.5,0.0,0.0,0.0,0
BGN-00149,Background Noise,fsd50k,Good,,28.82,44100,-5.9,-38.6,-45.4,11.4,0.048,0.0,0.0,0
BGN-00150,Background Noise,fsd50k,Good,,8.289,44100,-3.1,-28.9,-37.7,13.2,0.008,0.0,0.0,0
BGN-00151,Background Noise,fsd50k,Good,,15.258,44100,-1.1,-42.7,-53.8,15.6,0.085,0.0,0.0,0
BGN-00152,Background Noise,fsd50k,Good,,13.55,44100,-7.7,-22.0,-27.7,9.5,0.0,0.0,0.0,0
BGN-00153,Background Noise,fsd50k,Good,,20.311,44100,-23.1,-43.0,-44.3,2.7,0.151,0.0,0.0,0
BGN-00154,Background Noise,fsd50k,Good,,2.116,44100,-1.1,-12.6,-20.6,11.0,0.0,0.0,0.012,0
BGN-00155,Background Noise,fsd50k,Good,,3.495,44100,-0.8,-14.6,-27.2,18.7,0.0,0.0,0.0,0
BGN-00156,Background Noise,fsd50k,Good,,28.104,44100,-7.7,-23.9,-33.1,13.9,0.0,0.0,0.0,0
BGN-00157,Background Noise,fsd50k,Good,,7.82,44100,-7.7,-19.1,-23.7,7.9,0.0,0.0,0.0,0
BGN-00158,Background Noise,fsd50k,Good,,26.166,44100,-8.0,-40.5,-56.4,23.3,0.004,0.0,0.007,0
BGN-00159,Background Noise,fsd50k,Good,,4.136,44100,-9.7,-23.9,-26.0,4.0,0.008,0.0,0.0,0
BGN-00160,Background Noise,fsd50k,Good,,27.77,44100,-5.6,-34.7,-51.3,23.2,0.002,0.0,0.012,0
BGN-00161,Background Noise,fsd50k,Acceptable,missing audio frames: 1 dropout (0.32 s),18.707,44100,-7.7,-19.5,-48.1,34.7,0.0,0.0,0.031,1
BGN-00162,Background Noise,fsd50k,Good,,3.622,44100,-2.8,-28.4,-53.7,34.2,0.005,0.0,0.007,0
BGN-00163,Background Noise,fsd50k,Good,,10.165,44100,-1.9,-13.7,-19.0,7.9,0.0,0.0,0.0,0
BGN-00164,Background Noise,fsd50k,Good,,25.848,44100,-10.3,-20.6,-22.5,3.7,0.0,0.0,0.002,0
BGN-00165,Background Noise,fsd50k,Good,,3.369,44100,-3.4,-20.5,-22.7,5.1,0.001,0.0,0.0,0
BGN-00166,Background Noise,fsd50k,Acceptable,low signal strength: active level -53 dBFS,5.0,44100,-34.4,-53.2,-58.4,10.0,0.014,0.0,0.28,0
BGN-00167,Background Noise,fsd50k,Good,,12.562,44100,-1.5,-25.8,-45.2,27.2,0.011,0.0,0.0,0
BGN-00168,Background Noise,fsd50k,Poor,missing audio frames: 5 dropouts (0.34 s),28.334,44100,-2.3,-23.9,-54.3,36.3,0.0,0.0,0.282,5
BGN-00169,Background Noise,fsd50k,Good,,29.523,44100,-8.7,-23.0,-24.1,2.3,0.033,0.0,0.0,0
BGN-00170,Background Noise,fsd50k,Good,,4.577,44100,-1.7,-16.1,-50.2,39.6,0.001,0.0,0.0,0
BGN-00171,Background Noise,fsd50k,Good,,1.753,44100,-2.9,-20.5,-44.2,30.8,0.001,0.0,0.0,0
BGN-00172,Background Noise,fsd50k,Good,,1.829,44100,-3.1,-21.5,-43.4,27.5,0.0,0.0,0.0,0
BGN-00173,Background Noise,fsd50k,Good,,16.817,44100,-0.4,-18.1,-30.3,18.4,0.001,0.0,0.0,0
BGN-00174,Background Noise,fsd50k,Good,,2.972,44100,-14.6,-34.9,-38.3,6.0,0.035,0.0,0.0,0
BGN-00175,Background Noise,fsd50k,Good,,9.463,44100,-3.7,-17.2,-18.1,2.1,0.0,0.0,0.0,0
BGN-00176,Background Noise,fsd50k,Good,,25.339,44100,-1.8,-16.5,-18.8,4.6,0.0,0.0,0.0,0
BGN-00177,Background Noise,fsd50k,Good,,29.4,44100,-18.4,-33.9,-38.8,8.9,0.002,0.0,0.0,0
BGN-00178,Background Noise,fsd50k,Acceptable,missing audio frames: 1 dropout (0.08 s),21.678,44100,-15.3,-38.0,-54.9,24.0,0.013,0.0,0.235,1
BGN-00179,Background Noise,fsd50k,Good,,16.807,44100,-15.2,-29.9,-31.9,4.3,0.002,0.0,0.0,0
BGN-00180,Background Noise,fsd50k,Good,,9.528,44100,-4.2,-18.7,-23.7,8.8,0.0,0.0,0.0,0
BGN-00181,Background Noise,fsd50k,Good,,19.749,44100,-3.3,-16.9,-20.9,7.4,0.0,0.0,0.005,0
BGN-00182,Background Noise,fsd50k,Good,,17.344,44100,-9.8,-28.3,-40.0,18.0,0.0,0.0,0.0,0
BGN-00183,Background Noise,fsd50k,Acceptable,low signal strength: active level -51 dBFS,22.479,44100,-24.4,-51.4,-59.5,14.2,0.026,0.0,0.701,0
BGN-00184,Background Noise,fsd50k,Good,,17.772,44100,-11.8,-36.3,-40.2,7.9,0.0,0.0,0.0,0
BGN-00185,Background Noise,fsd50k,Good,,29.327,44100,0.0,-23.8,-29.4,8.9,0.021,0.0,0.006,0
BGN-00186,Background Noise,fsd50k,Good,,27.746,44100,-2.1,-17.5,-21.6,7.6,0.0,0.0,0.0,0
BGN-00187,Background Noise,fsd50k,Good,,9.776,44100,-8.2,-24.5,-32.9,12.3,0.373,0.0,0.0,0
BGN-00188,Background Noise,fsd50k,Good,,16.948,44100,-5.9,-22.1,-27.5,8.9,0.006,0.0,0.0,0
BGN-00189,Background Noise,fsd50k,Good,,15.5,44100,-0.2,-19.5,-28.2,12.4,0.014,0.0,0.002,0
BGN-00190,Background Noise,fsd50k,Good,,23.432,44100,-0.3,-30.5,-43.4,18.9,0.003,0.0,0.003,0
BGN-00191,Background Noise,fsd50k,Good,,9.874,44100,-0.2,-29.1,-34.7,11.5,0.001,0.0,0.003,0
BGN-00192,Background Noise,fsd50k,Good,,18.26,44100,-1.1,-21.2,-33.8,17.9,0.0,0.0,0.001,0
BGN-00193,Background Noise,fsd50k,Good,,16.486,44100,-4.2,-25.5,-46.0,25.8,0.0,0.0,0.014,0
BGN-00194,Background Noise,fsd50k,Good,,13.699,44100,-3.1,-21.9,-35.3,20.9,0.001,0.0,0.0,0
BGN-00195,Background Noise,fsd50k,Good,,8.998,44100,-0.0,-23.2,-41.2,25.2,0.0,0.0,0.014,0
BGN-00196,Background Noise,fsd50k,Good,,4.48,44100,0.0,-14.3,-23.7,16.3,0.0,2e-05,0.0,0
BGN-00197,Background Noise,fsd50k,Good,,3.503,44100,-10.0,-30.8,-39.2,12.6,0.001,0.0,0.0,0
BGN-00198,Background Noise,fsd50k,Good,,10.083,44100,-0.2,-20.6,-30.0,17.0,0.0,0.0,0.002,0
BGN-00199,Background Noise,fsd50k,Good,,7.307,44100,-5.3,-30.4,-51.1,25.5,0.013,0.0,0.038,0
BGN-00200,Background Noise,fsd50k,Good,,7.726,44100,-13.8,-28.9,-39.3,15.1,0.0,0.0,0.016,0
BGN-00201,Background Noise,fsd50k,Good,,5.026,44100,-5.1,-19.9,-26.7,11.4,0.0,0.0,0.0,0
BGN-00202,Background Noise,fsd50k,Good,,6.818,44100,-8.7,-23.4,-34.8,17.7,0.0,0.0,0.004,0
BGN-00203,Background Noise,fsd50k,Good,,28.17,44100,-2.0,-16.7,-20.0,6.2,0.001,0.0,0.0,0
BGN-00204,Background Noise,fsd50k,Good,,29.436,44100,-0.8,-27.6,-43.1,21.7,0.003,0.0,0.001,0
BGN-00205,Background Noise,urbansound8k,Good,,4.0,44100,-11.4,-24.9,-29.1,6.8,0.001,0.0,0.0,0
BGN-00206,Background Noise,urbansound8k,Good,,2.498,48000,-7.0,-21.0,-22.8,3.9,0.0,0.0,0.0,0
BGN-00207,Background Noise,urbansound8k,Good,,4.0,44100,-9.4,-23.1,-24.2,2.1,0.002,0.0,0.0,0
BGN-00208,Background Noise,urbansound8k,Good,,4.0,44100,-17.4,-33.9,-36.8,5.8,0.0,0.0,0.0,0
BGN-00209,Background Noise,urbansound8k,Good,,4.0,48000,-24.0,-36.7,-41.5,7.6,0.0,0.0,0.0,0
BGN-00210,Background Noise,urbansound8k,Good,,4.0,44100,-16.5,-35.6,-37.1,3.2,0.0,0.0,0.0,0
BGN-00211,Background Noise,esc50,Poor,clipping: 11.8% of samples are clipped,5.0,44100,0.0,-4.9,-7.8,4.8,0.0,0.11756,0.0,0
BGN-00212,Background Noise,esc50,Good,,5.0,44100,-5.9,-31.6,-52.7,27.6,0.001,0.0,0.0,0
BGN-00213,Background Noise,esc50,Good,,5.0,44100,-2.9,-14.6,-21.0,10.9,0.0,0.0,0.0,0
BGN-00214,Background Noise,esc50,Good,,5.0,44100,-3.9,-21.8,-54.3,37.5,0.002,0.0,0.395,0
BGN-00215,Background Noise,fsd50k,Good,,1.641,44100,-10.9,-26.8,-32.9,12.6,0.001,0.0,0.0,0
BGN-00216,Background Noise,fsd50k,Good,,18.991,44100,-21.5,-42.0,-49.1,11.4,0.001,0.0,0.0,0
BGN-00217,Background Noise,fsd50k,Good,,2.555,44100,-15.0,-30.3,-41.2,16.2,0.001,0.0,0.0,0
BGN-00218,Background Noise,fsd50k,Good,,8.613,44100,-0.0,-27.3,-35.6,14.7,0.005,1e-05,0.0,0
BGN-00219,Background Noise,fsd50k,Good,,4.59,44100,-2.2,-18.1,-26.9,14.4,0.003,0.0,0.0,0
BGN-00220,Background Noise,fsd50k,Good,,9.242,44100,-0.0,-19.6,-41.9,29.3,0.0,4e-05,0.0,0
BGN-00221,Background Noise,fsd50k,Good,,10.376,44100,-10.1,-29.2,-35.8,11.6,0.045,0.0,0.0,0
BGN-00222,Background Noise,fsd50k,Good,,15.875,44100,-0.3,-22.5,-38.2,22.2,0.004,0.0,0.0,0
BGN-00223,Background Noise,fsd50k,Good,,8.475,44100,-0.0,-22.6,-40.3,23.1,0.005,0.0,0.027,0
BGN-00224,Background Noise,fsd50k,Poor,missing audio frames: 3 dropouts (1.16 s),16.187,44100,-1.5,-19.1,-54.0,41.5,0.0,0.0,0.255,3
BGN-00225,Background Noise,fsd50k,Good,,11.04,44100,-4.3,-20.1,-27.2,10.9,0.0,0.0,0.029,0
BGN-00226,Background Noise,fsd50k,Acceptable,low signal strength: active level -52 dBFS,26.46,44100,-33.5,-52.2,-53.3,2.6,0.078,0.0,0.0,0
BGN-00227,Background Noise,fsd50k,Good,,24.814,44100,-3.5,-24.8,-39.3,19.9,0.001,0.0,0.0,0
BGN-00228,Background Noise,fsd50k,Good,,19.41,44100,-1.5,-24.9,-27.0,4.3,0.073,0.0,0.018,0
BGN-00229,Background Noise,fsd50k,Good,,5.664,44100,-6.2,-24.9,-44.1,25.4,0.0,0.0,0.013,0
BGN-00230,Background Noise,fsd50k,Good,,17.393,44100,-3.2,-24.0,-28.5,8.7,0.001,0.0,0.0,0
BGN-00231,Background Noise,fsd50k,Good,,20.0,44100,-13.3,-43.6,-49.3,9.1,0.04,0.0,0.055,0
BGN-00232,Background Noise,fsd50k,Good,,28.421,44100,-14.5,-37.1,-41.3,8.1,0.003,0.0,0.003,0
BGN-00233,Background Noise,fsd50k,Poor,missing audio frames: 3 dropouts (0.08 s),2.791,44100,-7.1,-32.9,-58.1,30.3,0.046,0.0,0.739,3
BGN-00234,Background Noise,fsd50k,Good,,1.375,44100,0.0,-11.4,-17.7,11.3,0.0,0.00063,0.0,0
BGN-00235,Background Noise,fsd50k,Good,,14.123,44100,-7.4,-26.7,-28.5,3.8,0.006,0.0,0.002,0
BGN-00236,Background Noise,fsd50k,Good,,28.942,44100,-3.6,-33.2,-57.3,28.4,0.003,0.0,0.022,0
BGN-00237,Background Noise,fsd50k,Good,,6.329,44100,-1.9,-27.6,-49.1,27.0,0.0,0.0,0.008,0
BGN-00238,Background Noise,fsd50k,Good,,18.91,44100,-7.0,-34.3,-36.5,4.7,0.107,0.0,0.0,0
BGN-00239,Background Noise,fsd50k,Good,,8.617,44100,-2.2,-16.0,-17.6,3.1,0.019,0.0,0.0,0
BGN-00240,Background Noise,fsd50k,Good,,6.006,44100,-22.2,-38.3,-57.0,27.3,0.001,0.0,0.017,0
BGN-00241,Background Noise,fsd50k,Good,,14.014,44100,-14.7,-45.7,-58.2,18.5,0.005,0.0,0.016,0
BGN-00242,Background Noise,fsd50k,Acceptable,missing audio frames: 1 dropout (0.20 s),17.58,44100,-9.6,-30.2,-37.8,11.4,0.011,0.0,0.09,1
BGN-00243,Background Noise,fsd50k,Good,,9.147,44100,-18.4,-47.3,-55.0,12.1,0.001,0.0,0.003,0
BGN-00244,Background Noise,fsd50k,Good,,22.32,44100,-18.3,-38.8,-44.5,9.3,0.0,0.0,0.0,0
BGN-00245,Background Noise,fsd50k,Good,,14.576,44100,-16.4,-46.0,-58.9,17.8,0.002,0.0,0.326,0
BGN-00246,Background Noise,fsd50k,Good,,9.0,44100,-6.4,-23.2,-48.7,30.3,0.0,0.0,0.0,0
BGN-00247,Background Noise,fsd50k,Good,,17.09,44100,-9.6,-22.1,-35.9,19.2,0.0,0.0,0.009,0
BGN-00248,Background Noise,fsd50k,Good,,22.139,44100,-4.3,-22.4,-34.6,17.5,0.0,0.0,0.0,0
BGN-00249,Background Noise,fsd50k,Good,,19.028,44100,-0.7,-20.7,-44.8,31.4,0.0,0.0,0.0,0
BGN-00250,Background Noise,fsd50k,Good,,5.772,44100,-1.7,-36.1,-49.0,18.6,0.009,0.0,0.0,0
BGN-00251,Background Noise,fsd50k,Good,,10.136,44100,-0.0,-30.3,-34.4,7.1,0.007,0.0,0.002,0
BGN-00252,Background Noise,fsd50k,Acceptable,low signal strength: active level -54 dBFS,24.0,44100,-31.4,-54.2,-59.6,10.7,0.011,0.0,0.541,0
BGN-00253,Background Noise,fsd50k,Good,,24.294,44100,-3.1,-17.2,-19.6,4.9,0.0,0.0,0.0,0
BGN-00254,Background Noise,fsd50k,Good,,14.32,44100,-10.3,-26.3,-27.7,2.8,0.017,0.0,0.002,0
BGN-00255,Background Noise,fsd50k,Good,,18.112,44100,-0.9,-23.2,-38.7,21.4,0.0,0.0,0.011,0
BGN-00256,Background Noise,esc50,Good,,5.0,44100,-2.1,-29.7,-52.0,29.8,0.019,0.0,0.0,0
BGN-00257,Background Noise,esc50,Good,,5.0,44100,-6.2,-28.0,-58.7,38.2,0.024,0.0,0.8,0
BGN-00258,Background Noise,esc50,Good,,5.0,44100,-2.9,-16.9,-22.6,9.5,0.0,0.0,0.0,0
BGN-00259,Background Noise,esc50,Good,,5.0,44100,-1.8,-15.5,-20.2,8.4,0.001,0.0,0.0,0
BGN-00260,Background Noise,esc50,Good,,5.0,44100,-3.3,-34.5,-49.3,20.6,0.005,0.0,0.035,0
BGN-00261,Background Noise,fsd50k,Good,,5.042,44100,-0.2,-11.9,-17.3,9.5,0.0,0.0,0.005,0
BGN-00262,Background Noise,fsd50k,Good,,27.724,44100,-28.5,-42.4,-44.3,3.8,0.002,0.0,0.0,0
BGN-00263,Background Noise,fsd50k,Good,,5.747,44100,-4.5,-37.0,-58.9,29.4,0.012,0.0,0.882,0
BGN-00264,Background Noise,fsd50k,Good,,0.644,44100,-22.5,-35.0,-46.8,16.0,0.036,0.0,0.76,0
BGN-00265,Background Noise,fsd50k,Good,,1.531,44100,-1.0,-13.7,-20.9,9.5,0.002,0.0,0.0,0
BGN-00266,Background Noise,fsd50k,Good,,18.82,44100,-0.0,-21.9,-32.4,14.7,0.003,0.0,0.003,0
BGN-00267,Background Noise,fsd50k,Good,,7.616,44100,-4.7,-28.6,-40.9,17.3,0.003,0.0,0.013,0
BGN-00268,Background Noise,fsd50k,Good,,5.938,44100,-30.0,-44.4,-46.2,4.0,0.034,0.0,0.03,0
BGN-00269,Background Noise,fsd50k,Good,,8.923,44100,-4.1,-22.2,-23.8,3.2,0.0,0.0,0.0,0
BGN-00270,Background Noise,fsd50k,Good,,2.909,44100,-9.0,-33.0,-52.4,27.5,0.008,0.0,0.0,0
BGN-00271,Background Noise,fsd50k,Poor,missing audio frames: 13 dropouts (0.70 s),10.776,44100,-2.9,-22.3,-48.1,32.2,0.0,0.0,0.165,13
BGN-00272,Background Noise,fsd50k,Good,,20.444,44100,-3.6,-20.8,-24.1,6.5,0.009,0.0,0.0,0
BGN-00273,Background Noise,fsd50k,Good,,29.336,44100,-11.8,-38.5,-40.4,4.0,0.002,0.0,0.0,0
BGN-00274,Background Noise,fsd50k,Good,,27.353,44100,-3.2,-26.7,-46.9,26.2,0.0,0.0,0.005,0
BGN-00275,Background Noise,fsd50k,Good,,23.395,44100,0.0,-17.0,-22.0,8.7,0.0,0.0009,0.0,0
BGN-00276,Background Noise,fsd50k,Good,,17.489,44100,-1.5,-22.6,-42.1,27.1,0.0,0.0,0.0,0
BGN-00277,Background Noise,fsd50k,Good,,13.072,44100,-10.8,-30.7,-31.4,1.6,0.246,0.0,0.0,0
BGN-00278,Background Noise,fsd50k,Good,,1.002,44100,-0.6,-12.8,-16.3,6.5,0.0,0.0,0.0,0
BGN-00279,Background Noise,fsd50k,Good,,19.462,44100,-2.2,-20.6,-30.0,14.7,0.01,0.0,0.021,0
BGN-00280,Background Noise,fsd50k,Good,,7.915,44100,-6.1,-23.9,-26.3,5.2,0.002,0.0,0.0,0
BGN-00281,Background Noise,fsd50k,Good,,14.402,44100,-0.6,-16.3,-31.4,18.6,0.003,0.0,0.0,0
BGN-00282,Background Noise,fsd50k,Good,,5.381,44100,-2.9,-21.1,-46.6,32.6,0.0,0.0,0.042,0
BGN-00283,Background Noise,fsd50k,Good,,26.001,44100,-6.1,-26.5,-38.8,18.7,0.016,0.0,0.045,0
BGN-00284,Background Noise,fsd50k,Good,,23.604,44100,-6.5,-30.6,-36.1,9.2,0.0,0.0,0.0,0
BGN-00285,Background Noise,fsd50k,Good,,8.255,44100,-1.3,-18.4,-31.9,18.2,0.0,0.0,0.003,0
BGN-00286,Background Noise,fsd50k,Good,,14.765,44100,-1.9,-23.4,-46.2,28.8,0.001,0.0,0.027,0
BGN-00287,Background Noise,fsd50k,Good,,2.6,44100,-3.9,-31.3,-49.0,23.6,0.006,0.0,0.202,0
BGN-00288,Background Noise,fsd50k,Good,,10.0,44100,-0.0,-26.7,-33.6,11.5,0.048,0.0,0.0,0
BGN-00289,Background Noise,fsd50k,Good,,2.122,44100,-4.3,-27.1,-41.1,22.4,0.005,0.0,0.0,0
BGN-00290,Background Noise,fsd50k,Good,,27.115,44100,-5.4,-22.5,-27.8,9.9,0.0,0.0,0.005,0
BGN-00291,Background Noise,fsd50k,Good,,10.069,44100,-2.7,-30.1,-32.7,5.4,0.011,0.0,0.0,0
BGN-00292,Background Noise,fsd50k,Good,,12.225,44100,-27.0,-43.8,-48.1,7.0,0.001,0.0,0.002,0
BGN-00293,Background Noise,fsd50k,Good,,29.977,44100,-0.8,-26.6,-32.4,8.8,0.02,0.0,0.006,0
BGN-00294,Background Noise,fsd50k,Good,,8.642,44100,-22.3,-44.2,-55.5,18.0,0.004,0.0,0.0,0
BGN-00295,Background Noise,fsd50k,Acceptable,missing audio frames: 2 dropouts (1.83 s),4.678,44100,-0.4,-22.5,-58.0,43.2,0.256,0.0,0.834,2
BGN-00296,Background Noise,fsd50k,Good,,21.696,44100,-18.0,-38.2,-48.7,16.8,0.0,0.0,0.0,0
BGN-00297,Background Noise,fsd50k,Good,,25.658,44100,-6.0,-16.5,-26.2,14.1,0.001,0.0,0.0,0
BGN-00298,Background Noise,fsd50k,Good,,25.762,44100,-8.4,-29.8,-38.0,15.2,0.039,0.0,0.0,0
BGN-00299,Background Noise,fsd50k,Good,,5.131,44100,-8.3,-21.7,-32.5,15.8,0.001,0.0,0.034,0
BGN-00300,Background Noise,urbansound8k,Acceptable,low signal strength: active level -53 dBFS,4.0,44100,-33.3,-53.4,-53.8,1.0,0.002,0.0,0.0,0
