Audio ID,Filename,Actual class,Duration (s),Python predicted class,Python confidence,Python top-two margin,GTM predicted class,GTM confidence,GTM top-two margin,GTM error,Class match,Top-class confidence difference,Consistency status,Audio quality,Quality issues,Final decision,Correct,Python correct,GTM correct,Confidence level,Severity,Alert status,Manual review,Review reasons,Explanation of major disagreement,Python: Aggression,Python: Alarm or Siren,Python: Animal Sound,Python: Background Noise,Python: Glass Breaking,Python: Gunshot,Python: Machinery Fault,Python: Normal Machinery,Python: Panic Scream,Python: Vehicle Horn,GTM: Aggression,GTM: Alarm or Siren,GTM: Animal Sound,GTM: Background Noise,GTM: Glass Breaking,GTM: Gunshot,GTM: Machinery Fault,GTM: Normal Machinery,GTM: Panic Scream,GTM: Vehicle Horn
AGR-00256,AGR-00256.wav,Aggression,2.80,Panic Scream,0.4653,0.1380,Panic Scream,0.3327,0.0876,,Yes,0.1326,Weak Match,Good,,Panic Scream,No,No,No,Low,Critical,Alert generated,Required,Low confidence; Overlapping sounds,,0.3273,0.0017,0.1579,0.0470,0.0000,0.0002,0.0001,0.0001,0.4653,0.0005,0.2451,0.1148,0.0507,0.2326,0.0003,0.0025,0.0012,0.0043,0.3327,0.0158
AGR-00257,AGR-00257.wav,Aggression,5.40,Panic Scream,0.4080,0.0837,Panic Scream,0.3539,0.0784,,Yes,0.0541,Weak Match,Good,,Panic Scream,No,No,No,Low,Critical,Not confirmed,Required,Low confidence; Similar top-class confidence scores; Overlapping sounds; Possible false alarm,,0.3243,0.0221,0.1029,0.1324,0.0001,0.0004,0.0000,0.0001,0.4080,0.0096,0.2755,0.2121,0.0350,0.1034,0.0004,0.0003,0.0005,0.0039,0.3539,0.0151
AGR-00258,AGR-00258.wav,Aggression,9.74,Aggression,0.9197,0.8892,Aggression,0.4896,0.2351,,Yes,0.4300,Weak Match,Good,,Aggression,Yes,Yes,Yes,Medium,Critical,Alert generated,Not required,,,0.9197,0.0038,0.0305,0.0272,0.0001,0.0000,0.0000,0.0000,0.0121,0.0066,0.4896,0.0702,0.0259,0.2545,0.0013,0.0156,0.0103,0.0193,0.0729,0.0405
AGR-00259,AGR-00259.wav,Aggression,8.45,Aggression,0.5143,0.1084,Alarm or Siren,0.5603,0.3062,,No,0.0460,Model Disagreement,Good,,Aggression,Yes,Yes,No,Medium,High,Alert generated,Required,Different predictions from the two models; Critical event without sufficient model agreement,"Python heard Aggression (51%), GTM heard Alarm or Siren (56%); it was Aggression, so Python was right. GTM learned from the training audio played through the speaker and re-recorded (Stereo Mix), the Python model from the original files, so each relies on different cues. The recording is not uniform: Python's one-second windows heard Aggression in 14, Background Noise in 2. The app raised a High alert for Aggression. The app sent it to manual review (different predictions from the two models; critical event without sufficient model agreement).",0.5143,0.0016,0.0472,0.4060,0.0000,0.0001,0.0000,0.0001,0.0295,0.0012,0.0885,0.5603,0.0325,0.2541,0.0001,0.0003,0.0011,0.0052,0.0433,0.0147
AGR-00260,AGR-00260.wav,Aggression,9.18,Aggression,0.7841,0.7174,Aggression,0.3498,0.1873,,Yes,0.4343,Weak Match,Good,,Aggression,Yes,Yes,Yes,Medium,High,Alert generated,Required,Overlapping sounds,,0.7841,0.0175,0.0024,0.0269,0.0213,0.0140,0.0667,0.0001,0.0659,0.0010,0.3498,0.1564,0.0632,0.0904,0.0701,0.0554,0.0150,0.0230,0.1625,0.0143
AGR-00261,AGR-00261.wav,Aggression,6.23,Aggression,0.6623,0.3827,Aggression,0.5510,0.4247,,Yes,0.1114,Acceptable Match,Good,,Aggression,Yes,Yes,Yes,Medium,High,Alert generated,Required,Overlapping sounds,,0.6623,0.0006,0.0507,0.0005,0.2796,0.0007,0.0001,0.0000,0.0008,0.0047,0.5510,0.0482,0.0711,0.0578,0.0580,0.0117,0.0138,0.0170,0.1262,0.0451
AGR-00262,AGR-00262.wav,Aggression,1.99,Aggression,0.9052,0.8200,Animal Sound,0.4264,0.2418,,No,0.4788,Uncertain Result,Good,,Aggression,Yes,Yes,No,Medium,Critical,Alert generated,Required,Different predictions from the two models; Overlapping sounds; Critical event without sufficient model agreement,"Python heard Aggression (91%), GTM heard Animal Sound (43%); it was Aggression, so Python was right. Aggression and Animal Sound are easy to confuse: barking and growling resemble shouting. GTM was unsure (top class only 43%). The app raised a Critical alert for Aggression. The app sent it to manual review (different predictions from the two models; overlapping sounds; critical event without sufficient model agreement).",0.9052,0.0066,0.0003,0.0006,0.0000,0.0000,0.0001,0.0001,0.0019,0.0853,0.0694,0.0914,0.4264,0.0097,0.0061,0.1846,0.1032,0.0272,0.0391,0.0428
AGR-00263,AGR-00263.wav,Aggression,13.86,Panic Scream,0.3520,0.0256,Panic Scream,0.4514,0.1734,,Yes,0.0994,Weak Match,Good,,Panic Scream,No,No,No,Low,Critical,Not confirmed,Required,Low confidence; Similar top-class confidence scores; Overlapping sounds; Possible false alarm,,0.3264,0.0293,0.2532,0.0385,0.0001,0.0001,0.0001,0.0001,0.3520,0.0003,0.2780,0.1190,0.0622,0.0719,0.0003,0.0007,0.0020,0.0023,0.4514,0.0121
AGR-00264,AGR-00264.wav,Aggression,0.81,Aggression,0.7481,0.4965,Aggression,0.5954,0.3213,,Yes,0.1527,Acceptable Match,Good,,Aggression,Yes,Yes,Yes,Medium,High,Alert generated,Required,Overlapping sounds,,0.7481,0.0001,0.0001,0.0001,0.0000,0.0000,0.0000,0.0000,0.2516,0.0001,0.5954,0.0467,0.0389,0.0090,0.0024,0.0283,0.0005,0.0011,0.2741,0.0037
AGR-00265,AGR-00265.wav,Aggression,2.66,Aggression,0.8761,0.8193,Vehicle Horn,0.2767,0.0486,,No,0.5994,Uncertain Result,Good,,Aggression,Yes,Yes,No,Medium,Critical,Alert generated,Required,Different predictions from the two models; Critical event without sufficient model agreement,"Python heard Aggression (88%), GTM heard Vehicle Horn (28%); it was Aggression, so Python was right. GTM learned from the training audio played through the speaker and re-recorded (Stereo Mix), the Python model from the original files, so each relies on different cues. GTM was unsure (top class only 28%). The app raised a Critical alert for Aggression. The app sent it to manual review (different predictions from the two models; critical event without sufficient model agreement).",0.8761,0.0011,0.0568,0.0088,0.0002,0.0005,0.0001,0.0003,0.0534,0.0026,0.0678,0.1617,0.2281,0.0678,0.0006,0.0003,0.0002,0.0052,0.1917,0.2767
AGR-00266,AGR-00266.wav,Aggression,20.34,Aggression,0.6311,0.4165,Aggression,0.3223,0.1547,,Yes,0.3088,Weak Match,Poor,missing audio frames: 8 dropouts (0.24 s),Aggression,Yes,Yes,Yes,Medium,High,Alert generated,Required,Poor audio quality; Overlapping sounds,,0.6311,0.0168,0.2146,0.0071,0.0001,0.0000,0.0000,0.0000,0.1263,0.0040,0.3223,0.1384,0.0985,0.0595,0.0429,0.0258,0.0244,0.0597,0.1676,0.0610
AGR-00267,AGR-00267.wav,Aggression,1.78,Aggression,0.4882,0.1791,Panic Scream,0.4910,0.1161,,No,0.0028,Uncertain Result,Good,,Aggression,Yes,Yes,No,Low,High,Alert generated,Required,Different predictions from the two models; Low confidence; Overlapping sounds; Critical event without sufficient model agreement,"Python heard Aggression (49%), GTM heard Panic Scream (49%); it was Aggression, so Python was right. Aggression and Panic Scream are easy to confuse: both are loud, strained human voices; angry shouting and fearful screaming overlap in pitch and loudness. The recording is not uniform: Python's one-second windows heard Vehicle Horn in 1, Panic Scream in 1, Aggression in 1. GTM was unsure (top class only 49%). The app raised a High alert for Aggression. The app sent it to manual review (different predictions from the two models; low confidence; overlapping sounds; critical event without sufficient model agreement).",0.4882,0.0036,0.0127,0.0006,0.0000,0.0001,0.0000,0.0000,0.3092,0.1856,0.3749,0.0201,0.0243,0.0004,0.0001,0.0003,0.0002,0.0013,0.4910,0.0875
AGR-00268,AGR-00268.wav,Aggression,25.39,Aggression,0.5187,0.4336,Aggression,0.2390,0.0309,,Yes,0.2797,Weak Match,Good,,Aggression,Yes,Yes,Yes,Medium,High,Alert generated,Required,Overlapping sounds,,0.5187,0.0722,0.0851,0.0778,0.0442,0.0307,0.0043,0.0001,0.0832,0.0836,0.2390,0.1202,0.1395,0.1229,0.0694,0.0334,0.0159,0.0238,0.2081,0.0278
AGR-00269,AGR-00269.wav,Aggression,2.12,Aggression,0.3772,0.0169,Alarm or Siren,0.4429,0.1806,,No,0.0656,Uncertain Result,Good,,Aggression,Yes,Yes,No,Low,High,Not confirmed,Required,Different predictions from the two models; Low confidence; Similar top-class confidence scores; Overlapping sounds; Possible false alarm; Critical event without sufficient model agreement,"Python heard Aggression (38%), GTM heard Alarm or Siren (44%); it was Aggression, so Python was right. GTM learned from the training audio played through the speaker and re-recorded (Stereo Mix), the Python model from the original files, so each relies on different cues. The recording is not uniform: Python's one-second windows heard Panic Scream in 2, Aggression in 1, Animal Sound in 1. GTM was unsure (top class only 44%). The app sent it to manual review (different predictions from the two models; low confidence; similar top-class confidence scores; overlapping sounds; possible false alarm; critical event without sufficient model agreement).",0.3772,0.0056,0.2563,0.0003,0.0000,0.0000,0.0000,0.0000,0.3604,0.0001,0.1065,0.4429,0.2623,0.0598,0.0006,0.0014,0.0012,0.0133,0.0988,0.0133
AGR-00270,AGR-00270.wav,Aggression,3.94,Aggression,0.8102,0.6490,Aggression,0.3747,0.1702,,Yes,0.4355,Weak Match,Good,,Aggression,Yes,Yes,Yes,Medium,High,Alert generated,Required,Overlapping sounds,,0.8102,0.0003,0.1612,0.0003,0.0000,0.0000,0.0000,0.0000,0.0277,0.0002,0.3747,0.2046,0.1424,0.0440,0.0078,0.0025,0.0123,0.0070,0.1981,0.0067
AGR-00271,AGR-00271.wav,Aggression,4.05,Aggression,0.9716,0.9443,Alarm or Siren,0.2564,0.0268,,No,0.7152,Uncertain Result,Good,,Aggression,Yes,Yes,No,Medium,Critical,Alert generated,Required,Different predictions from the two models; Critical event without sufficient model agreement,"Python heard Aggression (97%), GTM heard Alarm or Siren (26%); it was Aggression, so Python was right. GTM learned from the training audio played through the speaker and re-recorded (Stereo Mix), the Python model from the original files, so each relies on different cues. GTM was unsure (top class only 26%). The app raised a Critical alert for Aggression. The app sent it to manual review (different predictions from the two models; critical event without sufficient model agreement).",0.9716,0.0001,0.0273,0.0003,0.0000,0.0001,0.0000,0.0000,0.0003,0.0003,0.1662,0.2564,0.1752,0.0524,0.0249,0.0190,0.0134,0.0422,0.2296,0.0208
AGR-00272,AGR-00272.wav,Aggression,4.35,Aggression,0.8831,0.7758,Animal Sound,0.3632,0.1781,,No,0.5199,Uncertain Result,Good,,Aggression,Yes,Yes,No,Medium,Critical,Alert generated,Required,Different predictions from the two models; Overlapping sounds; Critical event without sufficient model agreement,"Python heard Aggression (88%), GTM heard Animal Sound (36%); it was Aggression, so Python was right. Aggression and Animal Sound are easy to confuse: barking and growling resemble shouting. GTM was unsure (top class only 36%). The app raised a Critical alert for Aggression. The app sent it to manual review (different predictions from the two models; overlapping sounds; critical event without sufficient model agreement).",0.8831,0.0005,0.1074,0.0006,0.0000,0.0000,0.0000,0.0000,0.0051,0.0031,0.1655,0.1851,0.3632,0.0078,0.0052,0.0086,0.0305,0.0152,0.0866,0.1322
AGR-00273,AGR-00273.wav,Aggression,0.72,Aggression,0.9988,0.9977,Aggression,0.3753,0.1971,,Yes,0.6235,Weak Match,Good,,Aggression,Yes,Yes,Yes,Medium,High,Alert generated,Not required,,,0.9988,0.0000,0.0000,0.0001,0.0000,0.0000,0.0000,0.0000,0.0011,0.0000,0.3753,0.0072,0.1782,0.1127,0.0308,0.0909,0.0094,0.0630,0.1082,0.0244
AGR-00274,AGR-00274.wav,Aggression,17.84,Aggression,0.5393,0.3581,Aggression,0.3145,0.1339,,Yes,0.2248,Weak Match,Good,,Aggression,Yes,Yes,Yes,Medium,High,Alert generated,Required,Overlapping sounds,,0.5393,0.0311,0.1812,0.0044,0.1478,0.0006,0.0000,0.0001,0.0949,0.0007,0.3145,0.0956,0.1386,0.1805,0.0304,0.0281,0.0277,0.0226,0.1207,0.0412
AGR-00275,AGR-00275.wav,Aggression,3.63,Aggression,0.8724,0.7448,Aggression,0.3339,0.0243,,Yes,0.5384,Weak Match,Good,,Aggression,Yes,Yes,Yes,Medium,Critical,Alert generated,Required,Overlapping sounds,,0.8724,0.0000,0.0000,0.0001,0.0000,0.0000,0.0000,0.0000,0.1276,0.0000,0.3339,0.0455,0.0795,0.0814,0.0257,0.0585,0.0050,0.0070,0.3096,0.0538
AGR-00276,AGR-00276.wav,Aggression,0.41,Alarm or Siren,0.7763,0.6656,Panic Scream,0.7092,0.6069,,No,0.0672,Model Disagreement,Good,,Alarm or Siren,No,No,No,Medium,High,Alert generated,Required,Different predictions from the two models,"Python heard Alarm or Siren (78%), GTM heard Panic Scream (71%); it was Aggression, so neither model was right. Alarm or Siren and Panic Scream are easy to confuse: both are sustained, high-pitched sounds. The app raised a High alert for Alarm or Siren. The app sent it to manual review (different predictions from the two models).",0.1107,0.7763,0.0070,0.0095,0.0142,0.0055,0.0020,0.0010,0.0687,0.0049,0.0888,0.0181,0.1023,0.0148,0.0016,0.0003,0.0021,0.0273,0.7092,0.0356
AGR-00277,AGR-00277.wav,Aggression,6.69,Aggression,0.7333,0.6484,Aggression,0.5386,0.3605,,Yes,0.1947,Acceptable Match,Good,,Aggression,Yes,Yes,Yes,Medium,High,Alert generated,Required,Overlapping sounds,,0.7333,0.0262,0.0848,0.0317,0.0000,0.0001,0.0001,0.0001,0.0720,0.0518,0.5386,0.0582,0.1781,0.0560,0.0007,0.0146,0.0018,0.0155,0.0690,0.0675
AGR-00278,AGR-00278.wav,Aggression,16.32,Aggression,0.6504,0.4074,Background Noise,0.5244,0.2001,,No,0.1259,Model Disagreement,Good,,Aggression,Yes,Yes,No,Medium,High,Alert generated,Required,Different predictions from the two models; Critical event without sufficient model agreement,"Python heard Aggression (65%), GTM heard Background Noise (52%); it was Aggression, so Python was right. Background Noise is involved: a quiet or distant event sinks into the background, and busy background noise can resemble an event. The recording is not uniform: Python's one-second windows heard Aggression in 31, Vehicle Horn in 1. The app raised a High alert for Aggression. The app sent it to manual review (different predictions from the two models; critical event without sufficient model agreement).",0.6504,0.0084,0.0122,0.0393,0.0005,0.0293,0.0004,0.0002,0.0164,0.2430,0.3243,0.0677,0.0136,0.5244,0.0003,0.0079,0.0019,0.0060,0.0439,0.0100
AGR-00279,AGR-00279.wav,Aggression,22.64,Aggression,0.3281,0.0552,Background Noise,0.2364,0.0090,,No,0.0917,Uncertain Result,Good,,Unknown,No,Yes,No,Low,Informational,No alert,Required,Different predictions from the two models; Low confidence; Similar top-class confidence scores; Unsupported sound pattern,"Python heard Aggression (33%), GTM heard Background Noise (24%); it was Aggression, so Python was right. Background Noise is involved: a quiet or distant event sinks into the background, and busy background noise can resemble an event. The recording is not uniform: Python's one-second windows heard Background Noise in 29, Animal Sound in 12, Aggression in 3. GTM was unsure (top class only 24%). The app sent it to manual review (different predictions from the two models; low confidence; similar top-class confidence scores; unsupported sound pattern).",0.3281,0.0115,0.2728,0.2374,0.0006,0.0403,0.0000,0.0001,0.0009,0.1082,0.2274,0.1468,0.1301,0.2364,0.0055,0.0274,0.0330,0.0414,0.0522,0.0999
AGR-00280,AGR-00280.wav,Aggression,8.12,Aggression,0.6913,0.4962,Aggression,0.3174,0.0395,,Yes,0.3739,Weak Match,Good,,Aggression,Yes,Yes,Yes,Medium,High,Alert generated,Required,Overlapping sounds,,0.6913,0.0179,0.1951,0.0245,0.0001,0.0000,0.0001,0.0000,0.0702,0.0007,0.3174,0.2352,0.0764,0.2779,0.0008,0.0070,0.0062,0.0074,0.0646,0.0071
AGR-00281,AGR-00281.wav,Aggression,15.44,Aggression,0.4829,0.0653,Background Noise,0.6889,0.4180,,No,0.2060,Uncertain Result,Good,,Aggression,Yes,Yes,No,Low,High,Not confirmed,Required,Different predictions from the two models; Low confidence; Similar top-class confidence scores; Possible false alarm; Critical event without sufficient model agreement,"Python heard Aggression (48%), GTM heard Background Noise (69%); it was Aggression, so Python was right. Background Noise is involved: a quiet or distant event sinks into the background, and busy background noise can resemble an event. The recording is not uniform: Python's one-second windows heard Aggression in 27, Gunshot in 2. The app sent it to manual review (different predictions from the two models; low confidence; similar top-class confidence scores; possible false alarm; critical event without sufficient model agreement).",0.4829,0.0003,0.0018,0.0895,0.0011,0.4175,0.0001,0.0002,0.0056,0.0008,0.2709,0.0014,0.0064,0.6889,0.0007,0.0147,0.0040,0.0098,0.0022,0.0010
AGR-00282,AGR-00282.wav,Aggression,7.69,Aggression,0.4262,0.0832,Aggression,0.3273,0.0292,,Yes,0.0990,Weak Match,Poor,clipping: 1.2% of samples are clipped,Aggression,Yes,Yes,Yes,Low,High,Not confirmed,Required,Low confidence; Poor audio quality; Similar top-class confidence scores; Overlapping sounds; Possible false alarm,,0.4262,0.0003,0.0028,0.1741,0.0133,0.3430,0.0001,0.0001,0.0398,0.0003,0.3273,0.0073,0.1098,0.1784,0.0220,0.2980,0.0012,0.0072,0.0455,0.0033
AGR-00283,AGR-00283.wav,Aggression,5.18,Vehicle Horn,0.4325,0.0446,Aggression,0.2148,0.0714,,No,0.2177,Uncertain Result,Poor,clipping: 3.7% of samples are clipped; missing audio frames: 1 dropout (0.24 s),Vehicle Horn,No,No,Yes,Low,Low,No alert,Required,Different predictions from the two models; Low confidence; Poor audio quality; Similar top-class confidence scores; Overlapping sounds,"Python heard Vehicle Horn (43%), GTM heard Aggression (21%); it was Aggression, so GTM was right. GTM learned from the training audio played through the speaker and re-recorded (Stereo Mix), the Python model from the original files, so each relies on different cues. The recording is not uniform: Python's one-second windows heard Aggression in 5, Vehicle Horn in 4, Panic Scream in 1. Audio quality was Poor (clipping: 3.7% of samples are clipped; missing audio frames: 1 dropout (0.24 s)). GTM was unsure (top class only 21%). The app sent it to manual review (different predictions from the two models; low confidence; poor audio quality; similar top-class confidence scores; overlapping sounds).",0.3879,0.0483,0.0225,0.0034,0.0001,0.0001,0.0000,0.0001,0.1051,0.4325,0.2148,0.1434,0.0947,0.1136,0.0413,0.0865,0.0275,0.0418,0.1014,0.1349
AGR-00284,AGR-00284.wav,Aggression,7.63,Aggression,0.6403,0.4642,Aggression,0.2953,0.1257,,Yes,0.3450,Weak Match,Good,,Aggression,Yes,Yes,Yes,Medium,High,Alert generated,Required,Overlapping sounds,,0.6403,0.0289,0.0909,0.0090,0.0031,0.0002,0.0039,0.0052,0.0425,0.1760,0.2953,0.1696,0.1664,0.0735,0.0039,0.0050,0.0024,0.0214,0.1678,0.0948
AGR-00285,AGR-00285.wav,Aggression,15.63,Background Noise,0.3089,0.0075,Background Noise,0.3029,0.1511,,Yes,0.0060,Weak Match,Good,,Unknown,No,No,No,Low,Informational,No alert,Required,Low confidence; Similar top-class confidence scores; Overlapping sounds; Unsupported sound pattern,,0.0012,0.0043,0.3014,0.3089,0.0071,0.1422,0.0002,0.0001,0.0001,0.2345,0.1517,0.0626,0.0724,0.3029,0.0064,0.0886,0.0970,0.1044,0.0349,0.0791
AGR-00286,AGR-00286.wav,Aggression,23.50,Aggression,0.4542,0.2905,Alarm or Siren,0.2420,0.0147,,No,0.2123,Uncertain Result,Good,,Aggression,Yes,Yes,No,Low,High,Alert generated,Required,Different predictions from the two models; Low confidence; Overlapping sounds; Critical event without sufficient model agreement,"Python heard Aggression (45%), GTM heard Alarm or Siren (24%); it was Aggression, so Python was right. GTM learned from the training audio played through the speaker and re-recorded (Stereo Mix), the Python model from the original files, so each relies on different cues. The recording is not uniform: Python's one-second windows heard Aggression in 39, Background Noise in 3, Panic Scream in 2. GTM was unsure (top class only 24%). The app raised a High alert for Aggression. The app sent it to manual review (different predictions from the two models; low confidence; overlapping sounds; critical event without sufficient model agreement).",0.4542,0.0904,0.1237,0.1638,0.0022,0.0041,0.0027,0.0077,0.1380,0.0132,0.1860,0.2420,0.0657,0.2273,0.0039,0.0252,0.0268,0.0316,0.1759,0.0156
AGR-00287,AGR-00287.wav,Aggression,4.97,Aggression,0.8416,0.7728,Animal Sound,0.2486,0.0017,,No,0.5931,Uncertain Result,Good,,Aggression,Yes,Yes,No,Medium,High,Alert generated,Required,Different predictions from the two models; Overlapping sounds; Critical event without sufficient model agreement,"Python heard Aggression (84%), GTM heard Animal Sound (25%); it was Aggression, so Python was right. Aggression and Animal Sound are easy to confuse: barking and growling resemble shouting. GTM was unsure (top class only 25%). The app raised a High alert for Aggression. The app sent it to manual review (different predictions from the two models; overlapping sounds; critical event without sufficient model agreement).",0.8416,0.0688,0.0068,0.0136,0.0037,0.0581,0.0000,0.0001,0.0068,0.0003,0.2469,0.1011,0.2486,0.0587,0.0435,0.0672,0.0111,0.0540,0.1127,0.0563
AGR-00288,AGR-00288.wav,Aggression,9.85,Background Noise,0.3849,0.0671,Background Noise,0.2858,0.0118,,Yes,0.0991,Weak Match,Good,,Background Noise,No,No,No,Low,Informational,No alert,Required,Low confidence; Similar top-class confidence scores; Overlapping sounds,,0.3177,0.0884,0.1615,0.3849,0.0015,0.0002,0.0000,0.0002,0.0071,0.0385,0.2340,0.0532,0.0590,0.2858,0.0010,0.0128,0.0110,0.0527,0.2740,0.0165
AGR-00289,AGR-00289.wav,Aggression,0.70,Aggression,0.6463,0.2940,Aggression,0.6717,0.5306,,Yes,0.0254,Acceptable Match,Good,,Aggression,Yes,Yes,Yes,Medium,High,Alert generated,Required,Overlapping sounds,,0.6463,0.0000,0.0001,0.0008,0.0000,0.0003,0.0000,0.0000,0.3524,0.0001,0.6717,0.0500,0.0842,0.0135,0.0076,0.0235,0.0018,0.0033,0.1411,0.0032
AGR-00290,AGR-00290.wav,Aggression,7.73,Aggression,0.6435,0.4587,Gunshot,0.2170,0.0462,,No,0.4265,Uncertain Result,Poor,missing audio frames: 3 dropouts (1.12 s),Aggression,Yes,Yes,No,Medium,High,Alert generated,Required,Different predictions from the two models; Poor audio quality; Overlapping sounds; Critical event without sufficient model agreement,"Python heard Aggression (64%), GTM heard Gunshot (22%); it was Aggression, so Python was right. GTM learned from the training audio played through the speaker and re-recorded (Stereo Mix), the Python model from the original files, so each relies on different cues. The recording is not uniform: Python's one-second windows heard Aggression in 10, Animal Sound in 2, Glass Breaking in 1. Audio quality was Poor (missing audio frames: 3 dropouts (1.12 s)). GTM was unsure (top class only 22%). The app raised a High alert for Aggression. The app sent it to manual review (different predictions from the two models; poor audio quality; overlapping sounds; critical event without sufficient model agreement).",0.6435,0.0030,0.1848,0.0001,0.1077,0.0006,0.0000,0.0000,0.0602,0.0000,0.1142,0.0655,0.1620,0.1163,0.0328,0.2170,0.0161,0.0679,0.1708,0.0374
AGR-00291,AGR-00291.wav,Aggression,3.56,Aggression,0.3606,0.0178,Panic Scream,0.2862,0.0651,,No,0.0744,Uncertain Result,Good,,Aggression,Yes,Yes,No,Low,High,Not confirmed,Required,Different predictions from the two models; Low confidence; Similar top-class confidence scores; Overlapping sounds; Possible false alarm; Critical event without sufficient model agreement,"Python heard Aggression (36%), GTM heard Panic Scream (29%); it was Aggression, so Python was right. Aggression and Panic Scream are easy to confuse: both are loud, strained human voices; angry shouting and fearful screaming overlap in pitch and loudness. The recording is not uniform: Python's one-second windows heard Aggression in 5, Panic Scream in 1, Background Noise in 1. GTM was unsure (top class only 29%). The app sent it to manual review (different predictions from the two models; low confidence; similar top-class confidence scores; overlapping sounds; possible false alarm; critical event without sufficient model agreement).",0.3606,0.1150,0.0951,0.0837,0.0009,0.0002,0.0001,0.0006,0.3428,0.0010,0.1489,0.1623,0.1132,0.2211,0.0010,0.0018,0.0042,0.0089,0.2862,0.0524
AGR-00292,AGR-00292.wav,Aggression,0.44,Aggression,0.8195,0.6894,Aggression,0.3869,0.0307,,Yes,0.4325,Weak Match,Good,,Aggression,Yes,Yes,Yes,Medium,High,Alert generated,Not required,,,0.8195,0.0045,0.0005,0.0003,0.0073,0.1301,0.0000,0.0000,0.0378,0.0000,0.3869,0.0050,0.1583,0.0149,0.0037,0.3562,0.0007,0.0264,0.0370,0.0108
AGR-00293,AGR-00293.wav,Aggression,0.64,Aggression,0.6108,0.2228,Aggression,0.4290,0.0221,,Yes,0.1818,Weak Match,Good,,Aggression,Yes,Yes,Yes,Medium,High,Alert generated,Required,Overlapping sounds,,0.6108,0.0001,0.0001,0.0009,0.0000,0.0000,0.0000,0.0000,0.3880,0.0000,0.4290,0.0109,0.0612,0.0283,0.0017,0.0315,0.0026,0.0211,0.4069,0.0068
AGR-00294,AGR-00294.wav,Aggression,4.79,Aggression,0.4888,0.1752,Panic Scream,0.5593,0.4017,,No,0.0705,Uncertain Result,Good,,Aggression,Yes,Yes,No,Low,High,Alert generated,Required,Different predictions from the two models; Low confidence; Overlapping sounds; Critical event without sufficient model agreement,"Python heard Aggression (49%), GTM heard Panic Scream (56%); it was Aggression, so Python was right. Aggression and Panic Scream are easy to confuse: both are loud, strained human voices; angry shouting and fearful screaming overlap in pitch and loudness. The recording is not uniform: Python's one-second windows heard Aggression in 6, Panic Scream in 2, Animal Sound in 1. The app raised a High alert for Aggression. The app sent it to manual review (different predictions from the two models; low confidence; overlapping sounds; critical event without sufficient model agreement).",0.4888,0.0026,0.1448,0.0485,0.0002,0.0001,0.0001,0.0001,0.3136,0.0012,0.0966,0.1281,0.0336,0.1576,0.0001,0.0089,0.0024,0.0088,0.5593,0.0046
AGR-00295,AGR-00295.wav,Aggression,5.83,Aggression,0.9931,0.9886,Background Noise,0.5920,0.2265,,No,0.4011,Model Disagreement,Good,,Aggression,Yes,Yes,No,Medium,Critical,Alert generated,Required,Different predictions from the two models; Critical event without sufficient model agreement,"Python heard Aggression (99%), GTM heard Background Noise (59%); it was Aggression, so Python was right. Background Noise is involved: a quiet or distant event sinks into the background, and busy background noise can resemble an event. The app raised a Critical alert for Aggression. The app sent it to manual review (different predictions from the two models; critical event without sufficient model agreement).",0.9931,0.0003,0.0001,0.0045,0.0000,0.0001,0.0000,0.0000,0.0019,0.0000,0.3655,0.0059,0.0154,0.5920,0.0000,0.0080,0.0005,0.0023,0.0078,0.0026
AGR-00296,AGR-00296.wav,Aggression,3.03,Aggression,0.9918,0.9861,Aggression,0.6804,0.5750,,Yes,0.3113,Weak Match,Good,,Aggression,Yes,Yes,Yes,Medium,Critical,Alert generated,Not required,,,0.9918,0.0017,0.0001,0.0057,0.0000,0.0000,0.0000,0.0000,0.0002,0.0005,0.6804,0.1054,0.0226,0.0551,0.0026,0.0042,0.0037,0.0158,0.0973,0.0129
AGR-00297,AGR-00297.wav,Aggression,15.91,Panic Scream,0.3369,0.0773,Panic Scream,0.3070,0.0676,,Yes,0.0299,Weak Match,Good,,Unknown,No,No,No,Low,Informational,No alert,Required,Low confidence; Similar top-class confidence scores; Overlapping sounds; Unsupported sound pattern,,0.1862,0.0055,0.2596,0.0157,0.0002,0.0002,0.0070,0.0396,0.3369,0.1492,0.1664,0.1283,0.0674,0.2393,0.0047,0.0042,0.0140,0.0144,0.3070,0.0543
AGR-00298,AGR-00298.wav,Aggression,6.58,Aggression,0.6514,0.4432,Aggression,0.4183,0.1832,,Yes,0.2331,Weak Match,Good,,Aggression,Yes,Yes,Yes,Medium,High,Alert generated,Required,Overlapping sounds,,0.6514,0.0036,0.0118,0.2082,0.0001,0.0391,0.0000,0.0004,0.0832,0.0023,0.4183,0.1687,0.0357,0.2351,0.0002,0.0035,0.0010,0.0046,0.1049,0.0280
AGR-00299,AGR-00299.wav,Aggression,3.77,Aggression,0.9976,0.9954,Glass Breaking,0.2404,0.0829,,No,0.7573,Uncertain Result,Good,,Aggression,Yes,Yes,No,Medium,Critical,Alert generated,Required,Different predictions from the two models; Critical event without sufficient model agreement,"Python heard Aggression (100%), GTM heard Glass Breaking (24%); it was Aggression, so Python was right. GTM learned from the training audio played through the speaker and re-recorded (Stereo Mix), the Python model from the original files, so each relies on different cues. GTM was unsure (top class only 24%). The app raised a Critical alert for Aggression. The app sent it to manual review (different predictions from the two models; critical event without sufficient model agreement).",0.9976,0.0000,0.0022,0.0001,0.0000,0.0000,0.0000,0.0000,0.0000,0.0000,0.1406,0.0958,0.1539,0.0624,0.2404,0.0927,0.0254,0.0145,0.1575,0.0171
AGR-00300,AGR-00300.wav,Aggression,3.80,Aggression,0.9814,0.9629,Background Noise,0.1503,0.0091,,No,0.8311,Uncertain Result,Good,,Aggression,Yes,Yes,No,Medium,Critical,Alert generated,Required,Different predictions from the two models; Critical event without sufficient model agreement,"Python heard Aggression (98%), GTM heard Background Noise (15%); it was Aggression, so Python was right. Background Noise is involved: a quiet or distant event sinks into the background, and busy background noise can resemble an event. GTM was unsure (top class only 15%). The app raised a Critical alert for Aggression. The app sent it to manual review (different predictions from the two models; critical event without sufficient model agreement).",0.9814,0.0000,0.0000,0.0000,0.0000,0.0000,0.0000,0.0000,0.0186,0.0000,0.1412,0.1032,0.1281,0.1503,0.0859,0.0612,0.0200,0.1380,0.1386,0.0335
ALM-00256,ALM-00256.wav,Alarm or Siren,27.32,Alarm or Siren,0.3939,0.0014,Alarm or Siren,0.7077,0.6171,,Yes,0.3139,Weak Match,Acceptable,missing audio frames: 1 dropout (1.19 s),Alarm or Siren,Yes,Yes,Yes,Low,High,Not confirmed,Required,Low confidence; Similar top-class confidence scores; Overlapping sounds; Possible false alarm,,0.0004,0.3939,0.0041,0.0362,0.3925,0.0066,0.1214,0.0003,0.0040,0.0405,0.0130,0.7077,0.0303,0.0202,0.0906,0.0131,0.0110,0.0033,0.0593,0.0516
ALM-00257,ALM-00257.wav,Alarm or Siren,20.12,Alarm or Siren,0.5426,0.2458,Alarm or Siren,0.4853,0.1910,,Yes,0.0573,Weak Match,Good,,Alarm or Siren,Yes,Yes,Yes,Medium,High,Not confirmed,Required,Overlapping sounds; Possible false alarm,,0.0007,0.5426,0.0473,0.0756,0.0001,0.0001,0.0000,0.0000,0.0366,0.2968,0.1017,0.4853,0.0520,0.0350,0.0003,0.0006,0.0039,0.0135,0.2943,0.0135
ALM-00258,ALM-00258.wav,Alarm or Siren,2.27,Alarm or Siren,0.9962,0.9943,Alarm or Siren,0.3770,0.0172,,Yes,0.6192,Weak Match,Poor,clipping: 1.1% of samples are clipped,Alarm or Siren,Yes,Yes,Yes,Medium,High,Alert generated,Required,Poor audio quality,,0.0001,0.9962,0.0004,0.0019,0.0000,0.0003,0.0000,0.0001,0.0009,0.0001,0.0434,0.3770,0.0245,0.0450,0.0010,0.0011,0.0037,0.0397,0.3598,0.1048
ALM-00259,ALM-00259.wav,Alarm or Siren,5.27,Alarm or Siren,1.0000,0.9999,Vehicle Horn,0.5226,0.3596,,No,0.4773,Model Disagreement,Good,,Alarm or Siren,Yes,Yes,No,Medium,High,Alert generated,Required,Different predictions from the two models,"Python heard Alarm or Siren (100%), GTM heard Vehicle Horn (52%); it was Alarm or Siren, so Python was right. Alarm or Siren and Vehicle Horn are easy to confuse: both are loud tonal signals with strong harmonics. The app raised a High alert for Alarm or Siren. The app sent it to manual review (different predictions from the two models).",0.0000,1.0000,0.0000,0.0000,0.0000,0.0000,0.0000,0.0000,0.0000,0.0000,0.1264,0.0891,0.0006,0.1631,0.0624,0.0000,0.0012,0.0074,0.0271,0.5226
ALM-00260,ALM-00260.wav,Alarm or Siren,4.51,Alarm or Siren,0.8704,0.7418,Panic Scream,0.5567,0.1348,,No,0.3138,Model Disagreement,Good,,Alarm or Siren,Yes,Yes,No,Medium,High,Alert generated,Required,Different predictions from the two models; Overlapping sounds,"Python heard Alarm or Siren (87%), GTM heard Panic Scream (56%); it was Alarm or Siren, so Python was right. Alarm or Siren and Panic Scream are easy to confuse: both are sustained, high-pitched sounds. The app raised a High alert for Alarm or Siren. The app sent it to manual review (different predictions from the two models; overlapping sounds).",0.0001,0.8704,0.0000,0.0000,0.0000,0.0000,0.0000,0.0000,0.1286,0.0007,0.0003,0.4219,0.0000,0.0000,0.0000,0.0000,0.0000,0.0000,0.5567,0.0211
ALM-00261,ALM-00261.wav,Alarm or Siren,1.51,Alarm or Siren,0.9945,0.9920,Gunshot,0.4477,0.2808,,No,0.5468,Uncertain Result,Good,,Alarm or Siren,Yes,Yes,No,Medium,High,Alert generated,Required,Different predictions from the two models,"Python heard Alarm or Siren (99%), GTM heard Gunshot (45%); it was Alarm or Siren, so Python was right. GTM learned from the training audio played through the speaker and re-recorded (Stereo Mix), the Python model from the original files, so each relies on different cues. GTM was unsure (top class only 45%). The app raised a High alert for Alarm or Siren. The app sent it to manual review (different predictions from the two models).",0.0008,0.9945,0.0015,0.0006,0.0000,0.0000,0.0000,0.0000,0.0001,0.0024,0.0582,0.0420,0.0467,0.0850,0.0436,0.4477,0.0400,0.0473,0.0226,0.1669
ALM-00262,ALM-00262.wav,Alarm or Siren,2.50,Alarm or Siren,1.0000,1.0000,Glass Breaking,0.9780,0.9604,,No,0.0220,Model Disagreement,Poor,missing audio frames: 4 dropouts (1.00 s),Alarm or Siren,Yes,Yes,No,Medium,High,Alert generated,Required,Different predictions from the two models; Poor audio quality,"Python heard Alarm or Siren (100%), GTM heard Glass Breaking (98%); it was Alarm or Siren, so Python was right. GTM learned from the training audio played through the speaker and re-recorded (Stereo Mix), the Python model from the original files, so each relies on different cues. Audio quality was Poor (missing audio frames: 4 dropouts (1.00 s)). The app raised a High alert for Alarm or Siren. The app sent it to manual review (different predictions from the two models; poor audio quality).",0.0000,1.0000,0.0000,0.0000,0.0000,0.0000,0.0000,0.0000,0.0000,0.0000,0.0001,0.0176,0.0000,0.0030,0.9780,0.0001,0.0008,0.0000,0.0003,0.0000
ALM-00263,ALM-00263.wav,Alarm or Siren,1.00,Alarm or Siren,1.0000,1.0000,Glass Breaking,1.0000,1.0000,,No,0.0000,Model Disagreement,Good,,Alarm or Siren,Yes,Yes,No,Medium,High,Alert generated,Required,Different predictions from the two models,"Python heard Alarm or Siren (100%), GTM heard Glass Breaking (100%); it was Alarm or Siren, so Python was right. GTM learned from the training audio played through the speaker and re-recorded (Stereo Mix), the Python model from the original files, so each relies on different cues. The app raised a High alert for Alarm or Siren. The app sent it to manual review (different predictions from the two models).",0.0000,1.0000,0.0000,0.0000,0.0000,0.0000,0.0000,0.0000,0.0000,0.0000,0.0000,0.0000,0.0000,0.0000,1.0000,0.0000,0.0000,0.0000,0.0000,0.0000
ALM-00264,ALM-00264.wav,Alarm or Siren,6.92,Background Noise,0.3788,0.0369,Vehicle Horn,0.5216,0.3690,,No,0.1428,Uncertain Result,Good,,Background Noise,No,No,No,Low,Informational,No alert,Required,Different predictions from the two models; Low confidence; Similar top-class confidence scores; Overlapping sounds,,0.0000,0.3419,0.0031,0.3788,0.0001,0.0004,0.0000,0.0000,0.0139,0.2617,0.0790,0.1230,0.0391,0.1526,0.0019,0.0040,0.0269,0.0079,0.0439,0.5216
ALM-00265,ALM-00265.wav,Alarm or Siren,7.36,Vehicle Horn,0.4192,0.1428,Vehicle Horn,0.4838,0.3850,,Yes,0.0646,Weak Match,Good,,Vehicle Horn,No,No,No,Low,Low,No alert,Required,Low confidence,,0.0133,0.0302,0.0226,0.1867,0.0020,0.2765,0.0157,0.0317,0.0022,0.4192,0.0670,0.0923,0.0731,0.0988,0.0094,0.0155,0.0439,0.0452,0.0712,0.4838
ALM-00266,ALM-00266.wav,Alarm or Siren,1.02,Alarm or Siren,0.5547,0.1113,Panic Scream,0.8999,0.8244,,No,0.3451,Model Disagreement,Good,,Alarm or Siren,Yes,Yes,No,Medium,High,Alert generated,Required,Different predictions from the two models; Overlapping sounds,"Python heard Alarm or Siren (55%), GTM heard Panic Scream (90%); it was Alarm or Siren, so Python was right. Alarm or Siren and Panic Scream are easy to confuse: both are sustained, high-pitched sounds. The app raised a High alert for Alarm or Siren. The app sent it to manual review (different predictions from the two models; overlapping sounds).",0.0001,0.5547,0.0008,0.0000,0.0003,0.0000,0.0000,0.0001,0.4434,0.0005,0.0000,0.0246,0.0755,0.0000,0.0000,0.0000,0.0000,0.0000,0.8999,0.0000
ALM-00267,ALM-00267.wav,Alarm or Siren,1.02,Alarm or Siren,1.0000,1.0000,Panic Scream,0.9558,0.9138,,No,0.0442,Model Disagreement,Good,,Alarm or Siren,Yes,Yes,No,Medium,High,Alert generated,Required,Different predictions from the two models,"Python heard Alarm or Siren (100%), GTM heard Panic Scream (96%); it was Alarm or Siren, so Python was right. Alarm or Siren and Panic Scream are easy to confuse: both are sustained, high-pitched sounds. The app raised a High alert for Alarm or Siren. The app sent it to manual review (different predictions from the two models).",0.0000,1.0000,0.0000,0.0000,0.0000,0.0000,0.0000,0.0000,0.0000,0.0000,0.0003,0.0018,0.0420,0.0001,0.0000,0.0000,0.0000,0.0000,0.9558,0.0000
ALM-00268,ALM-00268.wav,Alarm or Siren,22.37,Alarm or Siren,0.4671,0.2003,Alarm or Siren,0.4015,0.2291,,Yes,0.0656,Weak Match,Good,,Alarm or Siren,Yes,Yes,Yes,Low,High,Not confirmed,Required,Low confidence; Overlapping sounds; Possible false alarm,,0.0163,0.4671,0.0830,0.2668,0.0000,0.0001,0.0003,0.0020,0.0338,0.1306,0.1723,0.4015,0.1014,0.1208,0.0013,0.0031,0.0111,0.0169,0.1230,0.0485
ALM-00269,ALM-00269.wav,Alarm or Siren,13.07,Vehicle Horn,0.3897,0.0822,Alarm or Siren,0.2262,0.0541,,No,0.1636,Uncertain Result,Good,,Vehicle Horn,No,No,Yes,Low,Low,No alert,Required,Different predictions from the two models; Low confidence; Similar top-class confidence scores; Overlapping sounds,,0.0208,0.3075,0.2551,0.0244,0.0004,0.0003,0.0001,0.0013,0.0004,0.3897,0.1721,0.2262,0.1083,0.0982,0.0158,0.0215,0.0280,0.1303,0.1464,0.0533
ALM-00270,ALM-00270.wav,Alarm or Siren,10.96,Alarm or Siren,0.3967,0.1564,Panic Scream,0.6861,0.6138,,No,0.2894,Uncertain Result,Good,,Alarm or Siren,Yes,Yes,No,Low,High,Not confirmed,Required,Different predictions from the two models; Low confidence; Overlapping sounds; Possible false alarm,"Python heard Alarm or Siren (40%), GTM heard Panic Scream (69%); it was Alarm or Siren, so Python was right. Alarm or Siren and Panic Scream are easy to confuse: both are sustained, high-pitched sounds. The recording is not uniform: Python's one-second windows heard Alarm or Siren in 9, Animal Sound in 7, Panic Scream in 2. The app sent it to manual review (different predictions from the two models; low confidence; overlapping sounds; possible false alarm).",0.0417,0.3967,0.2403,0.0691,0.0001,0.0001,0.0000,0.0001,0.1966,0.0552,0.0714,0.0610,0.0723,0.0710,0.0000,0.0003,0.0002,0.0012,0.6861,0.0366
ALM-00271,ALM-00271.wav,Alarm or Siren,5.54,Alarm or Siren,0.6682,0.4434,Alarm or Siren,0.2154,0.0369,,Yes,0.4528,Weak Match,Good,,Alarm or Siren,Yes,Yes,Yes,Medium,High,Alert generated,Not required,,,0.0036,0.6682,0.0503,0.2247,0.0025,0.0067,0.0002,0.0004,0.0007,0.0429,0.1785,0.2154,0.0847,0.1469,0.0185,0.0153,0.0678,0.0835,0.0413,0.1482
ALM-00272,ALM-00272.wav,Alarm or Siren,12.87,Alarm or Siren,0.4698,0.2817,Alarm or Siren,0.2909,0.1678,,Yes,0.1789,Weak Match,Good,,Alarm or Siren,Yes,Yes,Yes,Low,High,Not confirmed,Required,Low confidence; Overlapping sounds; Possible false alarm,,0.0002,0.4698,0.0076,0.1881,0.0902,0.1046,0.0437,0.0020,0.0079,0.0860,0.0973,0.2909,0.0277,0.1102,0.0334,0.0457,0.0747,0.0986,0.1231,0.0984
ALM-00273,ALM-00273.wav,Alarm or Siren,1.71,Alarm or Siren,0.7074,0.5418,Alarm or Siren,0.7410,0.6314,,Yes,0.0336,Acceptable Match,Poor,missing audio frames: 4 dropouts (0.41 s),Alarm or Siren,Yes,Yes,Yes,Medium,High,Alert generated,Required,Poor audio quality; Overlapping sounds,,0.0010,0.7074,0.0001,0.0001,0.0001,0.1258,0.0000,0.0000,0.1656,0.0000,0.0101,0.7410,0.0148,0.1096,0.0014,0.0395,0.0012,0.0006,0.0689,0.0130
ALM-00274,ALM-00274.wav,Alarm or Siren,1.71,Alarm or Siren,0.9752,0.9518,Panic Scream,0.3291,0.0685,,No,0.6460,Uncertain Result,Good,,Alarm or Siren,Yes,Yes,No,Medium,High,Alert generated,Required,Different predictions from the two models,"Python heard Alarm or Siren (98%), GTM heard Panic Scream (33%); it was Alarm or Siren, so Python was right. Alarm or Siren and Panic Scream are easy to confuse: both are sustained, high-pitched sounds. GTM was unsure (top class only 33%). The app raised a High alert for Alarm or Siren. The app sent it to manual review (different predictions from the two models).",0.0000,0.9752,0.0234,0.0001,0.0000,0.0000,0.0000,0.0000,0.0009,0.0004,0.0102,0.1789,0.0518,0.1306,0.0158,0.0036,0.0009,0.0185,0.3291,0.2606
ALM-00275,ALM-00275.wav,Alarm or Siren,1.71,Alarm or Siren,0.9828,0.9683,Alarm or Siren,0.9388,0.9144,,Yes,0.0440,Acceptable Match,Poor,missing audio frames: 4 dropouts (0.41 s),Alarm or Siren,Yes,Yes,Yes,High,High,Alert generated,Required,Poor audio quality,,0.0000,0.9828,0.0145,0.0002,0.0000,0.0001,0.0001,0.0000,0.0021,0.0001,0.0058,0.9388,0.0038,0.0213,0.0002,0.0025,0.0002,0.0003,0.0245,0.0026
ALM-00276,ALM-00276.wav,Alarm or Siren,6.87,Alarm or Siren,0.4653,0.2445,Panic Scream,0.2320,0.0338,,No,0.2333,Uncertain Result,Good,,Alarm or Siren,Yes,Yes,No,Low,High,Not confirmed,Required,Different predictions from the two models; Low confidence; Overlapping sounds; Possible false alarm,"Python heard Alarm or Siren (47%), GTM heard Panic Scream (23%); it was Alarm or Siren, so Python was right. Alarm or Siren and Panic Scream are easy to confuse: both are sustained, high-pitched sounds. The recording is not uniform: Python's one-second windows heard Alarm or Siren in 8, Animal Sound in 2, Aggression in 2. GTM was unsure (top class only 23%). The app sent it to manual review (different predictions from the two models; low confidence; overlapping sounds; possible false alarm).",0.2209,0.4653,0.2132,0.0281,0.0023,0.0487,0.0043,0.0001,0.0105,0.0066,0.0997,0.1296,0.1982,0.0395,0.0069,0.0270,0.0424,0.1479,0.2320,0.0769
ALM-00277,ALM-00277.wav,Alarm or Siren,2.98,Alarm or Siren,0.9504,0.9255,Alarm or Siren,0.4465,0.1491,,Yes,0.5040,Weak Match,Good,,Alarm or Siren,Yes,Yes,Yes,Medium,High,Alert generated,Not required,,,0.0005,0.9504,0.0218,0.0009,0.0000,0.0000,0.0000,0.0001,0.0013,0.0250,0.0648,0.4465,0.0187,0.0539,0.0017,0.0141,0.2973,0.0589,0.0342,0.0098
ALM-00278,ALM-00278.wav,Alarm or Siren,10.32,Alarm or Siren,0.4535,0.1966,Panic Scream,0.3527,0.1033,,No,0.1008,Uncertain Result,Good,,Alarm or Siren,Yes,Yes,No,Low,High,Not confirmed,Required,Different predictions from the two models; Low confidence; Overlapping sounds; Possible false alarm,"Python heard Alarm or Siren (45%), GTM heard Panic Scream (35%); it was Alarm or Siren, so Python was right. Alarm or Siren and Panic Scream are easy to confuse: both are sustained, high-pitched sounds. The recording is not uniform: Python's one-second windows heard Alarm or Siren in 15, Gunshot in 2, Background Noise in 1. GTM was unsure (top class only 35%). The app sent it to manual review (different predictions from the two models; low confidence; overlapping sounds; possible false alarm).",0.0705,0.4535,0.0091,0.1067,0.0122,0.2569,0.0000,0.0001,0.0891,0.0020,0.2494,0.0393,0.0299,0.0560,0.0124,0.0984,0.0258,0.1094,0.3527,0.0267
ALM-00279,ALM-00279.wav,Alarm or Siren,24.36,Alarm or Siren,0.9999,0.9999,Alarm or Siren,0.3882,0.0954,,Yes,0.6117,Weak Match,Good,,Alarm or Siren,Yes,Yes,Yes,Medium,High,Alert generated,Not required,,,0.0000,0.9999,0.0000,0.0000,0.0000,0.0000,0.0000,0.0000,0.0000,0.0000,0.0036,0.3882,0.2928,0.0821,0.0106,0.0106,0.0030,0.0118,0.1738,0.0235
ALM-00280,ALM-00280.wav,Alarm or Siren,17.01,Alarm or Siren,0.6349,0.4840,Alarm or Siren,0.2773,0.0705,,Yes,0.3575,Weak Match,Good,,Alarm or Siren,Yes,Yes,Yes,Medium,High,Alert generated,Required,Overlapping sounds,,0.0003,0.6349,0.0181,0.1100,0.0001,0.0115,0.0026,0.0010,0.0708,0.1508,0.1922,0.2773,0.0816,0.0768,0.0006,0.0048,0.0382,0.0486,0.2068,0.0729
ALM-00281,ALM-00281.wav,Alarm or Siren,8.27,Alarm or Siren,0.9936,0.9873,Alarm or Siren,0.9192,0.8784,,Yes,0.0743,Acceptable Match,Good,,Alarm or Siren,Yes,Yes,Yes,High,High,Alert generated,Not required,,,0.0000,0.9936,0.0001,0.0062,0.0000,0.0001,0.0000,0.0000,0.0000,0.0000,0.0181,0.9192,0.0408,0.0199,0.0001,0.0000,0.0000,0.0001,0.0005,0.0012
ALM-00282,ALM-00282.wav,Alarm or Siren,15.07,Alarm or Siren,0.4432,0.2402,Alarm or Siren,0.4555,0.2960,,Yes,0.0123,Weak Match,Good,,Alarm or Siren,Yes,Yes,Yes,Low,High,Not confirmed,Required,Low confidence; Overlapping sounds; Possible false alarm,,0.0015,0.4432,0.0340,0.2031,0.0072,0.0498,0.0048,0.1358,0.0030,0.1176,0.0801,0.4555,0.0556,0.1595,0.0041,0.0694,0.1091,0.0073,0.0063,0.0532
ALM-00283,ALM-00283.wav,Alarm or Siren,12.94,Alarm or Siren,0.9074,0.8585,Vehicle Horn,0.3788,0.0758,,No,0.5286,Uncertain Result,Good,,Alarm or Siren,Yes,Yes,No,Medium,High,Alert generated,Required,Different predictions from the two models,"Python heard Alarm or Siren (91%), GTM heard Vehicle Horn (38%); it was Alarm or Siren, so Python was right. Alarm or Siren and Vehicle Horn are easy to confuse: both are loud tonal signals with strong harmonics. GTM was unsure (top class only 38%). The app raised a High alert for Alarm or Siren. The app sent it to manual review (different predictions from the two models).",0.0041,0.9074,0.0036,0.0045,0.0044,0.0001,0.0002,0.0001,0.0268,0.0489,0.0018,0.2021,0.1139,0.0001,0.0001,0.0000,0.0002,0.0000,0.3030,0.3788
ALM-00284,ALM-00284.wav,Alarm or Siren,1.22,Alarm or Siren,0.7478,0.5510,Panic Scream,0.6172,0.4184,,No,0.1305,Model Disagreement,Good,,Alarm or Siren,Yes,Yes,No,Medium,High,Alert generated,Required,Different predictions from the two models; Overlapping sounds,"Python heard Alarm or Siren (75%), GTM heard Panic Scream (62%); it was Alarm or Siren, so Python was right. Alarm or Siren and Panic Scream are easy to confuse: both are sustained, high-pitched sounds. The app raised a High alert for Alarm or Siren. The app sent it to manual review (different predictions from the two models; overlapping sounds).",0.0070,0.7478,0.0411,0.0001,0.0001,0.0000,0.0000,0.0001,0.1968,0.0071,0.1261,0.1988,0.0141,0.0343,0.0000,0.0001,0.0039,0.0039,0.6172,0.0015
ALM-00285,ALM-00285.wav,Alarm or Siren,1.36,Alarm or Siren,1.0000,1.0000,Panic Scream,0.4191,0.1155,,No,0.5809,Uncertain Result,Good,,Alarm or Siren,Yes,Yes,No,Medium,High,Alert generated,Required,Different predictions from the two models,"Python heard Alarm or Siren (100%), GTM heard Panic Scream (42%); it was Alarm or Siren, so Python was right. Alarm or Siren and Panic Scream are easy to confuse: both are sustained, high-pitched sounds. GTM was unsure (top class only 42%). The app raised a High alert for Alarm or Siren. The app sent it to manual review (different predictions from the two models).",0.0000,1.0000,0.0000,0.0000,0.0000,0.0000,0.0000,0.0000,0.0000,0.0000,0.3036,0.2772,0.0000,0.0000,0.0000,0.0000,0.0000,0.0000,0.4191,0.0000
ALM-00286,ALM-00286.wav,Alarm or Siren,20.50,Alarm or Siren,0.5899,0.3287,Background Noise,0.4418,0.2949,,No,0.1482,Uncertain Result,Poor,missing audio frames: 3 dropouts (1.43 s),Alarm or Siren,Yes,Yes,No,Medium,High,Alert generated,Required,Different predictions from the two models; Poor audio quality; Overlapping sounds,,0.0360,0.5899,0.0051,0.0244,0.0023,0.0805,0.0000,0.0003,0.0001,0.2612,0.0880,0.1469,0.1187,0.4418,0.0090,0.0519,0.0348,0.0385,0.0105,0.0601
ALM-00287,ALM-00287.wav,Alarm or Siren,5.67,Alarm or Siren,0.3617,0.0636,Glass Breaking,0.2250,0.0227,,No,0.1367,Uncertain Result,Good,,Alarm or Siren,Yes,Yes,No,Low,High,Not confirmed,Required,Different predictions from the two models; Low confidence; Similar top-class confidence scores; Overlapping sounds; Possible false alarm,"Python heard Alarm or Siren (36%), GTM heard Glass Breaking (22%); it was Alarm or Siren, so Python was right. GTM learned from the training audio played through the speaker and re-recorded (Stereo Mix), the Python model from the original files, so each relies on different cues. The recording is not uniform: Python's one-second windows heard Gunshot in 5, Glass Breaking in 2, Alarm or Siren in 2. GTM was unsure (top class only 22%). The app sent it to manual review (different predictions from the two models; low confidence; similar top-class confidence scores; overlapping sounds; possible false alarm).",0.0004,0.3617,0.0045,0.1376,0.1787,0.2981,0.0137,0.0013,0.0009,0.0031,0.0395,0.2022,0.0487,0.0704,0.2250,0.1550,0.0990,0.1171,0.0184,0.0248
ALM-00288,ALM-00288.wav,Alarm or Siren,5.30,Alarm or Siren,1.0000,1.0000,Alarm or Siren,0.3336,0.0635,,Yes,0.6664,Weak Match,Good,,Alarm or Siren,Yes,Yes,Yes,Medium,High,Alert generated,Not required,,,0.0000,1.0000,0.0000,0.0000,0.0000,0.0000,0.0000,0.0000,0.0000,0.0000,0.0142,0.3336,0.0017,0.0429,0.1931,0.0100,0.2701,0.1053,0.0267,0.0025
ALM-00289,ALM-00289.wav,Alarm or Siren,6.06,Alarm or Siren,0.8600,0.7206,Alarm or Siren,0.3994,0.1998,,Yes,0.4606,Weak Match,Poor,missing audio frames: 9 dropouts (1.10 s),Alarm or Siren,Yes,Yes,Yes,Medium,High,Alert generated,Required,Poor audio quality; Overlapping sounds,,0.0000,0.8600,0.0001,0.0000,0.0002,0.0000,0.0000,0.0000,0.0002,0.1394,0.0309,0.3994,0.1721,0.0090,0.0018,0.0194,0.0020,0.0017,0.1996,0.1641
ALM-00290,ALM-00290.wav,Alarm or Siren,24.00,Background Noise,0.2497,0.0373,Alarm or Siren,0.2930,0.0792,,No,0.0433,Uncertain Result,Good,,Unknown,No,No,Yes,Low,Informational,No alert,Required,Different predictions from the two models; Low confidence; Similar top-class confidence scores; Overlapping sounds; Unsupported sound pattern,,0.0188,0.1437,0.2124,0.2497,0.1309,0.0711,0.0354,0.0301,0.0015,0.1064,0.0589,0.2930,0.1292,0.2137,0.0497,0.0670,0.0377,0.0615,0.0500,0.0392
ALM-00291,ALM-00291.wav,Alarm or Siren,1.61,Alarm or Siren,0.6961,0.4039,Animal Sound,0.4378,0.0932,,No,0.2584,Uncertain Result,Good,,Alarm or Siren,Yes,Yes,No,Medium,High,Alert generated,Required,Different predictions from the two models; Overlapping sounds,"Python heard Alarm or Siren (70%), GTM heard Animal Sound (44%); it was Alarm or Siren, so Python was right. GTM learned from the training audio played through the speaker and re-recorded (Stereo Mix), the Python model from the original files, so each relies on different cues. GTM was unsure (top class only 44%). The app raised a High alert for Alarm or Siren. The app sent it to manual review (different predictions from the two models; overlapping sounds).",0.0018,0.6961,0.0095,0.0003,0.0000,0.0000,0.0000,0.0000,0.0000,0.2922,0.0370,0.3446,0.4378,0.1523,0.0002,0.0158,0.0000,0.0052,0.0065,0.0006
ALM-00292,ALM-00292.wav,Alarm or Siren,8.00,Animal Sound,0.4691,0.1028,Alarm or Siren,0.6125,0.4999,,No,0.1434,Uncertain Result,Acceptable,missing audio frames: 1 dropout (0.02 s),Animal Sound,No,No,Yes,Low,Low,No alert,Required,Different predictions from the two models; Low confidence; Overlapping sounds,"Python heard Animal Sound (47%), GTM heard Alarm or Siren (61%); it was Alarm or Siren, so GTM was right. GTM learned from the training audio played through the speaker and re-recorded (Stereo Mix), the Python model from the original files, so each relies on different cues. The recording is not uniform: Python's one-second windows heard Alarm or Siren in 10, Animal Sound in 3, Vehicle Horn in 1. Audio quality was Acceptable (missing audio frames: 1 dropout (0.02 s)). The app sent it to manual review (different predictions from the two models; low confidence; overlapping sounds).",0.0037,0.3663,0.4691,0.0039,0.0025,0.0001,0.0012,0.0001,0.0142,0.1390,0.1126,0.6125,0.0991,0.0463,0.0061,0.0086,0.0201,0.0278,0.0296,0.0373
ALM-00293,ALM-00293.wav,Alarm or Siren,3.63,Background Noise,0.5433,0.3228,Glass Breaking,0.7009,0.5352,,No,0.1576,Model Disagreement,Good,,Background Noise,No,No,No,Medium,Informational,No alert,Required,Different predictions from the two models,"Python heard Background Noise (54%), GTM heard Glass Breaking (70%); it was Alarm or Siren, so neither model was right. Background Noise is involved: a quiet or distant event sinks into the background, and busy background noise can resemble an event. The recording is not uniform: Python's one-second windows heard Background Noise in 5, Glass Breaking in 2. The app sent it to manual review (different predictions from the two models).",0.0027,0.0212,0.0794,0.5433,0.2206,0.0133,0.0777,0.0345,0.0063,0.0010,0.0323,0.0014,0.0022,0.0221,0.7009,0.0001,0.1657,0.0023,0.0729,0.0000
ALM-00294,ALM-00294.wav,Alarm or Siren,6.07,Alarm or Siren,0.6442,0.4967,Alarm or Siren,0.4946,0.3476,,Yes,0.1496,Weak Match,Good,,Alarm or Siren,Yes,Yes,Yes,Medium,High,Alert generated,Not required,,,0.0003,0.6442,0.0365,0.1122,0.0034,0.0055,0.0098,0.1475,0.0006,0.0399,0.0722,0.4946,0.0438,0.0991,0.0343,0.0333,0.1470,0.0372,0.0036,0.0349
ALM-00295,ALM-00295.wav,Alarm or Siren,5.53,Aggression,0.3730,0.2313,Background Noise,0.3320,0.1995,,No,0.0409,Uncertain Result,Good,,Aggression,No,No,No,Low,High,Not confirmed,Required,Different predictions from the two models; Low confidence; Overlapping sounds; Possible false alarm; Critical event without sufficient model agreement,"Python heard Aggression (37%), GTM heard Background Noise (33%); it was Alarm or Siren, so neither model was right. Background Noise is involved: a quiet or distant event sinks into the background, and busy background noise can resemble an event. The recording is not uniform: Python's one-second windows heard Aggression in 3, Animal Sound in 2, Background Noise in 2. GTM was unsure (top class only 33%). The app sent it to manual review (different predictions from the two models; low confidence; overlapping sounds; possible false alarm; critical event without sufficient model agreement).",0.3730,0.1417,0.1311,0.1417,0.0464,0.0885,0.0002,0.0003,0.0041,0.0731,0.0911,0.1314,0.0396,0.3320,0.0136,0.0763,0.0760,0.0930,0.0144,0.1325
ALM-00296,ALM-00296.wav,Alarm or Siren,3.20,Alarm or Siren,0.6654,0.4460,Alarm or Siren,0.2987,0.0465,,Yes,0.3667,Weak Match,Good,,Alarm or Siren,Yes,Yes,Yes,Medium,High,Alert generated,Required,Overlapping sounds,,0.0443,0.6654,0.2194,0.0691,0.0000,0.0000,0.0000,0.0000,0.0014,0.0004,0.2521,0.2987,0.1191,0.2074,0.0008,0.0060,0.0040,0.0133,0.0905,0.0080
ALM-00297,ALM-00297.wav,Alarm or Siren,4.00,Alarm or Siren,0.5580,0.3033,Alarm or Siren,0.3108,0.1455,,Yes,0.2472,Weak Match,Good,,Alarm or Siren,Yes,Yes,Yes,Medium,High,Alert generated,Required,Overlapping sounds,,0.0001,0.5580,0.0220,0.1462,0.0001,0.0001,0.0003,0.0000,0.0186,0.2547,0.0656,0.3108,0.0661,0.1066,0.0084,0.0213,0.0169,0.1165,0.1227,0.1653
ALM-00298,ALM-00298.wav,Alarm or Siren,4.00,Vehicle Horn,0.4153,0.1473,Alarm or Siren,0.3278,0.1792,,No,0.0875,Uncertain Result,Good,,Vehicle Horn,No,No,Yes,Low,Low,No alert,Required,Different predictions from the two models; Low confidence; Overlapping sounds,,0.0010,0.2644,0.0493,0.2679,0.0000,0.0002,0.0008,0.0008,0.0002,0.4153,0.1161,0.3278,0.0662,0.1486,0.0028,0.0164,0.1101,0.0555,0.0220,0.1345
ALM-00299,ALM-00299.wav,Alarm or Siren,0.74,Panic Scream,0.9584,0.9308,Panic Scream,0.2347,0.0706,,Yes,0.7236,Weak Match,Good,,Panic Scream,No,No,No,Medium,Critical,Alert generated,Not required,,,0.0276,0.0034,0.0069,0.0021,0.0010,0.0003,0.0001,0.0002,0.9584,0.0001,0.1519,0.1641,0.1250,0.0357,0.0556,0.0474,0.0427,0.0689,0.2347,0.0740
ALM-00300,ALM-00300.wav,Alarm or Siren,4.00,,,,,,,every window is silent,,,,Poor,low signal strength: active level -59 dBFS,Rejected,No,No,No,,,every window is silent,,,,,,,,,,,,,,,,,,,,,,,
ANM-00256,ANM-00256.wav,Animal Sound,5.00,Animal Sound,0.6369,0.4241,Animal Sound,0.4359,0.2730,,Yes,0.2010,Weak Match,Good,,Animal Sound,Yes,Yes,Yes,Medium,Low,No alert,Required,Overlapping sounds,,0.0002,0.0015,0.6369,0.2127,0.0004,0.0003,0.0001,0.0000,0.0015,0.1464,0.0201,0.0544,0.4359,0.1628,0.0378,0.0521,0.0951,0.0178,0.0685,0.0555
ANM-00257,ANM-00257.wav,Animal Sound,5.00,Animal Sound,0.8131,0.7058,Aggression,0.2114,0.0421,,No,0.6017,Uncertain Result,Good,,Animal Sound,Yes,Yes,No,Medium,Low,No alert,Required,Different predictions from the two models; Overlapping sounds,"Python heard Animal Sound (81%), GTM heard Aggression (21%); it was Animal Sound, so Python was right. Animal Sound and Aggression are easy to confuse: barking and growling resemble shouting. GTM was unsure (top class only 21%). The app sent it to manual review (different predictions from the two models; overlapping sounds).",0.1073,0.0065,0.8131,0.0229,0.0002,0.0000,0.0012,0.0023,0.0120,0.0345,0.2114,0.1693,0.0549,0.0726,0.0122,0.0584,0.0864,0.0590,0.1450,0.1307
ANM-00258,ANM-00258.wav,Animal Sound,5.00,Animal Sound,0.5494,0.1048,Alarm or Siren,0.2877,0.0909,,No,0.2617,Uncertain Result,Acceptable,clipping: 0.43% of samples are clipped,Animal Sound,Yes,Yes,No,Medium,Low,No alert,Required,Different predictions from the two models; Overlapping sounds,,0.0008,0.4446,0.5494,0.0013,0.0000,0.0000,0.0000,0.0000,0.0002,0.0038,0.1968,0.2877,0.1684,0.0442,0.0297,0.1073,0.0100,0.0278,0.0563,0.0718
ANM-00259,ANM-00259.wav,Animal Sound,5.00,Animal Sound,0.7703,0.6057,Machinery Fault,0.2207,0.0186,,No,0.5496,Uncertain Result,Good,,Animal Sound,Yes,Yes,No,Medium,Low,No alert,Required,Different predictions from the two models,"Python heard Animal Sound (77%), GTM heard Machinery Fault (22%); it was Animal Sound, so Python was right. GTM learned from the training audio played through the speaker and re-recorded (Stereo Mix), the Python model from the original files, so each relies on different cues. GTM was unsure (top class only 22%). The app sent it to manual review (different predictions from the two models).",0.0000,0.0001,0.7703,0.1646,0.0000,0.0000,0.0001,0.0611,0.0000,0.0037,0.0318,0.0542,0.0138,0.1963,0.0031,0.0956,0.2207,0.2021,0.0115,0.1708
ANM-00260,ANM-00260.wav,Animal Sound,5.00,Alarm or Siren,0.5781,0.2595,Alarm or Siren,0.3672,0.1777,,Yes,0.2109,Weak Match,Good,,Alarm or Siren,No,No,No,Medium,High,Alert generated,Required,Overlapping sounds,,0.0412,0.5781,0.3186,0.0041,0.0001,0.0006,0.0001,0.0000,0.0280,0.0292,0.0993,0.3672,0.0625,0.0975,0.0024,0.0110,0.0681,0.0074,0.0953,0.1895
ANM-00261,ANM-00261.wav,Animal Sound,5.00,Animal Sound,0.9938,0.9895,Animal Sound,0.4369,0.1866,,Yes,0.5569,Weak Match,Good,,Animal Sound,Yes,Yes,Yes,Medium,Low,No alert,Not required,,,0.0001,0.0003,0.9938,0.0042,0.0000,0.0001,0.0000,0.0000,0.0001,0.0014,0.0969,0.2502,0.4369,0.0637,0.0079,0.0138,0.0162,0.0259,0.0371,0.0513
ANM-00262,ANM-00262.wav,Animal Sound,5.00,Animal Sound,0.4185,0.0386,Aggression,0.3333,0.1401,,No,0.0852,Uncertain Result,Good,,Animal Sound,Yes,Yes,No,Low,Low,No alert,Required,Different predictions from the two models; Low confidence; Similar top-class confidence scores; Overlapping sounds,"Python heard Animal Sound (42%), GTM heard Aggression (33%); it was Animal Sound, so Python was right. Animal Sound and Aggression are easy to confuse: barking and growling resemble shouting. The recording is not uniform: Python's one-second windows heard Animal Sound in 6, Background Noise in 2, Vehicle Horn in 1. GTM was unsure (top class only 33%). The app sent it to manual review (different predictions from the two models; low confidence; similar top-class confidence scores; overlapping sounds).",0.1008,0.0027,0.4185,0.0966,0.0001,0.0004,0.0001,0.0001,0.0008,0.3799,0.3333,0.0577,0.0913,0.1932,0.0183,0.0363,0.0536,0.1261,0.0281,0.0620
ANM-00263,ANM-00263.wav,Animal Sound,5.00,Animal Sound,0.5754,0.2332,Aggression,0.3067,0.0834,,No,0.2688,Uncertain Result,Good,,Animal Sound,Yes,Yes,No,Medium,Low,No alert,Required,Different predictions from the two models; Overlapping sounds,"Python heard Animal Sound (58%), GTM heard Aggression (31%); it was Animal Sound, so Python was right. Animal Sound and Aggression are easy to confuse: barking and growling resemble shouting. The recording is not uniform: Python's one-second windows heard Animal Sound in 6, Vehicle Horn in 3. GTM was unsure (top class only 31%). The app sent it to manual review (different predictions from the two models; overlapping sounds).",0.0529,0.0031,0.5754,0.0192,0.0001,0.0009,0.0003,0.0013,0.0046,0.3422,0.3067,0.2233,0.0444,0.1159,0.0031,0.0112,0.0555,0.0410,0.0781,0.1207
ANM-00264,ANM-00264.wav,Animal Sound,5.00,Animal Sound,0.6946,0.4675,Animal Sound,0.3590,0.1815,,Yes,0.3355,Weak Match,Good,,Animal Sound,Yes,Yes,Yes,Medium,Low,No alert,Required,Overlapping sounds,,0.0611,0.0027,0.6946,0.0125,0.0001,0.0000,0.0001,0.0004,0.2271,0.0015,0.1775,0.0588,0.3590,0.1138,0.0110,0.0297,0.0291,0.0228,0.1773,0.0210
ANM-00265,ANM-00265.wav,Animal Sound,5.00,Panic Scream,0.6407,0.3409,Panic Scream,0.3156,0.1005,,Yes,0.3251,Weak Match,Acceptable,clipping: 0.55% of samples are clipped,Panic Scream,No,No,No,Medium,Critical,Alert generated,Required,Overlapping sounds,,0.2998,0.0015,0.0408,0.0149,0.0012,0.0002,0.0001,0.0000,0.6407,0.0009,0.0508,0.0349,0.0598,0.2151,0.0168,0.0198,0.0148,0.0590,0.3156,0.2134
ANM-00266,ANM-00266.wav,Animal Sound,5.00,Animal Sound,0.9944,0.9894,Panic Scream,0.4950,0.1729,,No,0.4994,Uncertain Result,Good,,Animal Sound,Yes,Yes,No,Medium,Low,No alert,Required,Different predictions from the two models,"Python heard Animal Sound (99%), GTM heard Panic Scream (50%); it was Animal Sound, so Python was right. Animal Sound and Panic Scream are easy to confuse: animal calls such as screeches share pitch and loudness with screams. GTM was unsure (top class only 50%). The app sent it to manual review (different predictions from the two models).",0.0051,0.0001,0.9944,0.0000,0.0000,0.0000,0.0000,0.0000,0.0004,0.0000,0.0181,0.1183,0.3222,0.0237,0.0014,0.0105,0.0043,0.0059,0.4950,0.0004
ANM-00267,ANM-00267.wav,Animal Sound,5.00,Animal Sound,0.9466,0.9289,Panic Scream,0.2766,0.0780,,No,0.6700,Uncertain Result,Good,,Animal Sound,Yes,Yes,No,Medium,Low,No alert,Required,Different predictions from the two models,"Python heard Animal Sound (95%), GTM heard Panic Scream (28%); it was Animal Sound, so Python was right. Animal Sound and Panic Scream are easy to confuse: animal calls such as screeches share pitch and loudness with screams. GTM was unsure (top class only 28%). The app sent it to manual review (different predictions from the two models).",0.0022,0.0018,0.9466,0.0177,0.0103,0.0117,0.0000,0.0001,0.0086,0.0010,0.1739,0.1070,0.1986,0.1778,0.0017,0.0150,0.0099,0.0308,0.2766,0.0087
ANM-00268,ANM-00268.wav,Animal Sound,4.00,Animal Sound,1.0000,1.0000,Animal Sound,0.7509,0.6819,,Yes,0.2491,Acceptable Match,Good,,Animal Sound,Yes,Yes,Yes,High,Low,No alert,Not required,,,0.0000,0.0000,1.0000,0.0000,0.0000,0.0000,0.0000,0.0000,0.0000,0.0000,0.0690,0.0527,0.7509,0.0359,0.0007,0.0246,0.0036,0.0364,0.0096,0.0167
ANM-00269,ANM-00269.wav,Animal Sound,4.00,Animal Sound,0.5884,0.2959,Alarm or Siren,0.1941,0.0079,,No,0.3943,Uncertain Result,Good,,Animal Sound,Yes,Yes,No,Medium,Low,No alert,Required,Different predictions from the two models; Overlapping sounds,,0.0004,0.0056,0.5884,0.0025,0.2925,0.0001,0.0006,0.0004,0.0057,0.1038,0.1276,0.1941,0.1861,0.1135,0.0857,0.0160,0.1071,0.0340,0.0090,0.1269
ANM-00270,ANM-00270.wav,Animal Sound,4.00,Animal Sound,1.0000,0.9999,Animal Sound,0.3314,0.0022,,Yes,0.6686,Weak Match,Good,,Animal Sound,Yes,Yes,Yes,Medium,Low,No alert,Not required,,,0.0000,0.0000,1.0000,0.0000,0.0000,0.0000,0.0000,0.0000,0.0000,0.0000,0.2131,0.0855,0.3314,0.0112,0.0010,0.0020,0.0059,0.0039,0.3291,0.0169
ANM-00271,ANM-00271.wav,Animal Sound,0.45,Animal Sound,1.0000,1.0000,Animal Sound,0.3425,0.0690,,Yes,0.6575,Weak Match,Good,,Animal Sound,Yes,Yes,Yes,Medium,Low,No alert,Not required,,,0.0000,0.0000,1.0000,0.0000,0.0000,0.0000,0.0000,0.0000,0.0000,0.0000,0.0077,0.0074,0.3425,0.1286,0.1004,0.2735,0.0155,0.0476,0.0451,0.0318
ANM-00272,ANM-00272.wav,Animal Sound,4.00,Alarm or Siren,0.3926,0.1223,Alarm or Siren,0.5968,0.4462,,Yes,0.2042,Weak Match,Good,,Alarm or Siren,No,No,No,Low,High,Not confirmed,Required,Low confidence; Overlapping sounds; Possible false alarm,,0.0143,0.3926,0.2337,0.0004,0.0000,0.0000,0.0000,0.0001,0.2703,0.0887,0.0374,0.5968,0.1506,0.0042,0.0005,0.0004,0.0854,0.0084,0.1029,0.0134
ANM-00273,ANM-00273.wav,Animal Sound,0.46,Animal Sound,1.0000,1.0000,Animal Sound,0.5383,0.4317,,Yes,0.4617,Weak Match,Good,,Animal Sound,Yes,Yes,Yes,Medium,Low,No alert,Not required,,,0.0000,0.0000,1.0000,0.0000,0.0000,0.0000,0.0000,0.0000,0.0000,0.0000,0.0586,0.0302,0.5383,0.0887,0.0955,0.0369,0.0044,0.0261,0.1066,0.0148
ANM-00274,ANM-00274.wav,Animal Sound,4.00,Animal Sound,0.9853,0.9706,Animal Sound,0.3910,0.2162,,Yes,0.5943,Weak Match,Good,,Animal Sound,Yes,Yes,Yes,Medium,Low,No alert,Not required,,,0.0000,0.0000,0.9853,0.0001,0.0000,0.0000,0.0000,0.0000,0.0146,0.0000,0.1146,0.0451,0.3910,0.1748,0.0371,0.0518,0.0230,0.0820,0.0385,0.0420
ANM-00275,ANM-00275.wav,Animal Sound,4.00,Animal Sound,0.9984,0.9973,Animal Sound,0.3886,0.2542,,Yes,0.6098,Weak Match,Good,,Animal Sound,Yes,Yes,Yes,Medium,Low,No alert,Not required,,,0.0001,0.0000,0.9984,0.0001,0.0001,0.0000,0.0000,0.0000,0.0002,0.0011,0.1191,0.1344,0.3886,0.0745,0.0221,0.0698,0.0086,0.0305,0.1233,0.0291
ANM-00276,ANM-00276.wav,Animal Sound,4.00,Animal Sound,0.8271,0.7360,Background Noise,0.2191,0.0414,,No,0.6081,Uncertain Result,Good,,Animal Sound,Yes,Yes,No,Medium,Low,No alert,Required,Different predictions from the two models,"Python heard Animal Sound (83%), GTM heard Background Noise (22%); it was Animal Sound, so Python was right. Background Noise is involved: a quiet or distant event sinks into the background, and busy background noise can resemble an event. The recording is not uniform: Python's one-second windows heard Animal Sound in 6, Vehicle Horn in 1. GTM was unsure (top class only 22%). The app sent it to manual review (different predictions from the two models).",0.0027,0.0046,0.8271,0.0130,0.0001,0.0003,0.0088,0.0434,0.0089,0.0911,0.0254,0.1251,0.0736,0.2191,0.0059,0.0553,0.0317,0.1385,0.1777,0.1478
ANM-00277,ANM-00277.wav,Animal Sound,4.00,Animal Sound,0.9894,0.9815,Aggression,0.3541,0.0524,,No,0.6353,Uncertain Result,Good,,Animal Sound,Yes,Yes,No,Medium,Low,No alert,Required,Different predictions from the two models,"Python heard Animal Sound (99%), GTM heard Aggression (35%); it was Animal Sound, so Python was right. Animal Sound and Aggression are easy to confuse: barking and growling resemble shouting. GTM was unsure (top class only 35%). The app sent it to manual review (different predictions from the two models).",0.0002,0.0080,0.9894,0.0001,0.0000,0.0000,0.0000,0.0000,0.0024,0.0000,0.3541,0.3016,0.0726,0.0220,0.0000,0.0002,0.0001,0.0005,0.2473,0.0017
ANM-00278,ANM-00278.wav,Animal Sound,4.00,Animal Sound,0.9835,0.9678,Animal Sound,0.3681,0.2215,,Yes,0.6155,Weak Match,Poor,clipping: 3.6% of samples are clipped,Animal Sound,Yes,Yes,Yes,Medium,Low,No alert,Required,Poor audio quality,,0.0006,0.0000,0.9835,0.0001,0.0000,0.0000,0.0000,0.0000,0.0157,0.0000,0.1045,0.0759,0.3681,0.1167,0.0228,0.0431,0.0228,0.0816,0.1466,0.0179
ANM-00279,ANM-00279.wav,Animal Sound,4.00,Animal Sound,0.9999,0.9999,Animal Sound,0.5048,0.3704,,Yes,0.4951,Weak Match,Good,,Animal Sound,Yes,Yes,Yes,Medium,Low,No alert,Not required,,,0.0000,0.0000,0.9999,0.0000,0.0000,0.0000,0.0000,0.0000,0.0000,0.0000,0.1344,0.0941,0.5048,0.0801,0.0071,0.0210,0.0110,0.0247,0.1083,0.0144
ANM-00280,ANM-00280.wav,Animal Sound,2.48,Animal Sound,0.9010,0.8445,Animal Sound,0.6780,0.5731,,Yes,0.2230,Acceptable Match,Good,,Animal Sound,Yes,Yes,Yes,High,Low,No alert,Not required,,,0.0001,0.0003,0.9010,0.0086,0.0000,0.0000,0.0013,0.0322,0.0000,0.0565,0.0176,0.0436,0.6780,0.1049,0.0038,0.0063,0.0114,0.0123,0.0282,0.0940
ANM-00281,ANM-00281.wav,Animal Sound,4.00,Animal Sound,1.0000,1.0000,Animal Sound,0.7489,0.5694,,Yes,0.2511,Acceptable Match,Good,,Animal Sound,Yes,Yes,Yes,High,Low,No alert,Not required,,,0.0000,0.0000,1.0000,0.0000,0.0000,0.0000,0.0000,0.0000,0.0000,0.0000,0.0074,0.0085,0.7489,0.0280,0.0034,0.0006,0.0009,0.0092,0.1796,0.0134
ANM-00282,ANM-00282.wav,Animal Sound,4.00,Animal Sound,0.8822,0.7713,Animal Sound,0.3315,0.0626,,Yes,0.5507,Weak Match,Good,,Animal Sound,Yes,Yes,Yes,Medium,Low,No alert,Required,Overlapping sounds,,0.1110,0.0001,0.8822,0.0049,0.0001,0.0000,0.0000,0.0000,0.0015,0.0002,0.2689,0.0692,0.3315,0.1024,0.0026,0.0090,0.0049,0.0137,0.1826,0.0151
ANM-00283,ANM-00283.wav,Animal Sound,2.50,Animal Sound,1.0000,0.9999,Animal Sound,0.7476,0.6774,,Yes,0.2523,Acceptable Match,Good,,Animal Sound,Yes,Yes,Yes,High,Low,No alert,Not required,,,0.0000,0.0000,1.0000,0.0000,0.0000,0.0000,0.0000,0.0000,0.0000,0.0000,0.0533,0.0347,0.7476,0.0221,0.0030,0.0126,0.0185,0.0703,0.0181,0.0197
ANM-00284,ANM-00284.wav,Animal Sound,4.00,Animal Sound,0.9996,0.9995,Animal Sound,0.5321,0.4271,,Yes,0.4675,Weak Match,Good,,Animal Sound,Yes,Yes,Yes,Medium,Low,No alert,Not required,,,0.0001,0.0001,0.9996,0.0001,0.0000,0.0000,0.0000,0.0000,0.0001,0.0000,0.0964,0.0579,0.5321,0.0628,0.0087,0.0311,0.0197,0.1050,0.0573,0.0289
ANM-00285,ANM-00285.wav,Animal Sound,4.00,Animal Sound,0.6376,0.4649,Panic Scream,0.2839,0.0189,,No,0.3537,Uncertain Result,Good,,Animal Sound,Yes,Yes,No,Medium,Low,No alert,Required,Different predictions from the two models; Overlapping sounds,"Python heard Animal Sound (64%), GTM heard Panic Scream (28%); it was Animal Sound, so Python was right. Animal Sound and Panic Scream are easy to confuse: animal calls such as screeches share pitch and loudness with screams. The recording is not uniform: Python's one-second windows heard Animal Sound in 5, Background Noise in 1, Gunshot in 1. GTM was unsure (top class only 28%). The app sent it to manual review (different predictions from the two models; overlapping sounds).",0.0508,0.0006,0.6376,0.1234,0.0129,0.1727,0.0000,0.0000,0.0018,0.0002,0.2269,0.0467,0.0928,0.2651,0.0053,0.0135,0.0088,0.0410,0.2839,0.0158
ANM-00286,ANM-00286.wav,Animal Sound,4.00,Animal Sound,0.9947,0.9905,Animal Sound,0.4952,0.3590,,Yes,0.4996,Weak Match,Good,,Animal Sound,Yes,Yes,Yes,Medium,Low,No alert,Not required,,,0.0042,0.0001,0.9947,0.0003,0.0001,0.0000,0.0000,0.0000,0.0005,0.0000,0.1362,0.0862,0.4952,0.0484,0.0101,0.0413,0.0144,0.0396,0.0979,0.0308
ANM-00287,ANM-00287.wav,Animal Sound,4.00,Animal Sound,0.5431,0.1326,Animal Sound,0.4123,0.2131,,Yes,0.1309,Weak Match,Good,,Animal Sound,Yes,Yes,Yes,Medium,Low,No alert,Required,Overlapping sounds,,0.4106,0.0027,0.5431,0.0431,0.0000,0.0000,0.0000,0.0000,0.0004,0.0001,0.1991,0.0946,0.4123,0.0570,0.0085,0.0128,0.0100,0.0228,0.1636,0.0192
ANM-00288,ANM-00288.wav,Animal Sound,4.00,Animal Sound,1.0000,1.0000,Animal Sound,0.6386,0.5665,,Yes,0.3614,Weak Match,Good,,Animal Sound,Yes,Yes,Yes,Medium,Low,No alert,Not required,,,0.0000,0.0000,1.0000,0.0000,0.0000,0.0000,0.0000,0.0000,0.0000,0.0000,0.0565,0.0685,0.6386,0.0575,0.0720,0.0289,0.0179,0.0172,0.0375,0.0054
ANM-00289,ANM-00289.wav,Animal Sound,4.00,Animal Sound,0.6095,0.3112,Aggression,0.3757,0.1345,,No,0.2338,Uncertain Result,Good,,Animal Sound,Yes,Yes,No,Medium,Low,No alert,Required,Different predictions from the two models,"Python heard Animal Sound (61%), GTM heard Aggression (38%); it was Animal Sound, so Python was right. Animal Sound and Aggression are easy to confuse: barking and growling resemble shouting. The recording is not uniform: Python's one-second windows heard Animal Sound in 5, Background Noise in 2. GTM was unsure (top class only 38%). The app sent it to manual review (different predictions from the two models).",0.0418,0.0118,0.6095,0.2983,0.0000,0.0000,0.0001,0.0000,0.0021,0.0364,0.3757,0.1700,0.0507,0.2412,0.0017,0.0164,0.0145,0.0266,0.0616,0.0416
ANM-00290,ANM-00290.wav,Animal Sound,1.65,Animal Sound,1.0000,1.0000,Animal Sound,0.7957,0.6934,,Yes,0.2043,Acceptable Match,Poor,clipping: 2.2% of samples are clipped,Animal Sound,Yes,Yes,Yes,High,Low,No alert,Required,Poor audio quality,,0.0000,0.0000,1.0000,0.0000,0.0000,0.0000,0.0000,0.0000,0.0000,0.0000,0.0028,0.0215,0.7957,0.0337,0.0114,0.0109,0.0049,0.0144,0.1022,0.0025
ANM-00291,ANM-00291.wav,Animal Sound,4.00,Animal Sound,0.6469,0.4430,Panic Scream,0.1669,0.0153,,No,0.4800,Uncertain Result,Good,,Animal Sound,Yes,Yes,No,Medium,Low,No alert,Required,Different predictions from the two models,"Python heard Animal Sound (65%), GTM heard Panic Scream (17%); it was Animal Sound, so Python was right. Animal Sound and Panic Scream are easy to confuse: animal calls such as screeches share pitch and loudness with screams. The recording is not uniform: Python's one-second windows heard Animal Sound in 4, Vehicle Horn in 2, Background Noise in 1. GTM was unsure (top class only 17%). The app sent it to manual review (different predictions from the two models).",0.0000,0.0011,0.6469,0.2038,0.0001,0.0005,0.0061,0.0002,0.0000,0.1412,0.0475,0.1179,0.1511,0.1280,0.0096,0.1239,0.0654,0.1516,0.1669,0.0382
ANM-00292,ANM-00292.wav,Animal Sound,4.00,Animal Sound,0.7259,0.4605,Background Noise,0.4639,0.2156,,No,0.2621,Uncertain Result,Good,,Animal Sound,Yes,Yes,No,Medium,Low,No alert,Required,Different predictions from the two models,"Python heard Animal Sound (73%), GTM heard Background Noise (46%); it was Animal Sound, so Python was right. Background Noise is involved: a quiet or distant event sinks into the background, and busy background noise can resemble an event. The recording is not uniform: Python's one-second windows heard Animal Sound in 6, Background Noise in 1. GTM was unsure (top class only 46%). The app sent it to manual review (different predictions from the two models).",0.0056,0.0001,0.7259,0.2654,0.0003,0.0009,0.0000,0.0001,0.0010,0.0006,0.1137,0.0441,0.0815,0.4639,0.0051,0.0338,0.0024,0.0039,0.2483,0.0033
ANM-00293,ANM-00293.wav,Animal Sound,4.00,Animal Sound,1.0000,1.0000,Animal Sound,0.4866,0.3520,,Yes,0.5134,Weak Match,Good,,Animal Sound,Yes,Yes,Yes,Medium,Low,No alert,Not required,,,0.0000,0.0000,1.0000,0.0000,0.0000,0.0000,0.0000,0.0000,0.0000,0.0000,0.1086,0.0507,0.4866,0.0213,0.0190,0.0388,0.0706,0.0414,0.1346,0.0283
ANM-00294,ANM-00294.wav,Animal Sound,4.00,Animal Sound,0.9998,0.9998,Animal Sound,0.3281,0.1421,,Yes,0.6717,Weak Match,Good,,Animal Sound,Yes,Yes,Yes,Medium,Low,No alert,Not required,,,0.0000,0.0001,0.9998,0.0001,0.0000,0.0000,0.0000,0.0000,0.0000,0.0000,0.1860,0.0364,0.3281,0.0639,0.1563,0.0491,0.0065,0.0039,0.1493,0.0206
ANM-00295,ANM-00295.wav,Animal Sound,1.43,Animal Sound,1.0000,1.0000,Animal Sound,0.5956,0.3174,,Yes,0.4044,Weak Match,Good,,Animal Sound,Yes,Yes,Yes,Medium,Low,No alert,Not required,,,0.0000,0.0000,1.0000,0.0000,0.0000,0.0000,0.0000,0.0000,0.0000,0.0000,0.2782,0.0169,0.5956,0.0046,0.0034,0.0353,0.0042,0.0081,0.0466,0.0072
ANM-00296,ANM-00296.wav,Animal Sound,4.00,Animal Sound,0.4964,0.0040,Alarm or Siren,0.3948,0.0580,,No,0.1016,Uncertain Result,Good,,Animal Sound,Yes,Yes,No,Low,Low,No alert,Required,Different predictions from the two models; Low confidence; Similar top-class confidence scores,,0.0110,0.4924,0.4964,0.0000,0.0000,0.0000,0.0000,0.0000,0.0001,0.0001,0.0995,0.3948,0.3368,0.1056,0.0004,0.0010,0.0022,0.0218,0.0320,0.0061
ANM-00297,ANM-00297.wav,Animal Sound,1.23,Animal Sound,1.0000,1.0000,Background Noise,0.3146,0.0027,,No,0.6854,Uncertain Result,Good,,Animal Sound,Yes,Yes,No,Medium,Low,No alert,Required,Different predictions from the two models,"Python heard Animal Sound (100%), GTM heard Background Noise (31%); it was Animal Sound, so Python was right. Background Noise is involved: a quiet or distant event sinks into the background, and busy background noise can resemble an event. GTM was unsure (top class only 31%). The app sent it to manual review (different predictions from the two models).",0.0000,0.0000,1.0000,0.0000,0.0000,0.0000,0.0000,0.0000,0.0000,0.0000,0.0162,0.0222,0.2951,0.3146,0.0016,0.0090,0.0072,0.0187,0.3120,0.0034
ANM-00298,ANM-00298.wav,Animal Sound,4.00,Animal Sound,0.9134,0.8609,Animal Sound,0.3544,0.2177,,Yes,0.5590,Weak Match,Good,,Animal Sound,Yes,Yes,Yes,Medium,Low,No alert,Not required,,,0.0525,0.0001,0.9134,0.0017,0.0037,0.0001,0.0000,0.0000,0.0284,0.0001,0.1052,0.1279,0.3544,0.1367,0.0653,0.1226,0.0119,0.0152,0.0398,0.0210
ANM-00299,ANM-00299.wav,Animal Sound,4.00,Animal Sound,0.9966,0.9936,Animal Sound,0.3741,0.1595,,Yes,0.6225,Weak Match,Good,,Animal Sound,Yes,Yes,Yes,Medium,Low,No alert,Not required,,,0.0001,0.0001,0.9966,0.0003,0.0000,0.0000,0.0000,0.0000,0.0030,0.0000,0.0496,0.1990,0.3741,0.2146,0.0019,0.0124,0.0282,0.0414,0.0501,0.0287
ANM-00300,ANM-00300.wav,Animal Sound,1.41,Animal Sound,0.9999,0.9999,Animal Sound,0.6071,0.5137,,Yes,0.3928,Weak Match,Acceptable,clipping: 0.85% of samples are clipped,Animal Sound,Yes,Yes,Yes,Medium,Low,No alert,Not required,,,0.0001,0.0000,0.9999,0.0000,0.0000,0.0000,0.0000,0.0000,0.0000,0.0000,0.0627,0.0463,0.6071,0.0578,0.0171,0.0215,0.0454,0.0241,0.0934,0.0247
BGN-00256,BGN-00256.wav,Background Noise,5.00,Background Noise,0.9855,0.9743,Background Noise,0.5358,0.3097,,Yes,0.4497,Weak Match,Good,,Background Noise,Yes,Yes,Yes,Medium,Informational,No alert,Not required,,,0.0000,0.0003,0.0112,0.9855,0.0003,0.0002,0.0023,0.0000,0.0000,0.0001,0.2261,0.0152,0.0024,0.5358,0.0098,0.1683,0.0007,0.0404,0.0005,0.0007
BGN-00257,BGN-00257.wav,Background Noise,5.00,Machinery Fault,0.4336,0.2415,Glass Breaking,0.2604,0.0421,,No,0.1731,Uncertain Result,Good,,Machinery Fault,No,No,No,Low,High,Not confirmed,Required,Different predictions from the two models; Low confidence; Overlapping sounds; Possible false alarm,"Python heard Machinery Fault (43%), GTM heard Glass Breaking (26%); it was Background Noise, so neither model was right. GTM learned from the training audio played through the speaker and re-recorded (Stereo Mix), the Python model from the original files, so each relies on different cues. The recording is not uniform: Python's one-second windows heard Machinery Fault in 6, Normal Machinery in 1, Glass Breaking in 1. GTM was unsure (top class only 26%). The app sent it to manual review (different predictions from the two models; low confidence; overlapping sounds; possible false alarm).",0.0003,0.0411,0.1545,0.0534,0.1921,0.0228,0.4336,0.0976,0.0012,0.0034,0.0101,0.0317,0.0495,0.1055,0.2604,0.0344,0.0557,0.1933,0.0411,0.2183
BGN-00258,BGN-00258.wav,Background Noise,5.00,Background Noise,0.9200,0.8527,Gunshot,0.2971,0.0048,,No,0.6228,Uncertain Result,Good,,Background Noise,Yes,Yes,No,Medium,Medium,Alert generated,Required,Different predictions from the two models,"Python heard Background Noise (92%), GTM heard Gunshot (30%); it was Background Noise, so Python was right. Background Noise is involved: a quiet or distant event sinks into the background, and busy background noise can resemble an event. GTM was unsure (top class only 30%). The app raised a Medium alert for Background Noise. The app sent it to manual review (different predictions from the two models).",0.0000,0.0001,0.0006,0.9200,0.0003,0.0117,0.0000,0.0001,0.0000,0.0673,0.0056,0.0260,0.0063,0.2924,0.0307,0.2971,0.0988,0.0959,0.0111,0.1362
BGN-00259,BGN-00259.wav,Background Noise,5.00,Background Noise,0.9911,0.9853,Background Noise,0.2513,0.0614,,Yes,0.7398,Weak Match,Good,,Background Noise,Yes,Yes,Yes,Medium,Medium,Alert generated,Not required,,,0.0000,0.0000,0.0020,0.9911,0.0002,0.0058,0.0000,0.0000,0.0000,0.0009,0.0478,0.0496,0.0223,0.2513,0.1390,0.0655,0.1006,0.1899,0.0394,0.0947
BGN-00260,BGN-00260.wav,Background Noise,5.00,Background Noise,0.7894,0.7005,Panic Scream,0.3706,0.1337,,No,0.4188,Uncertain Result,Good,,Background Noise,Yes,Yes,No,Medium,Informational,No alert,Required,Different predictions from the two models,"Python heard Background Noise (79%), GTM heard Panic Scream (37%); it was Background Noise, so Python was right. Background Noise is involved: a quiet or distant event sinks into the background, and busy background noise can resemble an event. GTM was unsure (top class only 37%). The app sent it to manual review (different predictions from the two models).",0.0084,0.0108,0.0889,0.7894,0.0141,0.0155,0.0147,0.0096,0.0471,0.0016,0.1028,0.1038,0.0341,0.2369,0.0326,0.0714,0.0042,0.0429,0.3706,0.0007
BGN-00261,BGN-00261.wav,Background Noise,5.04,Animal Sound,0.7260,0.5621,Vehicle Horn,0.3424,0.2077,,No,0.3837,Uncertain Result,Good,,Animal Sound,No,No,No,Medium,Low,No alert,Required,Different predictions from the two models,"Python heard Animal Sound (73%), GTM heard Vehicle Horn (34%); it was Background Noise, so neither model was right. GTM learned from the training audio played through the speaker and re-recorded (Stereo Mix), the Python model from the original files, so each relies on different cues. GTM was unsure (top class only 34%). The app sent it to manual review (different predictions from the two models).",0.0513,0.0013,0.7260,0.1640,0.0191,0.0088,0.0001,0.0001,0.0166,0.0126,0.0808,0.1294,0.0637,0.0597,0.0046,0.1041,0.0445,0.0362,0.1347,0.3424
BGN-00262,BGN-00262.wav,Background Noise,27.72,Vehicle Horn,0.4884,0.0995,Aggression,0.2364,0.0366,,No,0.2520,Uncertain Result,Good,,Vehicle Horn,No,No,No,Low,Low,No alert,Required,Different predictions from the two models; Low confidence; Similar top-class confidence scores,"Python heard Vehicle Horn (49%), GTM heard Aggression (24%); it was Background Noise, so neither model was right. GTM learned from the training audio played through the speaker and re-recorded (Stereo Mix), the Python model from the original files, so each relies on different cues. The recording is not uniform: Python's one-second windows heard Background Noise in 49, Vehicle Horn in 6. GTM was unsure (top class only 24%). The app sent it to manual review (different predictions from the two models; low confidence; similar top-class confidence scores).",0.0002,0.0327,0.0178,0.3889,0.0001,0.0002,0.0069,0.0648,0.0000,0.4884,0.2364,0.1529,0.0742,0.1998,0.0049,0.0245,0.0410,0.0707,0.0118,0.1838
BGN-00263,BGN-00263.wav,Background Noise,5.75,Alarm or Siren,0.4135,0.0968,Glass Breaking,0.4808,0.3458,,No,0.0672,Uncertain Result,Good,,Alarm or Siren,No,No,No,Low,High,Not confirmed,Required,Different predictions from the two models; Low confidence; Similar top-class confidence scores; Overlapping sounds; Possible false alarm,"Python heard Alarm or Siren (41%), GTM heard Glass Breaking (48%); it was Background Noise, so neither model was right. GTM learned from the training audio played through the speaker and re-recorded (Stereo Mix), the Python model from the original files, so each relies on different cues. The recording is not uniform: Python's one-second windows heard Alarm or Siren in 5, Glass Breaking in 2, Machinery Fault in 2. GTM was unsure (top class only 48%). The app sent it to manual review (different predictions from the two models; low confidence; similar top-class confidence scores; overlapping sounds; possible false alarm).",0.0008,0.4135,0.0105,0.0580,0.1457,0.0082,0.3167,0.0043,0.0231,0.0192,0.0805,0.0276,0.0502,0.0240,0.4808,0.0309,0.1350,0.0429,0.0852,0.0429
BGN-00264,BGN-00264.wav,Background Noise,0.64,Alarm or Siren,0.9881,0.9791,Background Noise,0.4272,0.1171,,No,0.5609,Uncertain Result,Good,,Alarm or Siren,No,No,Yes,Medium,High,Alert generated,Required,Different predictions from the two models,"Python heard Alarm or Siren (99%), GTM heard Background Noise (43%); it was Background Noise, so GTM was right. Background Noise is involved: a quiet or distant event sinks into the background, and busy background noise can resemble an event. GTM was unsure (top class only 43%). The app raised a High alert for Alarm or Siren. The app sent it to manual review (different predictions from the two models).",0.0001,0.9881,0.0001,0.0090,0.0016,0.0001,0.0000,0.0001,0.0001,0.0007,0.0039,0.0464,0.3101,0.4272,0.1848,0.0011,0.0003,0.0012,0.0186,0.0065
BGN-00265,BGN-00265.wav,Background Noise,1.53,Panic Scream,0.8940,0.7884,Panic Scream,0.6526,0.3969,,Yes,0.2414,Acceptable Match,Good,,Panic Scream,No,No,No,High,Critical,Alert generated,Required,Overlapping sounds,,0.1056,0.0001,0.0001,0.0003,0.0000,0.0000,0.0000,0.0000,0.8940,0.0000,0.2558,0.0050,0.0073,0.0750,0.0000,0.0007,0.0003,0.0008,0.6526,0.0024
BGN-00266,BGN-00266.wav,Background Noise,18.82,Aggression,0.4002,0.0629,Aggression,0.3652,0.1591,,Yes,0.0351,Weak Match,Good,,Aggression,No,No,No,Low,High,Not confirmed,Required,Low confidence; Similar top-class confidence scores; Overlapping sounds; Possible false alarm,,0.4002,0.0038,0.1907,0.3373,0.0018,0.0170,0.0004,0.0043,0.0390,0.0054,0.3652,0.0886,0.1286,0.2060,0.0029,0.0131,0.0199,0.0512,0.0757,0.0490
BGN-00267,BGN-00267.wav,Background Noise,7.62,Aggression,0.6901,0.5354,Aggression,0.5576,0.1845,,Yes,0.1325,Acceptable Match,Good,,Aggression,No,No,No,Medium,High,Alert generated,Required,Overlapping sounds,,0.6901,0.0010,0.0024,0.1547,0.0077,0.1403,0.0004,0.0001,0.0014,0.0020,0.5576,0.0125,0.0130,0.3731,0.0003,0.0183,0.0008,0.0055,0.0164,0.0025
BGN-00268,BGN-00268.wav,Background Noise,5.94,Background Noise,0.9719,0.9598,Background Noise,0.3755,0.0031,,Yes,0.5964,Weak Match,Good,,Background Noise,Yes,Yes,Yes,Medium,Informational,No alert,Not required,,,0.0001,0.0004,0.0121,0.9719,0.0004,0.0021,0.0000,0.0008,0.0000,0.0121,0.3724,0.0380,0.0320,0.3755,0.0044,0.0261,0.0267,0.0498,0.0392,0.0359
BGN-00269,BGN-00269.wav,Background Noise,8.92,Background Noise,0.9711,0.9557,Background Noise,0.9257,0.9026,,Yes,0.0454,Acceptable Match,Good,,Background Noise,Yes,Yes,Yes,High,Informational,No alert,Not required,,,0.0000,0.0004,0.0004,0.9711,0.0007,0.0154,0.0092,0.0004,0.0001,0.0022,0.0117,0.0072,0.0092,0.9257,0.0020,0.0094,0.0047,0.0067,0.0231,0.0003
BGN-00270,BGN-00270.wav,Background Noise,2.91,Background Noise,0.8929,0.8291,Panic Scream,0.2602,0.0882,,No,0.6327,Uncertain Result,Good,,Background Noise,Yes,Yes,No,Medium,Informational,No alert,Required,Different predictions from the two models,"Python heard Background Noise (89%), GTM heard Panic Scream (26%); it was Background Noise, so Python was right. Background Noise is involved: a quiet or distant event sinks into the background, and busy background noise can resemble an event. GTM was unsure (top class only 26%). The app sent it to manual review (different predictions from the two models).",0.0002,0.0270,0.0638,0.8929,0.0035,0.0032,0.0035,0.0009,0.0003,0.0047,0.1019,0.1066,0.0835,0.0189,0.0017,0.1431,0.1072,0.1720,0.2602,0.0047
BGN-00271,BGN-00271.wav,Background Noise,10.78,Background Noise,0.7674,0.5444,Background Noise,0.3837,0.2796,,Yes,0.3837,Weak Match,Poor,missing audio frames: 13 dropouts (0.70 s),Background Noise,Yes,Yes,Yes,Medium,Informational,No alert,Required,Poor audio quality,,0.0000,0.0004,0.0003,0.7674,0.0008,0.2231,0.0000,0.0000,0.0000,0.0079,0.0950,0.1041,0.1026,0.3837,0.0191,0.0813,0.0525,0.0536,0.0190,0.0891
BGN-00272,BGN-00272.wav,Background Noise,20.44,Background Noise,0.7103,0.5407,Background Noise,0.2750,0.0046,,Yes,0.4353,Weak Match,Good,,Background Noise,Yes,Yes,Yes,Medium,Informational,No alert,Required,Overlapping sounds,,0.0014,0.0010,0.0761,0.7103,0.0079,0.0285,0.0008,0.0006,0.0036,0.1696,0.0601,0.0228,0.0046,0.2750,0.2704,0.0504,0.0242,0.0564,0.0426,0.1935
BGN-00273,BGN-00273.wav,Background Noise,29.34,Background Noise,0.9598,0.9236,Background Noise,0.7782,0.6260,,Yes,0.1816,Acceptable Match,Good,,Background Noise,Yes,Yes,Yes,High,Informational,No alert,Not required,,,0.0003,0.0000,0.0000,0.9598,0.0002,0.0362,0.0000,0.0028,0.0006,0.0002,0.1522,0.0009,0.0016,0.7782,0.0003,0.0303,0.0027,0.0288,0.0026,0.0025
BGN-00274,BGN-00274.wav,Background Noise,27.35,Background Noise,0.6723,0.5060,Background Noise,0.5299,0.4092,,Yes,0.1424,Acceptable Match,Good,,Background Noise,Yes,Yes,Yes,Medium,Informational,No alert,Not required,,,0.0003,0.0009,0.1663,0.6723,0.0435,0.1018,0.0001,0.0000,0.0003,0.0145,0.0423,0.1106,0.0560,0.5299,0.0106,0.0506,0.0434,0.0242,0.0116,0.1208
BGN-00275,BGN-00275.wav,Background Noise,23.39,Background Noise,0.5837,0.1999,Background Noise,0.4437,0.3036,,Yes,0.1400,Weak Match,Good,,Background Noise,Yes,Yes,Yes,Medium,Medium,Alert generated,Not required,,,0.0159,0.0002,0.0018,0.5837,0.0058,0.3838,0.0002,0.0012,0.0063,0.0011,0.1111,0.0463,0.0377,0.4437,0.0165,0.0629,0.0730,0.1401,0.0283,0.0404
BGN-00276,BGN-00276.wav,Background Noise,17.49,Background Noise,0.4922,0.0033,Background Noise,0.4759,0.3066,,Yes,0.0164,Weak Match,Good,,Background Noise,Yes,Yes,Yes,Low,Informational,No alert,Required,Low confidence; Similar top-class confidence scores,,0.0000,0.0035,0.0012,0.4922,0.0121,0.4890,0.0000,0.0001,0.0003,0.0015,0.0309,0.0452,0.0349,0.4759,0.0261,0.1692,0.0961,0.0617,0.0067,0.0533
BGN-00277,BGN-00277.wav,Background Noise,13.07,Background Noise,0.9939,0.9894,Background Noise,0.9467,0.9311,,Yes,0.0472,Acceptable Match,Good,,Background Noise,Yes,Yes,Yes,High,Informational,No alert,Not required,,,0.0045,0.0000,0.0000,0.9939,0.0001,0.0013,0.0000,0.0000,0.0001,0.0001,0.0125,0.0003,0.0011,0.9467,0.0015,0.0156,0.0026,0.0112,0.0084,0.0001
BGN-00278,BGN-00278.wav,Background Noise,1.00,Background Noise,0.9967,0.9945,Aggression,0.4578,0.2420,,No,0.5388,Uncertain Result,Good,,Background Noise,Yes,Yes,No,Medium,Medium,Alert generated,Required,Different predictions from the two models,"Python heard Background Noise (100%), GTM heard Aggression (46%); it was Background Noise, so Python was right. Background Noise is involved: a quiet or distant event sinks into the background, and busy background noise can resemble an event. GTM was unsure (top class only 46%). The app raised a Medium alert for Background Noise. The app sent it to manual review (different predictions from the two models).",0.0000,0.0003,0.0001,0.9967,0.0000,0.0021,0.0000,0.0000,0.0000,0.0008,0.4578,0.0810,0.0289,0.2158,0.0026,0.0910,0.0099,0.0319,0.0139,0.0672
BGN-00279,BGN-00279.wav,Background Noise,19.46,Background Noise,0.4718,0.1427,Background Noise,0.3675,0.2176,,Yes,0.1043,Weak Match,Good,,Background Noise,Yes,Yes,Yes,Low,Informational,No alert,Required,Low confidence,,0.0003,0.0032,0.0027,0.4718,0.0095,0.3291,0.0018,0.0804,0.0001,0.1013,0.1498,0.0239,0.0248,0.3675,0.0044,0.0772,0.1320,0.0960,0.0548,0.0696
BGN-00280,BGN-00280.wav,Background Noise,7.92,Vehicle Horn,0.7822,0.6643,Aggression,0.2540,0.0927,,No,0.5282,Uncertain Result,Good,,Vehicle Horn,No,No,No,Medium,Low,No alert,Required,Different predictions from the two models; Overlapping sounds,"Python heard Vehicle Horn (78%), GTM heard Aggression (25%); it was Background Noise, so neither model was right. GTM learned from the training audio played through the speaker and re-recorded (Stereo Mix), the Python model from the original files, so each relies on different cues. GTM was unsure (top class only 25%). The app sent it to manual review (different predictions from the two models; overlapping sounds).",0.0001,0.0127,0.1179,0.0798,0.0008,0.0062,0.0001,0.0000,0.0002,0.7822,0.2540,0.1415,0.0895,0.1159,0.0035,0.0116,0.0688,0.1003,0.0536,0.1613
BGN-00281,BGN-00281.wav,Background Noise,14.40,Animal Sound,0.2746,0.0025,Vehicle Horn,0.2802,0.0785,,No,0.0056,Uncertain Result,Good,,Unknown,No,No,No,Low,Informational,No alert,Required,Different predictions from the two models; Low confidence; Similar top-class confidence scores; Overlapping sounds; Unsupported sound pattern,,0.0085,0.0066,0.2746,0.2722,0.0285,0.1345,0.0355,0.1213,0.0022,0.1162,0.0993,0.1202,0.0633,0.2017,0.0231,0.0214,0.1116,0.0588,0.0204,0.2802
BGN-00282,BGN-00282.wav,Background Noise,5.38,Background Noise,0.6093,0.3546,Alarm or Siren,0.3553,0.2113,,No,0.2540,Uncertain Result,Good,,Background Noise,Yes,Yes,No,Medium,Informational,No alert,Required,Different predictions from the two models,"Python heard Background Noise (61%), GTM heard Alarm or Siren (36%); it was Background Noise, so Python was right. Background Noise is involved: a quiet or distant event sinks into the background, and busy background noise can resemble an event. The recording is not uniform: Python's one-second windows heard Background Noise in 8, Animal Sound in 1. GTM was unsure (top class only 36%). The app sent it to manual review (different predictions from the two models).",0.1203,0.0008,0.2547,0.6093,0.0000,0.0114,0.0000,0.0000,0.0032,0.0003,0.1405,0.3553,0.1085,0.1439,0.0056,0.0118,0.0254,0.0254,0.1007,0.0829
BGN-00283,BGN-00283.wav,Background Noise,26.00,Background Noise,0.5828,0.2103,Background Noise,0.3796,0.0353,,Yes,0.2032,Weak Match,Good,,Background Noise,Yes,Yes,Yes,Medium,Informational,No alert,Not required,,,0.0122,0.0008,0.0136,0.5828,0.0057,0.3725,0.0001,0.0083,0.0011,0.0029,0.3442,0.0563,0.0384,0.3796,0.0086,0.0532,0.0189,0.0421,0.0237,0.0349
BGN-00284,BGN-00284.wav,Background Noise,23.60,Background Noise,0.4679,0.2053,Background Noise,0.7588,0.6693,,Yes,0.2910,Weak Match,Good,,Background Noise,Yes,Yes,Yes,Low,Informational,No alert,Required,Low confidence,,0.0067,0.0011,0.0066,0.4679,0.0040,0.2236,0.0045,0.0218,0.0013,0.2626,0.0169,0.0045,0.0066,0.7588,0.0895,0.0299,0.0105,0.0680,0.0144,0.0008
BGN-00285,BGN-00285.wav,Background Noise,8.26,Aggression,0.3793,0.1771,Animal Sound,0.2676,0.0486,,No,0.1117,Uncertain Result,Good,,Aggression,No,No,No,Low,High,Not confirmed,Required,Different predictions from the two models; Low confidence; Overlapping sounds; Possible false alarm; Critical event without sufficient model agreement,"Python heard Aggression (38%), GTM heard Animal Sound (27%); it was Background Noise, so neither model was right. Aggression and Animal Sound are easy to confuse: barking and growling resemble shouting. The recording is not uniform: Python's one-second windows heard Aggression in 8, Background Noise in 4, Animal Sound in 2. GTM was unsure (top class only 27%). The app sent it to manual review (different predictions from the two models; low confidence; overlapping sounds; possible false alarm; critical event without sufficient model agreement).",0.3793,0.0840,0.1982,0.2022,0.0003,0.0018,0.0011,0.0017,0.0012,0.1301,0.1699,0.2190,0.2676,0.0980,0.0086,0.0318,0.0224,0.0743,0.0527,0.0556
BGN-00286,BGN-00286.wav,Background Noise,14.77,Background Noise,0.3901,0.1313,Background Noise,0.2872,0.0283,,Yes,0.1029,Weak Match,Good,,Background Noise,Yes,Yes,Yes,Low,Informational,No alert,Required,Low confidence,,0.0665,0.0024,0.2101,0.3901,0.0082,0.2588,0.0000,0.0006,0.0112,0.0521,0.2282,0.2589,0.0711,0.2872,0.0020,0.0119,0.0086,0.0253,0.0675,0.0392
BGN-00287,BGN-00287.wav,Background Noise,2.60,Gunshot,0.6319,0.4672,Panic Scream,0.2154,0.0019,,No,0.4164,Uncertain Result,Good,,Gunshot,No,No,No,Medium,Critical,Alert generated,Required,Different predictions from the two models; Critical event without sufficient model agreement,"Python heard Gunshot (63%), GTM heard Panic Scream (22%); it was Background Noise, so neither model was right. GTM learned from the training audio played through the speaker and re-recorded (Stereo Mix), the Python model from the original files, so each relies on different cues. The recording is not uniform: Python's one-second windows heard Gunshot in 2, Background Noise in 1, Animal Sound in 1. GTM was unsure (top class only 22%). The app raised a Critical alert for Gunshot. The app sent it to manual review (different predictions from the two models; critical event without sufficient model agreement).",0.0001,0.0054,0.1568,0.1647,0.0389,0.6319,0.0004,0.0003,0.0006,0.0010,0.0910,0.0223,0.0692,0.2136,0.0299,0.1621,0.0555,0.1155,0.2154,0.0254
BGN-00288,BGN-00288.wav,Background Noise,10.00,Glass Breaking,0.7116,0.5090,Panic Scream,0.6073,0.4022,,No,0.1042,Model Disagreement,Good,,Glass Breaking,No,No,No,Medium,High,Alert generated,Required,Different predictions from the two models; Overlapping sounds; Critical event without sufficient model agreement,"Python heard Glass Breaking (71%), GTM heard Panic Scream (61%); it was Background Noise, so neither model was right. GTM learned from the training audio played through the speaker and re-recorded (Stereo Mix), the Python model from the original files, so each relies on different cues. The app raised a High alert for Glass Breaking. The app sent it to manual review (different predictions from the two models; overlapping sounds; critical event without sufficient model agreement).",0.0002,0.0406,0.2025,0.0346,0.7116,0.0001,0.0000,0.0001,0.0057,0.0046,0.0218,0.1162,0.0016,0.0015,0.2051,0.0101,0.0028,0.0061,0.6073,0.0275
BGN-00289,BGN-00289.wav,Background Noise,2.12,Gunshot,0.6513,0.4018,Background Noise,0.2439,0.0578,,No,0.4075,Uncertain Result,Good,,Gunshot,No,No,Yes,Medium,Critical,Alert generated,Required,Different predictions from the two models; Critical event without sufficient model agreement,"Python heard Gunshot (65%), GTM heard Background Noise (24%); it was Background Noise, so GTM was right. Background Noise is involved: a quiet or distant event sinks into the background, and busy background noise can resemble an event. The recording is not uniform: Python's one-second windows heard Gunshot in 3, Background Noise in 1. GTM was unsure (top class only 24%). The app raised a Critical alert for Gunshot. The app sent it to manual review (different predictions from the two models; critical event without sufficient model agreement).",0.0005,0.0008,0.0081,0.2495,0.0459,0.6513,0.0000,0.0000,0.0024,0.0415,0.1861,0.0550,0.1214,0.2439,0.1234,0.0765,0.0166,0.1072,0.0381,0.0319
BGN-00290,BGN-00290.wav,Background Noise,27.11,Background Noise,0.4439,0.2879,Background Noise,0.2298,0.0294,,Yes,0.2141,Weak Match,Good,,Background Noise,Yes,Yes,Yes,Low,Informational,No alert,Required,Low confidence; Overlapping sounds,,0.1481,0.1275,0.1560,0.4439,0.0000,0.0602,0.0000,0.0000,0.0003,0.0640,0.2003,0.1380,0.2004,0.2298,0.0108,0.0368,0.0344,0.0507,0.0233,0.0755
BGN-00291,BGN-00291.wav,Background Noise,10.07,Background Noise,0.6711,0.4600,Background Noise,0.2827,0.0049,,Yes,0.3885,Weak Match,Good,,Background Noise,Yes,Yes,Yes,Medium,Informational,No alert,Not required,,,0.0003,0.0018,0.0022,0.6711,0.0066,0.2111,0.0008,0.0029,0.0009,0.1026,0.1555,0.0037,0.0056,0.2827,0.0152,0.2777,0.0420,0.1296,0.0752,0.0128
BGN-00292,BGN-00292.wav,Background Noise,12.22,Background Noise,0.6409,0.4530,Background Noise,0.2791,0.0653,,Yes,0.3619,Weak Match,Good,,Background Noise,Yes,Yes,Yes,Medium,Informational,No alert,Not required,,,0.0001,0.0004,0.0021,0.6409,0.0005,0.0014,0.0003,0.1665,0.0000,0.1879,0.0456,0.0741,0.0360,0.2791,0.0054,0.1365,0.2137,0.0706,0.0063,0.1327
BGN-00293,BGN-00293.wav,Background Noise,29.98,Background Noise,0.2764,0.0656,Normal Machinery,0.2323,0.0717,,No,0.0441,Uncertain Result,Good,,Unknown,No,Yes,No,Low,Informational,No alert,Required,Different predictions from the two models; Low confidence; Similar top-class confidence scores; Unsupported sound pattern,,0.0435,0.0118,0.2091,0.2764,0.0155,0.2108,0.0079,0.0376,0.0185,0.1689,0.1606,0.0535,0.1207,0.1269,0.0153,0.0219,0.1153,0.2323,0.0491,0.1044
BGN-00294,BGN-00294.wav,Background Noise,8.64,Animal Sound,0.4886,0.2398,Animal Sound,0.2275,0.0536,,Yes,0.2611,Weak Match,Good,,Animal Sound,No,No,No,Low,Low,No alert,Required,Low confidence; Overlapping sounds,,0.0030,0.0023,0.4886,0.2488,0.0144,0.0932,0.0000,0.0002,0.0039,0.1456,0.1739,0.0574,0.2275,0.1199,0.0164,0.1486,0.0252,0.0987,0.0826,0.0500
BGN-00295,BGN-00295.wav,Background Noise,4.68,Background Noise,0.5114,0.2045,Glass Breaking,0.3230,0.1321,,No,0.1884,Uncertain Result,Acceptable,missing audio frames: 2 dropouts (1.83 s),Background Noise,Yes,Yes,No,Medium,Informational,No alert,Required,Different predictions from the two models; Overlapping sounds,"Python heard Background Noise (51%), GTM heard Glass Breaking (32%); it was Background Noise, so Python was right. Background Noise is involved: a quiet or distant event sinks into the background, and busy background noise can resemble an event. The recording is not uniform: Python's one-second windows heard Background Noise in 3, Glass Breaking in 2, Alarm or Siren in 1. Audio quality was Acceptable (missing audio frames: 2 dropouts (1.83 s)). GTM was unsure (top class only 32%). The app sent it to manual review (different predictions from the two models; overlapping sounds).",0.0001,0.0772,0.0017,0.5114,0.3070,0.0078,0.0638,0.0022,0.0004,0.0283,0.0699,0.0406,0.1046,0.0659,0.3230,0.0479,0.1049,0.0460,0.1910,0.0061
BGN-00296,BGN-00296.wav,Background Noise,21.70,Background Noise,0.4013,0.1756,Background Noise,0.2879,0.1165,,Yes,0.1134,Weak Match,Good,,Background Noise,Yes,Yes,Yes,Low,Informational,No alert,Required,Low confidence; Overlapping sounds,,0.0032,0.2257,0.0778,0.4013,0.0010,0.1483,0.0040,0.0188,0.0108,0.1090,0.0901,0.1118,0.0816,0.2879,0.0048,0.0788,0.0906,0.1714,0.0082,0.0749
BGN-00297,BGN-00297.wav,Background Noise,25.66,Background Noise,0.3782,0.1033,Background Noise,0.2349,0.0651,,Yes,0.1433,Weak Match,Good,,Background Noise,Yes,Yes,Yes,Low,Medium,Not confirmed,Required,Low confidence; Possible false alarm,,0.0017,0.0230,0.0345,0.3782,0.0113,0.2166,0.0062,0.0533,0.0005,0.2749,0.0758,0.0830,0.0577,0.2349,0.0082,0.0917,0.1029,0.1613,0.0146,0.1698
BGN-00298,BGN-00298.wav,Background Noise,25.76,Background Noise,0.8881,0.8455,Background Noise,0.4191,0.2146,,Yes,0.4690,Weak Match,Good,,Background Noise,Yes,Yes,Yes,Medium,Informational,No alert,Not required,,,0.0010,0.0003,0.0022,0.8881,0.0029,0.0213,0.0033,0.0379,0.0004,0.0425,0.0371,0.0242,0.0085,0.4191,0.0172,0.1686,0.0917,0.2045,0.0059,0.0232
BGN-00299,BGN-00299.wav,Background Noise,5.13,Background Noise,0.6872,0.3889,Alarm or Siren,0.8167,0.6375,,No,0.1295,Model Disagreement,Good,,Background Noise,Yes,Yes,No,Medium,Informational,No alert,Required,Different predictions from the two models,"Python heard Background Noise (69%), GTM heard Alarm or Siren (82%); it was Background Noise, so Python was right. Background Noise is involved: a quiet or distant event sinks into the background, and busy background noise can resemble an event. The recording is not uniform: Python's one-second windows heard Background Noise in 8, Gunshot in 1. The app sent it to manual review (different predictions from the two models).",0.0000,0.0090,0.0018,0.6872,0.0010,0.2983,0.0000,0.0000,0.0024,0.0004,0.0026,0.8167,0.0005,0.1792,0.0000,0.0000,0.0000,0.0001,0.0007,0.0003
BGN-00300,BGN-00300.wav,Background Noise,4.00,Background Noise,0.6119,0.2760,Background Noise,0.2707,0.0764,,Yes,0.3412,Weak Match,Acceptable,low signal strength: active level -53 dBFS,Background Noise,Yes,Yes,Yes,Medium,Informational,No alert,Not required,,,0.0002,0.0005,0.0022,0.6119,0.0055,0.3359,0.0182,0.0078,0.0001,0.0177,0.0754,0.0349,0.0153,0.2707,0.0144,0.1943,0.1267,0.1917,0.0228,0.0537
GLS-00256,GLS-00256.wav,Glass Breaking,5.00,Glass Breaking,0.9744,0.9489,Glass Breaking,0.4927,0.2217,,Yes,0.4817,Weak Match,Poor,clipping: 2.1% of samples are clipped,Glass Breaking,Yes,Yes,Yes,Medium,High,Alert generated,Required,Poor audio quality,,0.0000,0.0000,0.0000,0.0001,0.9744,0.0255,0.0000,0.0000,0.0000,0.0000,0.0484,0.0844,0.0070,0.0198,0.4927,0.2710,0.0303,0.0175,0.0202,0.0088
GLS-00257,GLS-00257.wav,Glass Breaking,3.03,Glass Breaking,1.0000,1.0000,Glass Breaking,0.4652,0.3364,,Yes,0.5348,Weak Match,Good,,Glass Breaking,Yes,Yes,Yes,Medium,High,Alert generated,Not required,,,0.0000,0.0000,0.0000,0.0000,1.0000,0.0000,0.0000,0.0000,0.0000,0.0000,0.0201,0.0473,0.0038,0.0993,0.4652,0.1289,0.0750,0.1113,0.0407,0.0084
GLS-00258,GLS-00258.wav,Glass Breaking,1.64,Glass Breaking,0.9998,0.9997,Glass Breaking,0.8887,0.8340,,Yes,0.1111,Acceptable Match,Good,,Glass Breaking,Yes,Yes,Yes,High,High,Alert generated,Not required,,,0.0000,0.0000,0.0001,0.0000,0.9998,0.0000,0.0000,0.0000,0.0000,0.0000,0.0053,0.0109,0.0018,0.0064,0.8887,0.0041,0.0104,0.0156,0.0547,0.0021
GLS-00259,GLS-00259.wav,Glass Breaking,0.95,Glass Breaking,1.0000,1.0000,Alarm or Siren,0.5799,0.3564,,No,0.4201,Model Disagreement,Good,,Glass Breaking,Yes,Yes,No,Medium,High,Alert generated,Required,Different predictions from the two models; Critical event without sufficient model agreement,"Python heard Glass Breaking (100%), GTM heard Alarm or Siren (58%); it was Glass Breaking, so Python was right. GTM learned from the training audio played through the speaker and re-recorded (Stereo Mix), the Python model from the original files, so each relies on different cues. The app raised a High alert for Glass Breaking. The app sent it to manual review (different predictions from the two models; critical event without sufficient model agreement).",0.0000,0.0000,0.0000,0.0000,1.0000,0.0000,0.0000,0.0000,0.0000,0.0000,0.0107,0.5799,0.0086,0.0774,0.2235,0.0033,0.0053,0.0263,0.0113,0.0536
GLS-00260,GLS-00260.wav,Glass Breaking,2.45,Glass Breaking,1.0000,1.0000,Glass Breaking,0.5080,0.2578,,Yes,0.4920,Weak Match,Good,,Glass Breaking,Yes,Yes,Yes,Medium,High,Alert generated,Not required,,,0.0000,0.0000,0.0000,0.0000,1.0000,0.0000,0.0000,0.0000,0.0000,0.0000,0.0811,0.2502,0.0077,0.0170,0.5080,0.0192,0.0056,0.0483,0.0578,0.0051
GLS-00261,GLS-00261.wav,Glass Breaking,6.48,Glass Breaking,0.9393,0.9141,Glass Breaking,0.2685,0.0604,,Yes,0.6708,Weak Match,Good,,Glass Breaking,Yes,Yes,Yes,Medium,High,Alert generated,Not required,,,0.0000,0.0190,0.0141,0.0007,0.9393,0.0252,0.0000,0.0000,0.0004,0.0012,0.0237,0.1837,0.0206,0.0909,0.2685,0.0418,0.0457,0.0613,0.2080,0.0557
GLS-00262,GLS-00262.wav,Glass Breaking,15.45,Glass Breaking,0.3097,0.0752,Glass Breaking,0.4064,0.2847,,Yes,0.0966,Weak Match,Good,,Unknown,No,Yes,Yes,Low,Informational,No alert,Required,Low confidence; Similar top-class confidence scores; Overlapping sounds; Unsupported sound pattern,,0.0013,0.2216,0.0847,0.1325,0.3097,0.2345,0.0094,0.0009,0.0004,0.0050,0.0630,0.0732,0.0232,0.0880,0.4064,0.1217,0.0565,0.0562,0.0704,0.0414
GLS-00263,GLS-00263.wav,Glass Breaking,1.60,Glass Breaking,0.9288,0.8889,Glass Breaking,0.4127,0.0221,,Yes,0.5161,Weak Match,Good,,Glass Breaking,Yes,Yes,Yes,Medium,High,Alert generated,Not required,,,0.0398,0.0002,0.0192,0.0016,0.9288,0.0008,0.0000,0.0000,0.0095,0.0002,0.0190,0.3905,0.0295,0.0134,0.4127,0.0150,0.0106,0.0112,0.0960,0.0021
GLS-00264,GLS-00264.wav,Glass Breaking,0.96,Glass Breaking,1.0000,1.0000,Glass Breaking,0.2524,0.0654,,Yes,0.7476,Weak Match,Good,,Glass Breaking,Yes,Yes,Yes,Medium,High,Alert generated,Not required,,,0.0000,0.0000,0.0000,0.0000,1.0000,0.0000,0.0000,0.0000,0.0000,0.0000,0.0491,0.0727,0.0371,0.1177,0.2524,0.1063,0.1870,0.0622,0.0435,0.0720
GLS-00265,GLS-00265.wav,Glass Breaking,1.53,Glass Breaking,1.0000,1.0000,Glass Breaking,0.2976,0.0143,,Yes,0.7024,Weak Match,Good,,Glass Breaking,Yes,Yes,Yes,Medium,High,Alert generated,Not required,,,0.0000,0.0000,0.0000,0.0000,1.0000,0.0000,0.0000,0.0000,0.0000,0.0000,0.0412,0.0445,0.0058,0.2833,0.2976,0.2397,0.0157,0.0072,0.0232,0.0416
GLS-00266,GLS-00266.wav,Glass Breaking,3.00,Glass Breaking,0.9840,0.9707,Glass Breaking,0.3963,0.0970,,Yes,0.5877,Weak Match,Good,,Glass Breaking,Yes,Yes,Yes,Medium,High,Alert generated,Not required,,,0.0000,0.0014,0.0000,0.0006,0.9840,0.0004,0.0133,0.0000,0.0002,0.0001,0.0380,0.0363,0.0716,0.0217,0.3963,0.2994,0.0181,0.0154,0.0208,0.0824
GLS-00267,GLS-00267.wav,Glass Breaking,3.00,Glass Breaking,0.9999,0.9997,Glass Breaking,0.4647,0.2945,,Yes,0.5352,Weak Match,Good,,Glass Breaking,Yes,Yes,Yes,Medium,High,Alert generated,Not required,,,0.0000,0.0000,0.0000,0.0000,0.9999,0.0001,0.0000,0.0000,0.0000,0.0000,0.0272,0.0363,0.1702,0.1390,0.4647,0.0343,0.0128,0.0219,0.0138,0.0798
GLS-00268,GLS-00268.wav,Glass Breaking,3.00,Glass Breaking,0.7521,0.5178,Gunshot,0.5072,0.0244,,No,0.2450,Model Disagreement,Poor,missing audio frames: 5 dropouts (0.15 s),Glass Breaking,Yes,Yes,No,Medium,High,Alert generated,Required,Different predictions from the two models; Poor audio quality; Overlapping sounds; Critical event without sufficient model agreement,"Python heard Glass Breaking (75%), GTM heard Gunshot (51%); it was Glass Breaking, so Python was right. Glass Breaking and Gunshot are easy to confuse: both are short, broadband impulses with a sharp attack. Audio quality was Poor (missing audio frames: 5 dropouts (0.15 s)). The app raised a High alert for Glass Breaking. The app sent it to manual review (different predictions from the two models; poor audio quality; overlapping sounds; critical event without sufficient model agreement).",0.0000,0.0011,0.0003,0.0085,0.7521,0.0006,0.2344,0.0029,0.0000,0.0001,0.0001,0.0007,0.0005,0.0029,0.4828,0.5072,0.0005,0.0009,0.0045,0.0000
GLS-00269,GLS-00269.wav,Glass Breaking,3.00,Glass Breaking,1.0000,1.0000,Glass Breaking,0.6312,0.4975,,Yes,0.3688,Weak Match,Acceptable,missing audio frames: 1 dropout (0.03 s),Glass Breaking,Yes,Yes,Yes,Medium,High,Alert generated,Not required,,,0.0000,0.0000,0.0000,0.0000,1.0000,0.0000,0.0000,0.0000,0.0000,0.0000,0.1286,0.0275,0.0175,0.0263,0.6312,0.1337,0.0096,0.0092,0.0105,0.0059
GLS-00270,GLS-00270.wav,Glass Breaking,3.00,Glass Breaking,1.0000,1.0000,Gunshot,0.5228,0.2380,,No,0.4772,Model Disagreement,Good,,Glass Breaking,Yes,Yes,No,Medium,High,Alert generated,Required,Different predictions from the two models; Critical event without sufficient model agreement,"Python heard Glass Breaking (100%), GTM heard Gunshot (52%); it was Glass Breaking, so Python was right. Glass Breaking and Gunshot are easy to confuse: both are short, broadband impulses with a sharp attack. The app raised a High alert for Glass Breaking. The app sent it to manual review (different predictions from the two models; critical event without sufficient model agreement).",0.0000,0.0000,0.0000,0.0000,1.0000,0.0000,0.0000,0.0000,0.0000,0.0000,0.1427,0.0012,0.0008,0.0086,0.2848,0.5228,0.0022,0.0200,0.0010,0.0159
GLS-00271,GLS-00271.wav,Glass Breaking,3.00,Glass Breaking,0.9994,0.9989,Glass Breaking,0.4980,0.3315,,Yes,0.5014,Weak Match,Good,,Glass Breaking,Yes,Yes,Yes,Medium,High,Alert generated,Not required,,,0.0000,0.0005,0.0000,0.0000,0.9994,0.0000,0.0000,0.0000,0.0000,0.0000,0.0511,0.0338,0.0765,0.0368,0.4980,0.1665,0.0185,0.0303,0.0413,0.0472
GLS-00272,GLS-00272.wav,Glass Breaking,3.64,Glass Breaking,0.9350,0.8712,Glass Breaking,0.3489,0.2090,,Yes,0.5861,Weak Match,Good,,Glass Breaking,Yes,Yes,Yes,Medium,High,Alert generated,Not required,,,0.0000,0.0002,0.0006,0.0003,0.9350,0.0638,0.0000,0.0000,0.0000,0.0000,0.0990,0.0293,0.0405,0.1195,0.3489,0.0731,0.1399,0.0890,0.0447,0.0161
GLS-00273,GLS-00273.wav,Glass Breaking,1.84,Glass Breaking,1.0000,1.0000,Glass Breaking,0.6961,0.6130,,Yes,0.3039,Weak Match,Good,,Glass Breaking,Yes,Yes,Yes,Medium,High,Alert generated,Not required,,,0.0000,0.0000,0.0000,0.0000,1.0000,0.0000,0.0000,0.0000,0.0000,0.0000,0.0395,0.0174,0.0143,0.0399,0.6961,0.0831,0.0306,0.0164,0.0595,0.0032
GLS-00274,GLS-00274.wav,Glass Breaking,1.61,Glass Breaking,0.9999,0.9998,Glass Breaking,0.2188,0.0074,,Yes,0.7811,Weak Match,Good,,Glass Breaking,Yes,Yes,Yes,Medium,High,Alert generated,Not required,,,0.0000,0.0000,0.0000,0.0000,0.9999,0.0001,0.0000,0.0000,0.0000,0.0000,0.0897,0.1026,0.0557,0.0966,0.2188,0.2113,0.0868,0.0341,0.0819,0.0225
GLS-00275,GLS-00275.wav,Glass Breaking,7.70,Gunshot,0.5665,0.2321,Aggression,0.2519,0.1155,,No,0.3146,Uncertain Result,Good,,Gunshot,No,No,No,Medium,Critical,Alert generated,Required,Different predictions from the two models; Overlapping sounds; Critical event without sufficient model agreement,"Python heard Gunshot (57%), GTM heard Aggression (25%); it was Glass Breaking, so neither model was right. GTM learned from the training audio played through the speaker and re-recorded (Stereo Mix), the Python model from the original files, so each relies on different cues. The recording is not uniform: Python's one-second windows heard Gunshot in 5, Glass Breaking in 2. GTM was unsure (top class only 25%). The app raised a Critical alert for Gunshot. The app sent it to manual review (different predictions from the two models; overlapping sounds; critical event without sufficient model agreement).",0.0001,0.0006,0.0003,0.0930,0.3344,0.5665,0.0001,0.0002,0.0002,0.0046,0.2519,0.0296,0.1220,0.1229,0.0297,0.1201,0.0350,0.1364,0.0857,0.0668
GLS-00276,GLS-00276.wav,Glass Breaking,2.79,Glass Breaking,0.9999,0.9998,Glass Breaking,0.6403,0.5741,,Yes,0.3596,Weak Match,Acceptable,clipping: 0.11% of samples are clipped,Glass Breaking,Yes,Yes,Yes,Medium,High,Alert generated,Not required,,,0.0000,0.0000,0.0000,0.0000,0.9999,0.0001,0.0000,0.0000,0.0000,0.0000,0.0196,0.0166,0.0340,0.0611,0.6403,0.0514,0.0584,0.0661,0.0385,0.0140
GLS-00277,GLS-00277.wav,Glass Breaking,2.23,Glass Breaking,1.0000,1.0000,Alarm or Siren,0.2759,0.0311,,No,0.7241,Uncertain Result,Acceptable,clipping: 0.10% of samples are clipped,Glass Breaking,Yes,Yes,No,Medium,High,Alert generated,Required,Different predictions from the two models; Critical event without sufficient model agreement,"Python heard Glass Breaking (100%), GTM heard Alarm or Siren (28%); it was Glass Breaking, so Python was right. GTM learned from the training audio played through the speaker and re-recorded (Stereo Mix), the Python model from the original files, so each relies on different cues. Audio quality was Acceptable (clipping: 0.10% of samples are clipped). GTM was unsure (top class only 28%). The app raised a High alert for Glass Breaking. The app sent it to manual review (different predictions from the two models; critical event without sufficient model agreement).",0.0000,0.0000,0.0000,0.0000,1.0000,0.0000,0.0000,0.0000,0.0000,0.0000,0.0114,0.2759,0.0079,0.0979,0.2448,0.0411,0.0415,0.0005,0.1787,0.1004
GLS-00278,GLS-00278.wav,Glass Breaking,25.84,Aggression,0.2589,0.0191,Panic Scream,0.3217,0.0507,,No,0.0628,Uncertain Result,Acceptable,missing audio frames: 1 dropout (0.03 s),Unknown,No,No,No,Low,Informational,No alert,Required,Different predictions from the two models; Low confidence; Similar top-class confidence scores; Overlapping sounds; Unsupported sound pattern,"Python heard Aggression (26%), GTM heard Panic Scream (32%); it was Glass Breaking, so neither model was right. Aggression and Panic Scream are easy to confuse: both are loud, strained human voices; angry shouting and fearful screaming overlap in pitch and loudness. The recording is not uniform: Python's one-second windows heard Animal Sound in 19, Aggression in 18, Glass Breaking in 7. Audio quality was Acceptable (missing audio frames: 1 dropout (0.03 s)). GTM was unsure (top class only 32%). The app sent it to manual review (different predictions from the two models; low confidence; similar top-class confidence scores; overlapping sounds; unsupported sound pattern).",0.2589,0.0208,0.2399,0.0921,0.1919,0.0476,0.0006,0.0034,0.1436,0.0012,0.2710,0.0638,0.1325,0.1425,0.0036,0.0163,0.0140,0.0159,0.3217,0.0187
GLS-00279,GLS-00279.wav,Glass Breaking,0.59,Glass Breaking,1.0000,1.0000,Aggression,0.2648,0.0545,,No,0.7352,Uncertain Result,Good,,Glass Breaking,Yes,Yes,No,Medium,High,Alert generated,Required,Different predictions from the two models; Critical event without sufficient model agreement,"Python heard Glass Breaking (100%), GTM heard Aggression (26%); it was Glass Breaking, so Python was right. GTM learned from the training audio played through the speaker and re-recorded (Stereo Mix), the Python model from the original files, so each relies on different cues. GTM was unsure (top class only 26%). The app raised a High alert for Glass Breaking. The app sent it to manual review (different predictions from the two models; critical event without sufficient model agreement).",0.0000,0.0000,0.0000,0.0000,1.0000,0.0000,0.0000,0.0000,0.0000,0.0000,0.2648,0.0580,0.1681,0.0944,0.0275,0.0218,0.0267,0.0838,0.2103,0.0449
GLS-00280,GLS-00280.wav,Glass Breaking,0.41,Glass Breaking,1.0000,1.0000,Panic Scream,0.4540,0.3138,,No,0.5460,Uncertain Result,Good,,Glass Breaking,Yes,Yes,No,Medium,High,Alert generated,Required,Different predictions from the two models; Critical event without sufficient model agreement,"Python heard Glass Breaking (100%), GTM heard Panic Scream (45%); it was Glass Breaking, so Python was right. GTM learned from the training audio played through the speaker and re-recorded (Stereo Mix), the Python model from the original files, so each relies on different cues. GTM was unsure (top class only 45%). The app raised a High alert for Glass Breaking. The app sent it to manual review (different predictions from the two models; critical event without sufficient model agreement).",0.0000,0.0000,0.0000,0.0000,1.0000,0.0000,0.0000,0.0000,0.0000,0.0000,0.0481,0.1022,0.0577,0.0623,0.0246,0.0215,0.0231,0.0664,0.4540,0.1402
GLS-00281,GLS-00281.wav,Glass Breaking,0.35,Glass Breaking,0.9975,0.9956,Vehicle Horn,0.2880,0.1359,,No,0.7095,Uncertain Result,Good,,Glass Breaking,Yes,Yes,No,Medium,High,Alert generated,Required,Different predictions from the two models; Critical event without sufficient model agreement,"Python heard Glass Breaking (100%), GTM heard Vehicle Horn (29%); it was Glass Breaking, so Python was right. GTM learned from the training audio played through the speaker and re-recorded (Stereo Mix), the Python model from the original files, so each relies on different cues. GTM was unsure (top class only 29%). The app raised a High alert for Glass Breaking. The app sent it to manual review (different predictions from the two models; critical event without sufficient model agreement).",0.0000,0.0004,0.0001,0.0001,0.9975,0.0000,0.0019,0.0000,0.0001,0.0000,0.0290,0.0378,0.0617,0.1521,0.1246,0.0831,0.0212,0.1126,0.0899,0.2880
GLS-00282,GLS-00282.wav,Glass Breaking,4.12,Glass Breaking,0.9990,0.9981,Glass Breaking,0.5350,0.2734,,Yes,0.4639,Weak Match,Good,,Glass Breaking,Yes,Yes,Yes,Medium,High,Alert generated,Not required,,,0.0000,0.0000,0.0000,0.0001,0.9990,0.0009,0.0000,0.0000,0.0000,0.0000,0.0473,0.0109,0.0047,0.0317,0.5350,0.2616,0.0065,0.0810,0.0171,0.0040
GLS-00283,GLS-00283.wav,Glass Breaking,10.46,Glass Breaking,0.7085,0.5209,Glass Breaking,0.5836,0.3634,,Yes,0.1248,Acceptable Match,Good,,Glass Breaking,Yes,Yes,Yes,Medium,High,Alert generated,Required,Overlapping sounds,,0.0001,0.0023,0.0027,0.0277,0.7085,0.1876,0.0517,0.0143,0.0002,0.0050,0.0254,0.0102,0.0281,0.0567,0.5836,0.2203,0.0341,0.0115,0.0100,0.0200
GLS-00284,GLS-00284.wav,Glass Breaking,3.26,Glass Breaking,1.0000,1.0000,Glass Breaking,0.5088,0.3503,,Yes,0.4912,Weak Match,Good,,Glass Breaking,Yes,Yes,Yes,Medium,High,Alert generated,Not required,,,0.0000,0.0000,0.0000,0.0000,1.0000,0.0000,0.0000,0.0000,0.0000,0.0000,0.0219,0.1137,0.0273,0.0663,0.5088,0.0376,0.0326,0.0055,0.1585,0.0277
GLS-00285,GLS-00285.wav,Glass Breaking,0.97,Glass Breaking,0.9244,0.8490,Glass Breaking,0.9095,0.8805,,Yes,0.0149,Acceptable Match,Good,,Glass Breaking,Yes,Yes,Yes,High,High,Alert generated,Not required,,,0.0000,0.0000,0.0000,0.0001,0.9244,0.0000,0.0754,0.0001,0.0000,0.0000,0.0013,0.0066,0.0135,0.0096,0.9095,0.0290,0.0067,0.0035,0.0137,0.0067
GLS-00286,GLS-00286.wav,Glass Breaking,3.44,Glass Breaking,0.6066,0.2413,Glass Breaking,0.1885,0.0342,,Yes,0.4180,Weak Match,Good,,Glass Breaking,Yes,Yes,Yes,Medium,High,Alert generated,Required,Overlapping sounds,,0.0008,0.0004,0.0005,0.0028,0.6066,0.3653,0.0004,0.0002,0.0226,0.0005,0.0668,0.0570,0.0564,0.1543,0.1885,0.0880,0.1172,0.1256,0.1205,0.0256
GLS-00287,GLS-00287.wav,Glass Breaking,0.98,Glass Breaking,0.9897,0.9859,Panic Scream,0.1746,0.0384,,No,0.8151,Uncertain Result,Acceptable,missing audio frames: 1 dropout (0.12 s),Glass Breaking,Yes,Yes,No,Medium,High,Alert generated,Required,Different predictions from the two models; Critical event without sufficient model agreement,"Python heard Glass Breaking (99%), GTM heard Panic Scream (17%); it was Glass Breaking, so Python was right. GTM learned from the training audio played through the speaker and re-recorded (Stereo Mix), the Python model from the original files, so each relies on different cues. Audio quality was Acceptable (missing audio frames: 1 dropout (0.12 s)). GTM was unsure (top class only 17%). The app raised a High alert for Glass Breaking. The app sent it to manual review (different predictions from the two models; critical event without sufficient model agreement).",0.0000,0.0004,0.0001,0.0030,0.9897,0.0038,0.0021,0.0000,0.0004,0.0005,0.1004,0.1051,0.0841,0.0803,0.1139,0.1363,0.1228,0.0455,0.1746,0.0371
GLS-00288,GLS-00288.wav,Glass Breaking,1.68,Glass Breaking,0.9083,0.8502,Glass Breaking,0.7409,0.6660,,Yes,0.1674,Acceptable Match,Poor,missing audio frames: 7 dropouts (0.37 s),Glass Breaking,Yes,Yes,Yes,High,High,Alert generated,Required,Poor audio quality,,0.0002,0.0020,0.0003,0.0581,0.9083,0.0102,0.0112,0.0081,0.0004,0.0012,0.0108,0.0122,0.0005,0.0750,0.7409,0.0311,0.0222,0.0750,0.0246,0.0077
GLS-00289,GLS-00289.wav,Glass Breaking,0.50,Glass Breaking,0.9843,0.9760,Normal Machinery,0.2229,0.0525,,No,0.7615,Uncertain Result,Good,,Glass Breaking,Yes,Yes,No,Medium,High,Alert generated,Required,Different predictions from the two models; Critical event without sufficient model agreement,"Python heard Glass Breaking (98%), GTM heard Normal Machinery (22%); it was Glass Breaking, so Python was right. GTM learned from the training audio played through the speaker and re-recorded (Stereo Mix), the Python model from the original files, so each relies on different cues. GTM was unsure (top class only 22%). The app raised a High alert for Glass Breaking. The app sent it to manual review (different predictions from the two models; critical event without sufficient model agreement).",0.0000,0.0033,0.0000,0.0001,0.9843,0.0083,0.0000,0.0000,0.0002,0.0038,0.0176,0.0160,0.0896,0.1704,0.1567,0.0754,0.1163,0.2229,0.0860,0.0490
GLS-00290,GLS-00290.wav,Glass Breaking,1.40,Glass Breaking,0.8658,0.7748,Glass Breaking,0.4638,0.3117,,Yes,0.4020,Weak Match,Acceptable,missing audio frames: 2 dropouts (0.23 s),Glass Breaking,Yes,Yes,Yes,Medium,High,Alert generated,Not required,,,0.0001,0.0023,0.0002,0.0910,0.8658,0.0363,0.0001,0.0001,0.0006,0.0034,0.0111,0.0880,0.0116,0.0755,0.4638,0.0493,0.1522,0.0369,0.0828,0.0288
GLS-00291,GLS-00291.wav,Glass Breaking,6.35,Gunshot,0.6778,0.4353,Gunshot,0.4288,0.2659,,Yes,0.2490,Weak Match,Good,,Gunshot,No,No,No,Medium,Critical,Alert generated,Not required,,,0.0001,0.0015,0.0048,0.2425,0.0265,0.6778,0.0004,0.0007,0.0001,0.0457,0.0980,0.0146,0.0232,0.1629,0.0250,0.4288,0.0986,0.0888,0.0319,0.0282
GLS-00292,GLS-00292.wav,Glass Breaking,0.86,Glass Breaking,1.0000,1.0000,Background Noise,0.1997,0.0660,,No,0.8003,Uncertain Result,Good,,Glass Breaking,Yes,Yes,No,Medium,High,Alert generated,Required,Different predictions from the two models; Critical event without sufficient model agreement,"Python heard Glass Breaking (100%), GTM heard Background Noise (20%); it was Glass Breaking, so Python was right. Background Noise is involved: a quiet or distant event sinks into the background, and busy background noise can resemble an event. GTM was unsure (top class only 20%). The app raised a High alert for Glass Breaking. The app sent it to manual review (different predictions from the two models; critical event without sufficient model agreement).",0.0000,0.0000,0.0000,0.0000,1.0000,0.0000,0.0000,0.0000,0.0000,0.0000,0.0753,0.0944,0.0962,0.1997,0.0800,0.1337,0.0905,0.1297,0.0863,0.0142
GLS-00293,GLS-00293.wav,Glass Breaking,9.96,Glass Breaking,0.8140,0.6522,Glass Breaking,0.4593,0.1798,,Yes,0.3547,Weak Match,Poor,missing audio frames: 4 dropouts (1.29 s),Glass Breaking,Yes,Yes,Yes,Medium,High,Alert generated,Required,Poor audio quality; Overlapping sounds,,0.0000,0.0029,0.0000,0.0165,0.8140,0.1617,0.0016,0.0009,0.0000,0.0023,0.0621,0.0280,0.0089,0.0298,0.4593,0.2795,0.0358,0.0357,0.0505,0.0104
GLS-00294,GLS-00294.wav,Glass Breaking,3.39,Glass Breaking,1.0000,1.0000,Glass Breaking,0.8046,0.6412,,Yes,0.1954,Acceptable Match,Good,,Glass Breaking,Yes,Yes,Yes,High,High,Alert generated,Not required,,,0.0000,0.0000,0.0000,0.0000,1.0000,0.0000,0.0000,0.0000,0.0000,0.0000,0.0121,0.0006,0.0015,0.0057,0.8046,0.1634,0.0024,0.0013,0.0080,0.0006
GLS-00295,GLS-00295.wav,Glass Breaking,2.07,Glass Breaking,0.9977,0.9955,Background Noise,0.2505,0.0104,,No,0.7472,Uncertain Result,Acceptable,clipping: 0.13% of samples are clipped,Glass Breaking,Yes,Yes,No,Medium,High,Alert generated,Required,Different predictions from the two models; Critical event without sufficient model agreement,"Python heard Glass Breaking (100%), GTM heard Background Noise (25%); it was Glass Breaking, so Python was right. Background Noise is involved: a quiet or distant event sinks into the background, and busy background noise can resemble an event. Audio quality was Acceptable (clipping: 0.13% of samples are clipped). GTM was unsure (top class only 25%). The app raised a High alert for Glass Breaking. The app sent it to manual review (different predictions from the two models; critical event without sufficient model agreement).",0.0000,0.0000,0.0000,0.0000,0.9977,0.0021,0.0000,0.0000,0.0001,0.0000,0.0179,0.0445,0.0849,0.2505,0.2401,0.1118,0.0803,0.0403,0.1197,0.0099
GLS-00296,GLS-00296.wav,Glass Breaking,1.84,Gunshot,0.8737,0.8041,Background Noise,0.2867,0.0241,,No,0.5869,Uncertain Result,Good,,Gunshot,No,No,No,Medium,Critical,Alert generated,Required,Different predictions from the two models; Critical event without sufficient model agreement,"Python heard Gunshot (87%), GTM heard Background Noise (29%); it was Glass Breaking, so neither model was right. Background Noise is involved: a quiet or distant event sinks into the background, and busy background noise can resemble an event. GTM was unsure (top class only 29%). The app raised a Critical alert for Gunshot. The app sent it to manual review (different predictions from the two models; critical event without sufficient model agreement).",0.0003,0.0007,0.0003,0.0523,0.0696,0.8737,0.0001,0.0000,0.0009,0.0020,0.0610,0.0324,0.0168,0.2867,0.1018,0.2626,0.1050,0.0556,0.0637,0.0144
GLS-00297,GLS-00297.wav,Glass Breaking,11.31,Gunshot,0.3965,0.1390,Background Noise,0.2985,0.0906,,No,0.0980,Uncertain Result,Good,,Gunshot,No,No,No,Low,Critical,Not confirmed,Required,Different predictions from the two models; Low confidence; Overlapping sounds; Possible false alarm; Critical event without sufficient model agreement,"Python heard Gunshot (40%), GTM heard Background Noise (30%); it was Glass Breaking, so neither model was right. Background Noise is involved: a quiet or distant event sinks into the background, and busy background noise can resemble an event. The recording is not uniform: Python's one-second windows heard Background Noise in 11, Gunshot in 5, Glass Breaking in 4. GTM was unsure (top class only 30%). The app sent it to manual review (different predictions from the two models; low confidence; overlapping sounds; possible false alarm; critical event without sufficient model agreement).",0.0012,0.0009,0.0964,0.2280,0.2575,0.3965,0.0041,0.0046,0.0028,0.0080,0.2078,0.0622,0.0285,0.2985,0.0343,0.0893,0.0493,0.0848,0.0857,0.0597
GLS-00298,GLS-00298.wav,Glass Breaking,2.81,Glass Breaking,0.9577,0.9372,Glass Breaking,0.4241,0.2665,,Yes,0.5336,Weak Match,Good,,Glass Breaking,Yes,Yes,Yes,Medium,High,Alert generated,Not required,,,0.0000,0.0000,0.0001,0.0205,0.9577,0.0051,0.0006,0.0000,0.0149,0.0009,0.0211,0.0117,0.1576,0.1493,0.4241,0.0759,0.0384,0.0400,0.0291,0.0529
GLS-00299,GLS-00299.wav,Glass Breaking,1.53,Glass Breaking,0.5574,0.1161,Gunshot,0.4204,0.2855,,No,0.1370,Uncertain Result,Good,,Glass Breaking,Yes,Yes,No,Medium,High,Alert generated,Required,Different predictions from the two models; Critical event without sufficient model agreement,"Python heard Glass Breaking (56%), GTM heard Gunshot (42%); it was Glass Breaking, so Python was right. Glass Breaking and Gunshot are easy to confuse: both are short, broadband impulses with a sharp attack. The recording is not uniform: Python's one-second windows heard Glass Breaking in 1, Gunshot in 1. GTM was unsure (top class only 42%). The app raised a High alert for Glass Breaking. The app sent it to manual review (different predictions from the two models; critical event without sufficient model agreement).",0.0000,0.0000,0.0000,0.0001,0.5574,0.4412,0.0000,0.0000,0.0012,0.0000,0.0397,0.0206,0.0206,0.1349,0.0786,0.4204,0.0910,0.0619,0.0911,0.0411
GLS-00300,GLS-00300.wav,Glass Breaking,2.36,Glass Breaking,1.0000,1.0000,Glass Breaking,0.9958,0.9934,,Yes,0.0042,Acceptable Match,Good,,Glass Breaking,Yes,Yes,Yes,High,High,Alert generated,Not required,,,0.0000,0.0000,0.0000,0.0000,1.0000,0.0000,0.0000,0.0000,0.0000,0.0000,0.0000,0.0016,0.0000,0.0024,0.9958,0.0000,0.0000,0.0000,0.0002,0.0000
GUN-00256,GUN-00256.wav,Gunshot,27.61,Gunshot,0.5999,0.3603,Gunshot,0.3024,0.1081,,Yes,0.2975,Weak Match,Good,,Gunshot,Yes,Yes,Yes,Medium,Critical,Alert generated,Not required,,,0.0000,0.0106,0.0003,0.0893,0.2396,0.5999,0.0000,0.0048,0.0001,0.0554,0.1320,0.0403,0.0593,0.1943,0.0729,0.3024,0.0290,0.0480,0.0879,0.0341
GUN-00257,GUN-00257.wav,Gunshot,1.50,Gunshot,1.0000,1.0000,Gunshot,0.5195,0.4291,,Yes,0.4805,Weak Match,Poor,clipping: 4.5% of samples are clipped,Gunshot,Yes,Yes,Yes,Medium,Critical,Alert generated,Required,Poor audio quality,,0.0000,0.0000,0.0000,0.0000,0.0000,1.0000,0.0000,0.0000,0.0000,0.0000,0.0573,0.0231,0.0904,0.0674,0.0382,0.5195,0.0366,0.0462,0.0684,0.0529
GUN-00258,GUN-00258.wav,Gunshot,2.12,Gunshot,1.0000,1.0000,Gunshot,0.4183,0.3011,,Yes,0.5817,Weak Match,Poor,clipping: 3.3% of samples are clipped,Gunshot,Yes,Yes,Yes,Medium,Critical,Alert generated,Required,Poor audio quality,,0.0000,0.0000,0.0000,0.0000,0.0000,1.0000,0.0000,0.0000,0.0000,0.0000,0.0887,0.0294,0.1172,0.1147,0.0207,0.4183,0.0288,0.0760,0.0632,0.0430
GUN-00259,GUN-00259.wav,Gunshot,1.32,Gunshot,0.9619,0.9238,Gunshot,0.4216,0.2167,,Yes,0.5403,Weak Match,Good,,Gunshot,Yes,Yes,Yes,Medium,Critical,Alert generated,Not required,,,0.0000,0.0000,0.0000,0.0000,0.0381,0.9619,0.0000,0.0000,0.0000,0.0000,0.0903,0.0154,0.0555,0.2049,0.0225,0.4216,0.0231,0.0186,0.0405,0.1076
GUN-00260,GUN-00260.wav,Gunshot,0.80,Gunshot,1.0000,1.0000,Gunshot,0.2033,0.0313,,Yes,0.7967,Weak Match,Poor,clipping: 5.0% of samples are clipped,Gunshot,Yes,Yes,Yes,Medium,Critical,Alert generated,Required,Poor audio quality,,0.0000,0.0000,0.0000,0.0000,0.0000,1.0000,0.0000,0.0000,0.0000,0.0000,0.1423,0.0688,0.1720,0.1050,0.0459,0.2033,0.0290,0.0693,0.1209,0.0436
GUN-00261,GUN-00261.wav,Gunshot,6.53,Gunshot,0.9265,0.8534,Gunshot,0.4396,0.1973,,Yes,0.4868,Weak Match,Poor,missing audio frames: 3 dropouts (0.40 s),Gunshot,Yes,Yes,Yes,Medium,Critical,Alert generated,Required,Poor audio quality; Overlapping sounds,,0.0000,0.0000,0.0000,0.0002,0.0731,0.9265,0.0000,0.0000,0.0002,0.0000,0.0597,0.0268,0.0223,0.0410,0.2423,0.4396,0.0546,0.0590,0.0298,0.0250
GUN-00262,GUN-00262.wav,Gunshot,0.89,Gunshot,0.9735,0.9537,Background Noise,0.3123,0.1629,,No,0.6611,Uncertain Result,Good,,Gunshot,Yes,Yes,No,Medium,Critical,Alert generated,Required,Different predictions from the two models; Critical event without sufficient model agreement,"Python heard Gunshot (97%), GTM heard Background Noise (31%); it was Gunshot, so Python was right. Background Noise is involved: a quiet or distant event sinks into the background, and busy background noise can resemble an event. GTM was unsure (top class only 31%). The app raised a Critical alert for Gunshot. The app sent it to manual review (different predictions from the two models; critical event without sufficient model agreement).",0.0001,0.0005,0.0002,0.0036,0.0198,0.9735,0.0000,0.0001,0.0006,0.0017,0.1495,0.0418,0.1200,0.3123,0.0333,0.1028,0.0810,0.0721,0.0708,0.0164
GUN-00263,GUN-00263.wav,Gunshot,0.93,Gunshot,0.9458,0.9185,Background Noise,0.3269,0.0894,,No,0.6190,Uncertain Result,Good,,Gunshot,Yes,Yes,No,Medium,Critical,Alert generated,Required,Different predictions from the two models; Critical event without sufficient model agreement,"Python heard Gunshot (95%), GTM heard Background Noise (33%); it was Gunshot, so Python was right. Background Noise is involved: a quiet or distant event sinks into the background, and busy background noise can resemble an event. GTM was unsure (top class only 33%). The app raised a Critical alert for Gunshot. The app sent it to manual review (different predictions from the two models; critical event without sufficient model agreement).",0.0023,0.0010,0.0041,0.0085,0.0102,0.9458,0.0000,0.0001,0.0274,0.0005,0.2375,0.0269,0.0345,0.3269,0.0136,0.0425,0.1046,0.1040,0.0815,0.0281
GUN-00264,GUN-00264.wav,Gunshot,2.12,Gunshot,0.9162,0.8474,Gunshot,0.5615,0.4382,,Yes,0.3547,Weak Match,Acceptable,clipping: 0.32% of samples are clipped,Gunshot,Yes,Yes,Yes,Medium,Critical,Alert generated,Not required,,,0.0000,0.0009,0.0005,0.0688,0.0028,0.9162,0.0000,0.0000,0.0000,0.0108,0.0372,0.0297,0.1233,0.0636,0.0679,0.5615,0.0180,0.0311,0.0515,0.0162
GUN-00265,GUN-00265.wav,Gunshot,2.56,Gunshot,0.5787,0.1665,Background Noise,0.2259,0.0846,,No,0.3528,Uncertain Result,Good,,Gunshot,Yes,Yes,No,Medium,Critical,Alert generated,Required,Different predictions from the two models; Critical event without sufficient model agreement,"Python heard Gunshot (58%), GTM heard Background Noise (23%); it was Gunshot, so Python was right. Background Noise is involved: a quiet or distant event sinks into the background, and busy background noise can resemble an event. The recording is not uniform: Python's one-second windows heard Gunshot in 2, Background Noise in 2. GTM was unsure (top class only 23%). The app raised a Critical alert for Gunshot. The app sent it to manual review (different predictions from the two models; critical event without sufficient model agreement).",0.0000,0.0005,0.0004,0.4122,0.0017,0.5787,0.0000,0.0000,0.0001,0.0065,0.1413,0.1162,0.1003,0.2259,0.0208,0.1090,0.0820,0.0523,0.0232,0.1290
GUN-00266,GUN-00266.wav,Gunshot,1.61,Gunshot,0.8348,0.6706,Machinery Fault,0.5119,0.3438,,No,0.3229,Model Disagreement,Good,,Gunshot,Yes,Yes,No,Medium,Critical,Alert generated,Required,Different predictions from the two models; Overlapping sounds; Critical event without sufficient model agreement,"Python heard Gunshot (83%), GTM heard Machinery Fault (51%); it was Gunshot, so Python was right. Gunshot and Machinery Fault are easy to confuse: impacts and knocks from machines are impulsive like shots. The app raised a Critical alert for Gunshot. The app sent it to manual review (different predictions from the two models; overlapping sounds; critical event without sufficient model agreement).",0.0000,0.1642,0.0000,0.0000,0.0003,0.8348,0.0000,0.0000,0.0000,0.0007,0.0761,0.0064,0.0054,0.0668,0.1681,0.0658,0.5119,0.0339,0.0228,0.0428
GUN-00267,GUN-00267.wav,Gunshot,0.71,Gunshot,0.9135,0.8381,Animal Sound,0.3925,0.1833,,No,0.5209,Uncertain Result,Poor,clipping: 1.7% of samples are clipped,Gunshot,Yes,Yes,No,Medium,Critical,Alert generated,Required,Different predictions from the two models; Poor audio quality; Critical event without sufficient model agreement,"Python heard Gunshot (91%), GTM heard Animal Sound (39%); it was Gunshot, so Python was right. GTM learned from the training audio played through the speaker and re-recorded (Stereo Mix), the Python model from the original files, so each relies on different cues. Audio quality was Poor (clipping: 1.7% of samples are clipped). GTM was unsure (top class only 39%). The app raised a Critical alert for Gunshot. The app sent it to manual review (different predictions from the two models; poor audio quality; critical event without sufficient model agreement).",0.0010,0.0032,0.0004,0.0025,0.0753,0.9135,0.0004,0.0002,0.0013,0.0022,0.0652,0.0626,0.3925,0.0496,0.0153,0.2092,0.0482,0.0458,0.0808,0.0307
GUN-00268,GUN-00268.wav,Gunshot,2.25,Gunshot,0.8586,0.7173,Gunshot,0.6483,0.3510,,Yes,0.2104,Acceptable Match,Poor,clipping: 2.7% of samples are clipped,Gunshot,Yes,Yes,Yes,High,Critical,Alert generated,Required,Poor audio quality; Overlapping sounds,,0.0000,0.1414,0.0000,0.0000,0.0000,0.8586,0.0000,0.0000,0.0000,0.0000,0.0181,0.0024,0.0045,0.0235,0.0016,0.6483,0.0031,0.0012,0.2973,0.0001
GUN-00269,GUN-00269.wav,Gunshot,2.91,Gunshot,0.9942,0.9892,Gunshot,0.7184,0.4740,,Yes,0.2757,Acceptable Match,Good,,Gunshot,Yes,Yes,Yes,High,Critical,Alert generated,Not required,,,0.0001,0.0000,0.0000,0.0050,0.0002,0.9942,0.0000,0.0000,0.0004,0.0000,0.0054,0.0165,0.0009,0.0100,0.2444,0.7184,0.0026,0.0010,0.0002,0.0005
GUN-00270,GUN-00270.wav,Gunshot,2.02,Gunshot,0.9999,0.9998,Gunshot,0.6006,0.5090,,Yes,0.3993,Weak Match,Good,,Gunshot,Yes,Yes,Yes,Medium,Critical,Alert generated,Not required,,,0.0000,0.0000,0.0000,0.0000,0.0001,0.9999,0.0000,0.0000,0.0000,0.0000,0.0206,0.0164,0.0640,0.0742,0.0337,0.6006,0.0364,0.0917,0.0160,0.0464
GUN-00271,GUN-00271.wav,Gunshot,1.17,Gunshot,0.9983,0.9967,Gunshot,0.3752,0.1670,,Yes,0.6231,Weak Match,Poor,clipping: 4.3% of samples are clipped,Gunshot,Yes,Yes,Yes,Medium,Critical,Alert generated,Required,Poor audio quality,,0.0000,0.0000,0.0000,0.0000,0.0016,0.9983,0.0000,0.0000,0.0000,0.0000,0.0489,0.0112,0.0309,0.0402,0.0993,0.3752,0.1277,0.2083,0.0363,0.0220
GUN-00272,GUN-00272.wav,Gunshot,3.70,Gunshot,0.9995,0.9992,Gunshot,0.4458,0.3242,,Yes,0.5537,Weak Match,Good,,Gunshot,Yes,Yes,Yes,Medium,Critical,Alert generated,Not required,,,0.0000,0.0000,0.0000,0.0003,0.0001,0.9995,0.0000,0.0000,0.0001,0.0000,0.1106,0.0159,0.0185,0.1216,0.0880,0.4458,0.0358,0.0568,0.0849,0.0220
GUN-00273,GUN-00273.wav,Gunshot,7.19,Gunshot,0.9998,0.9997,Gunshot,0.5235,0.4107,,Yes,0.4763,Weak Match,Good,,Gunshot,Yes,Yes,Yes,Medium,Critical,Alert generated,Not required,,,0.0000,0.0000,0.0000,0.0001,0.0001,0.9998,0.0000,0.0000,0.0000,0.0000,0.0578,0.0442,0.1128,0.0312,0.0440,0.5235,0.0234,0.0668,0.0665,0.0297
GUN-00274,GUN-00274.wav,Gunshot,1.00,Gunshot,0.9981,0.9973,Gunshot,0.2024,0.0119,,Yes,0.7957,Weak Match,Good,,Gunshot,Yes,Yes,Yes,Medium,Critical,Alert generated,Not required,,,0.0001,0.0002,0.0000,0.0009,0.0003,0.9981,0.0000,0.0000,0.0003,0.0001,0.1906,0.0499,0.0865,0.1113,0.0715,0.2024,0.0418,0.0538,0.1549,0.0371
GUN-00275,GUN-00275.wav,Gunshot,3.27,Gunshot,1.0000,1.0000,Gunshot,0.3559,0.1673,,Yes,0.6441,Weak Match,Poor,clipping: 1.4% of samples are clipped,Gunshot,Yes,Yes,Yes,Medium,Critical,Alert generated,Required,Poor audio quality,,0.0000,0.0000,0.0000,0.0000,0.0000,1.0000,0.0000,0.0000,0.0000,0.0000,0.1743,0.0535,0.1886,0.1073,0.0141,0.3559,0.0075,0.0172,0.0682,0.0135
GUN-00276,GUN-00276.wav,Gunshot,0.72,Gunshot,0.9978,0.9960,Gunshot,0.2828,0.0982,,Yes,0.7150,Weak Match,Good,,Gunshot,Yes,Yes,Yes,Medium,Critical,Alert generated,Not required,,,0.0000,0.0003,0.0000,0.0000,0.0018,0.9978,0.0000,0.0000,0.0001,0.0000,0.1846,0.0379,0.0668,0.0693,0.0629,0.2828,0.0336,0.0465,0.1790,0.0366
GUN-00277,GUN-00277.wav,Gunshot,1.36,Gunshot,1.0000,1.0000,Gunshot,0.2191,0.0311,,Yes,0.7809,Weak Match,Acceptable,clipping: 0.38% of samples are clipped,Gunshot,Yes,Yes,Yes,Medium,Critical,Alert generated,Not required,,,0.0000,0.0000,0.0000,0.0000,0.0000,1.0000,0.0000,0.0000,0.0000,0.0000,0.1211,0.0385,0.1527,0.1602,0.0384,0.2191,0.0209,0.0458,0.1880,0.0152
GUN-00278,GUN-00278.wav,Gunshot,2.41,Gunshot,1.0000,1.0000,Gunshot,0.3842,0.1238,,Yes,0.6158,Weak Match,Good,,Gunshot,Yes,Yes,Yes,Medium,Critical,Alert generated,Not required,,,0.0000,0.0000,0.0000,0.0000,0.0000,1.0000,0.0000,0.0000,0.0000,0.0000,0.0413,0.0554,0.0809,0.2605,0.0103,0.3842,0.0593,0.0367,0.0114,0.0600
GUN-00279,GUN-00279.wav,Gunshot,3.20,Gunshot,0.9758,0.9520,Background Noise,0.3060,0.0608,,No,0.6698,Uncertain Result,Good,,Gunshot,Yes,Yes,No,Medium,Critical,Alert generated,Required,Different predictions from the two models; Critical event without sufficient model agreement,"Python heard Gunshot (98%), GTM heard Background Noise (31%); it was Gunshot, so Python was right. Background Noise is involved: a quiet or distant event sinks into the background, and busy background noise can resemble an event. GTM was unsure (top class only 31%). The app raised a Critical alert for Gunshot. The app sent it to manual review (different predictions from the two models; critical event without sufficient model agreement).",0.0000,0.0001,0.0000,0.0237,0.0000,0.9758,0.0000,0.0000,0.0000,0.0004,0.0645,0.0693,0.0969,0.3060,0.0258,0.2452,0.0448,0.0682,0.0159,0.0635
GUN-00280,GUN-00280.wav,Gunshot,0.64,Gunshot,1.0000,0.9999,Gunshot,0.7596,0.6491,,Yes,0.2403,Acceptable Match,Good,,Gunshot,Yes,Yes,Yes,High,Critical,Alert generated,Not required,,,0.0000,0.0000,0.0000,0.0000,0.0000,1.0000,0.0000,0.0000,0.0000,0.0000,0.0066,0.0134,0.0253,0.0500,0.1105,0.7596,0.0228,0.0060,0.0015,0.0044
GUN-00281,GUN-00281.wav,Gunshot,0.88,Gunshot,1.0000,0.9999,Background Noise,0.7050,0.5954,,No,0.2949,Model Disagreement,Good,,Gunshot,Yes,Yes,No,Medium,Critical,Alert generated,Required,Different predictions from the two models; Critical event without sufficient model agreement,"Python heard Gunshot (100%), GTM heard Background Noise (71%); it was Gunshot, so Python was right. Background Noise is involved: a quiet or distant event sinks into the background, and busy background noise can resemble an event. The app raised a Critical alert for Gunshot. The app sent it to manual review (different predictions from the two models; critical event without sufficient model agreement).",0.0000,0.0000,0.0000,0.0001,0.0000,1.0000,0.0000,0.0000,0.0000,0.0000,0.0458,0.0033,0.0075,0.7050,0.0065,0.0987,0.0191,0.1096,0.0038,0.0007
GUN-00282,GUN-00282.wav,Gunshot,0.48,Gunshot,0.9999,0.9998,Animal Sound,0.1985,0.0062,,No,0.8014,Uncertain Result,Good,,Gunshot,Yes,Yes,No,Medium,Critical,Alert generated,Required,Different predictions from the two models; Critical event without sufficient model agreement,"Python heard Gunshot (100%), GTM heard Animal Sound (20%); it was Gunshot, so Python was right. GTM learned from the training audio played through the speaker and re-recorded (Stereo Mix), the Python model from the original files, so each relies on different cues. GTM was unsure (top class only 20%). The app raised a Critical alert for Gunshot. The app sent it to manual review (different predictions from the two models; critical event without sufficient model agreement).",0.0000,0.0000,0.0000,0.0000,0.0001,0.9999,0.0000,0.0000,0.0000,0.0000,0.0557,0.0687,0.1985,0.1923,0.0367,0.1450,0.0228,0.1337,0.0910,0.0558
GUN-00283,GUN-00283.wav,Gunshot,1.46,Panic Scream,0.5471,0.1294,Animal Sound,0.4005,0.2080,,No,0.1466,Uncertain Result,Good,,Panic Scream,No,No,No,Medium,Critical,Alert generated,Required,Different predictions from the two models; Overlapping sounds; Critical event without sufficient model agreement,"Python heard Panic Scream (55%), GTM heard Animal Sound (40%); it was Gunshot, so neither model was right. Panic Scream and Animal Sound are easy to confuse: animal calls such as screeches share pitch and loudness with screams. GTM was unsure (top class only 40%). The app raised a Critical alert for Panic Scream. The app sent it to manual review (different predictions from the two models; overlapping sounds; critical event without sufficient model agreement).",0.0077,0.0061,0.0124,0.0007,0.0080,0.4177,0.0003,0.0001,0.5471,0.0001,0.0929,0.1172,0.4005,0.1075,0.0172,0.1925,0.0072,0.0075,0.0371,0.0203
GUN-00284,GUN-00284.wav,Gunshot,2.47,Gunshot,0.9701,0.9557,Gunshot,0.2809,0.0841,,Yes,0.6892,Weak Match,Good,,Gunshot,Yes,Yes,Yes,Medium,Critical,Alert generated,Not required,,,0.0003,0.0012,0.0036,0.0144,0.0020,0.9701,0.0000,0.0000,0.0008,0.0075,0.1100,0.0301,0.1968,0.0634,0.0078,0.2809,0.0598,0.0240,0.1812,0.0460
GUN-00285,GUN-00285.wav,Gunshot,1.70,Gunshot,1.0000,1.0000,Gunshot,0.4075,0.2525,,Yes,0.5925,Weak Match,Good,,Gunshot,Yes,Yes,Yes,Medium,Critical,Alert generated,Not required,,,0.0000,0.0000,0.0000,0.0000,0.0000,1.0000,0.0000,0.0000,0.0000,0.0000,0.0210,0.0197,0.0457,0.0932,0.0226,0.4075,0.1164,0.1550,0.0440,0.0751
GUN-00286,GUN-00286.wav,Gunshot,1.06,Gunshot,0.9994,0.9989,Background Noise,0.4732,0.2772,,No,0.5262,Uncertain Result,Good,,Gunshot,Yes,Yes,No,Medium,Critical,Alert generated,Required,Different predictions from the two models; Critical event without sufficient model agreement,"Python heard Gunshot (100%), GTM heard Background Noise (47%); it was Gunshot, so Python was right. Background Noise is involved: a quiet or distant event sinks into the background, and busy background noise can resemble an event. GTM was unsure (top class only 47%). The app raised a Critical alert for Gunshot. The app sent it to manual review (different predictions from the two models; critical event without sufficient model agreement).",0.0000,0.0000,0.0000,0.0005,0.0000,0.9994,0.0000,0.0000,0.0000,0.0001,0.1960,0.0057,0.0032,0.4732,0.0122,0.1684,0.0475,0.0361,0.0355,0.0224
GUN-00287,GUN-00287.wav,Gunshot,7.66,Gunshot,0.9974,0.9952,Gunshot,0.8469,0.8000,,Yes,0.1504,Acceptable Match,Acceptable,clipping: 0.18% of samples are clipped,Gunshot,Yes,Yes,Yes,High,Critical,Alert generated,Not required,,,0.0001,0.0001,0.0000,0.0022,0.0000,0.9974,0.0000,0.0000,0.0001,0.0000,0.0218,0.0031,0.0080,0.0377,0.0470,0.8469,0.0116,0.0120,0.0101,0.0018
GUN-00288,GUN-00288.wav,Gunshot,9.00,Gunshot,0.9325,0.8679,Glass Breaking,0.3445,0.0524,,No,0.5880,Uncertain Result,Good,,Gunshot,Yes,Yes,No,Medium,Critical,Alert generated,Required,Different predictions from the two models; Critical event without sufficient model agreement,"Python heard Gunshot (93%), GTM heard Glass Breaking (34%); it was Gunshot, so Python was right. Gunshot and Glass Breaking are easy to confuse: both are short, broadband impulses with a sharp attack. GTM was unsure (top class only 34%). The app raised a Critical alert for Gunshot. The app sent it to manual review (different predictions from the two models; critical event without sufficient model agreement).",0.0000,0.0001,0.0000,0.0005,0.0646,0.9325,0.0000,0.0003,0.0019,0.0001,0.0372,0.0229,0.0137,0.1320,0.3445,0.2921,0.0683,0.0566,0.0234,0.0092
GUN-00289,GUN-00289.wav,Gunshot,3.97,Gunshot,0.6109,0.4009,Gunshot,0.3088,0.0186,,Yes,0.3021,Weak Match,Acceptable,missing audio frames: 1 dropout (0.26 s),Gunshot,Yes,Yes,Yes,Medium,Critical,Alert generated,Required,Overlapping sounds,,0.0001,0.0004,0.0013,0.1162,0.2100,0.6109,0.0000,0.0000,0.0002,0.0610,0.0999,0.0182,0.0292,0.2902,0.0498,0.3088,0.0259,0.0163,0.1375,0.0241
GUN-00290,GUN-00290.wav,Gunshot,3.63,Machinery Fault,0.4755,0.1510,Glass Breaking,0.7311,0.4984,,No,0.2556,Uncertain Result,Poor,silence: 97% of the recording is silent,Machinery Fault,No,No,No,Low,High,Not confirmed,Required,Different predictions from the two models; Low confidence; Poor audio quality; Possible false alarm,"Python heard Machinery Fault (48%), GTM heard Glass Breaking (73%); it was Gunshot, so neither model was right. GTM learned from the training audio played through the speaker and re-recorded (Stereo Mix), the Python model from the original files, so each relies on different cues. Audio quality was Poor (silence: 97% of the recording is silent). The app sent it to manual review (different predictions from the two models; low confidence; poor audio quality; possible false alarm).",0.0004,0.0015,0.0013,0.0080,0.1638,0.0214,0.4755,0.3244,0.0002,0.0033,0.0002,0.0011,0.0000,0.0001,0.7311,0.2327,0.0192,0.0153,0.0000,0.0003
GUN-00291,GUN-00291.wav,Gunshot,1.39,Gunshot,1.0000,0.9999,Gunshot,0.4318,0.3468,,Yes,0.5681,Weak Match,Acceptable,clipping: 0.97% of samples are clipped,Gunshot,Yes,Yes,Yes,Medium,Critical,Alert generated,Not required,,,0.0000,0.0000,0.0000,0.0000,0.0000,1.0000,0.0000,0.0000,0.0000,0.0000,0.0850,0.0252,0.0746,0.0677,0.0761,0.4318,0.0616,0.0540,0.0824,0.0416
GUN-00292,GUN-00292.wav,Gunshot,10.00,Gunshot,0.9949,0.9908,Animal Sound,0.3332,0.0927,,No,0.6616,Uncertain Result,Good,,Gunshot,Yes,Yes,No,Medium,Critical,Alert generated,Required,Different predictions from the two models; Critical event without sufficient model agreement,"Python heard Gunshot (99%), GTM heard Animal Sound (33%); it was Gunshot, so Python was right. GTM learned from the training audio played through the speaker and re-recorded (Stereo Mix), the Python model from the original files, so each relies on different cues. GTM was unsure (top class only 33%). The app raised a Critical alert for Gunshot. The app sent it to manual review (different predictions from the two models; critical event without sufficient model agreement).",0.0001,0.0000,0.0000,0.0000,0.0010,0.9949,0.0000,0.0000,0.0041,0.0000,0.0954,0.0157,0.3332,0.1566,0.0040,0.2405,0.0212,0.0096,0.1096,0.0144
GUN-00293,GUN-00293.wav,Gunshot,3.31,Gunshot,0.9930,0.9863,Background Noise,0.2197,0.0292,,No,0.7733,Uncertain Result,Good,,Gunshot,Yes,Yes,No,Medium,Critical,Alert generated,Required,Different predictions from the two models; Critical event without sufficient model agreement,"Python heard Gunshot (99%), GTM heard Background Noise (22%); it was Gunshot, so Python was right. Background Noise is involved: a quiet or distant event sinks into the background, and busy background noise can resemble an event. GTM was unsure (top class only 22%). The app raised a Critical alert for Gunshot. The app sent it to manual review (different predictions from the two models; critical event without sufficient model agreement).",0.0000,0.0001,0.0000,0.0000,0.0067,0.9930,0.0000,0.0000,0.0001,0.0000,0.1464,0.0561,0.0526,0.2197,0.0758,0.1904,0.0795,0.0786,0.0720,0.0288
GUN-00294,GUN-00294.wav,Gunshot,1.50,Gunshot,1.0000,1.0000,Gunshot,0.2205,0.0346,,Yes,0.7795,Weak Match,Poor,clipping: 1.0% of samples are clipped,Gunshot,Yes,Yes,Yes,Medium,Critical,Alert generated,Required,Poor audio quality,,0.0000,0.0000,0.0000,0.0000,0.0000,1.0000,0.0000,0.0000,0.0000,0.0000,0.1859,0.0251,0.1385,0.1593,0.0320,0.2205,0.0400,0.0601,0.1204,0.0183
GUN-00295,GUN-00295.wav,Gunshot,2.52,Gunshot,0.7583,0.6479,Alarm or Siren,0.3741,0.1859,,No,0.3842,Uncertain Result,Good,,Gunshot,Yes,Yes,No,Medium,Critical,Alert generated,Required,Different predictions from the two models; Overlapping sounds; Critical event without sufficient model agreement,"Python heard Gunshot (76%), GTM heard Alarm or Siren (37%); it was Gunshot, so Python was right. GTM learned from the training audio played through the speaker and re-recorded (Stereo Mix), the Python model from the original files, so each relies on different cues. The recording is not uniform: Python's one-second windows heard Gunshot in 3, Background Noise in 1. GTM was unsure (top class only 37%). The app raised a Critical alert for Gunshot. The app sent it to manual review (different predictions from the two models; overlapping sounds; critical event without sufficient model agreement).",0.0001,0.0084,0.0556,0.1104,0.0002,0.7583,0.0000,0.0000,0.0083,0.0588,0.1553,0.3741,0.1039,0.0845,0.0139,0.1882,0.0153,0.0248,0.0154,0.0245
GUN-00296,GUN-00296.wav,Gunshot,0.72,Gunshot,0.9271,0.8549,Gunshot,0.2168,0.0978,,Yes,0.7103,Weak Match,Good,,Gunshot,Yes,Yes,Yes,Medium,Critical,Alert generated,Not required,,,0.0000,0.0001,0.0000,0.0002,0.0723,0.9271,0.0000,0.0001,0.0001,0.0001,0.1190,0.0839,0.0927,0.0545,0.1130,0.2168,0.0562,0.0680,0.0982,0.0977
GUN-00297,GUN-00297.wav,Gunshot,2.35,Gunshot,0.8261,0.6795,Gunshot,0.2880,0.1391,,Yes,0.5381,Weak Match,Good,,Gunshot,Yes,Yes,Yes,Medium,Critical,Alert generated,Not required,,,0.0001,0.0006,0.0007,0.1466,0.0002,0.8261,0.0000,0.0000,0.0001,0.0255,0.0900,0.0868,0.1489,0.1369,0.0047,0.2880,0.0880,0.0412,0.0108,0.1047
GUN-00298,GUN-00298.wav,Gunshot,0.82,Gunshot,0.9997,0.9994,Gunshot,0.2636,0.0907,,Yes,0.7361,Weak Match,Poor,clipping: 2.3% of samples are clipped,Gunshot,Yes,Yes,Yes,Medium,Critical,Alert generated,Required,Poor audio quality,,0.0000,0.0000,0.0000,0.0000,0.0003,0.9997,0.0000,0.0000,0.0000,0.0000,0.0434,0.0572,0.1034,0.0517,0.1729,0.2636,0.0644,0.0812,0.0771,0.0852
GUN-00299,GUN-00299.wav,Gunshot,0.34,Gunshot,0.9959,0.9924,Gunshot,0.1925,0.0006,,Yes,0.8033,Weak Match,Poor,clipping: 7.4% of samples are clipped,Gunshot,Yes,Yes,Yes,Medium,Critical,Alert generated,Required,Poor audio quality,,0.0000,0.0000,0.0001,0.0003,0.0034,0.9959,0.0000,0.0000,0.0001,0.0001,0.0264,0.0589,0.1919,0.1455,0.0548,0.1925,0.0417,0.0602,0.1749,0.0531
GUN-00300,GUN-00300.wav,Gunshot,1.77,Gunshot,0.9849,0.9786,Gunshot,0.3524,0.1429,,Yes,0.6325,Weak Match,Good,,Gunshot,Yes,Yes,Yes,Medium,Critical,Alert generated,Not required,,,0.0001,0.0005,0.0002,0.0034,0.0031,0.9849,0.0000,0.0000,0.0015,0.0063,0.0709,0.0794,0.0792,0.1420,0.0080,0.3524,0.0147,0.0055,0.2095,0.0385
MCH-00256,MCH-00256.wav,Machinery Fault,10.00,Machinery Fault,0.4359,0.1584,Background Noise,0.5777,0.4254,,No,0.1418,Uncertain Result,Acceptable,low signal strength: active level -51 dBFS; excessive noise: little contrast above the noise (range 2 dB),Machinery Fault,Yes,Yes,No,Low,High,Not confirmed,Required,Different predictions from the two models; Low confidence; Possible false alarm,,0.0003,0.0014,0.0002,0.2774,0.0008,0.0082,0.4359,0.2753,0.0001,0.0005,0.1523,0.0018,0.0010,0.5777,0.0027,0.0680,0.0461,0.1215,0.0207,0.0083
MCH-00257,MCH-00257.wav,Machinery Fault,10.00,Machinery Fault,0.4988,0.1513,Machinery Fault,0.2842,0.0277,,Yes,0.2146,Weak Match,Acceptable,low signal strength: active level -51 dBFS,Machinery Fault,Yes,Yes,Yes,Low,High,Not confirmed,Required,Low confidence; Possible false alarm,,0.0000,0.0002,0.0008,0.1335,0.0024,0.0017,0.4988,0.3475,0.0001,0.0151,0.0231,0.0108,0.0060,0.1500,0.0062,0.2074,0.2842,0.2565,0.0093,0.0464
MCH-00258,MCH-00258.wav,Machinery Fault,10.00,Machinery Fault,0.5916,0.2136,Machinery Fault,0.3479,0.1237,,Yes,0.2437,Weak Match,Acceptable,low signal strength: active level -50 dBFS,Machinery Fault,Yes,Yes,Yes,Medium,High,Alert generated,Not required,,,0.0000,0.0006,0.0002,0.0077,0.0095,0.0003,0.5916,0.3780,0.0000,0.0120,0.0330,0.0546,0.0269,0.1408,0.0083,0.0989,0.3479,0.2242,0.0071,0.0584
MCH-00259,MCH-00259.wav,Machinery Fault,10.00,Machinery Fault,0.7185,0.4566,Machinery Fault,0.4838,0.2720,,Yes,0.2347,Weak Match,Acceptable,low signal strength: active level -51 dBFS,Machinery Fault,Yes,Yes,Yes,Medium,High,Alert generated,Not required,,,0.0004,0.0092,0.0003,0.0012,0.0001,0.0020,0.7185,0.2618,0.0003,0.0061,0.0813,0.2117,0.0583,0.0541,0.0004,0.0048,0.4838,0.0413,0.0585,0.0058
MCH-00260,MCH-00260.wav,Machinery Fault,10.00,Machinery Fault,0.6475,0.3562,Normal Machinery,0.2416,0.0105,,No,0.4059,Uncertain Result,Acceptable,low signal strength: active level -50 dBFS,Machinery Fault,Yes,Yes,No,Medium,High,Alert generated,Required,Different predictions from the two models,"Python heard Machinery Fault (65%), GTM heard Normal Machinery (24%); it was Machinery Fault, so Python was right. Machinery Fault and Normal Machinery are easy to confuse: they come from the same kinds of machines; a fault differs only by subtle rhythmic or tonal changes. The recording is not uniform: Python's one-second windows heard Machinery Fault in 12, Normal Machinery in 7. Audio quality was Acceptable (low signal strength: active level -50 dBFS). GTM was unsure (top class only 24%). The app raised a High alert for Machinery Fault. The app sent it to manual review (different predictions from the two models).",0.0001,0.0004,0.0014,0.0149,0.0001,0.0002,0.6475,0.2914,0.0000,0.0440,0.0643,0.0288,0.0216,0.1934,0.0035,0.1550,0.2312,0.2416,0.0113,0.0492
MCH-00261,MCH-00261.wav,Machinery Fault,10.00,Machinery Fault,0.6312,0.3289,Machinery Fault,0.4707,0.3130,,Yes,0.1605,Weak Match,Acceptable,low signal strength: active level -50 dBFS,Machinery Fault,Yes,Yes,Yes,Medium,High,Alert generated,Not required,,,0.0000,0.0004,0.0003,0.0366,0.0002,0.0001,0.6312,0.3023,0.0000,0.0288,0.0262,0.0541,0.0379,0.1577,0.0004,0.0523,0.4707,0.1453,0.0058,0.0495
MCH-00262,MCH-00262.wav,Machinery Fault,10.00,Machinery Fault,0.9067,0.8215,Machinery Fault,0.4873,0.3760,,Yes,0.4195,Weak Match,Acceptable,low signal strength: active level -50 dBFS,Machinery Fault,Yes,Yes,Yes,Medium,High,Alert generated,Not required,,,0.0000,0.0013,0.0004,0.0044,0.0001,0.0002,0.9067,0.0852,0.0003,0.0014,0.0728,0.1113,0.0411,0.0504,0.0149,0.0317,0.4873,0.0969,0.0421,0.0514
MCH-00263,MCH-00263.wav,Machinery Fault,10.00,Machinery Fault,0.6750,0.4685,Machinery Fault,0.5885,0.4227,,Yes,0.0865,Acceptable Match,Acceptable,low signal strength: active level -50 dBFS,Machinery Fault,Yes,Yes,Yes,Medium,High,Alert generated,Required,Overlapping sounds,,0.0000,0.0001,0.0012,0.0184,0.0657,0.0089,0.6750,0.2065,0.0000,0.0242,0.0137,0.0144,0.0101,0.0803,0.0045,0.1659,0.5885,0.0961,0.0050,0.0215
MCH-00264,MCH-00264.wav,Machinery Fault,10.00,Machinery Fault,0.8418,0.7534,Normal Machinery,0.3222,0.0937,,No,0.5196,Uncertain Result,Acceptable,low signal strength: active level -50 dBFS,Machinery Fault,Yes,Yes,No,Medium,High,Alert generated,Required,Different predictions from the two models,"Python heard Machinery Fault (84%), GTM heard Normal Machinery (32%); it was Machinery Fault, so Python was right. Machinery Fault and Normal Machinery are easy to confuse: they come from the same kinds of machines; a fault differs only by subtle rhythmic or tonal changes. Audio quality was Acceptable (low signal strength: active level -50 dBFS). GTM was unsure (top class only 32%). The app raised a High alert for Machinery Fault. The app sent it to manual review (different predictions from the two models).",0.0001,0.0445,0.0000,0.0006,0.0016,0.0001,0.8418,0.0884,0.0014,0.0215,0.1374,0.0344,0.0351,0.0898,0.0014,0.0166,0.2285,0.3222,0.0165,0.1181
MCH-00265,MCH-00265.wav,Machinery Fault,10.00,Machinery Fault,0.9528,0.9301,Machinery Fault,0.2928,0.0580,,Yes,0.6599,Weak Match,Acceptable,low signal strength: active level -50 dBFS,Machinery Fault,Yes,Yes,Yes,Medium,High,Alert generated,Not required,,,0.0000,0.0002,0.0006,0.0044,0.0014,0.0002,0.9528,0.0227,0.0000,0.0177,0.0880,0.0150,0.0110,0.1246,0.0037,0.1746,0.2928,0.2348,0.0126,0.0430
MCH-00266,MCH-00266.wav,Machinery Fault,10.00,Machinery Fault,0.4478,0.1209,Glass Breaking,0.2778,0.0676,,No,0.1699,Uncertain Result,Good,,Machinery Fault,Yes,Yes,No,Low,High,Not confirmed,Required,Different predictions from the two models; Low confidence; Possible false alarm,"Python heard Machinery Fault (45%), GTM heard Glass Breaking (28%); it was Machinery Fault, so Python was right. GTM learned from the training audio played through the speaker and re-recorded (Stereo Mix), the Python model from the original files, so each relies on different cues. The recording is not uniform: Python's one-second windows heard Machinery Fault in 10, Normal Machinery in 5, Background Noise in 4. GTM was unsure (top class only 28%). The app sent it to manual review (different predictions from the two models; low confidence; possible false alarm).",0.0001,0.0014,0.0005,0.1802,0.0013,0.0006,0.4478,0.3268,0.0000,0.0412,0.0804,0.0319,0.0052,0.1523,0.2778,0.0540,0.2102,0.1195,0.0407,0.0280
MCH-00267,MCH-00267.wav,Machinery Fault,10.00,Machinery Fault,0.6024,0.2455,Machinery Fault,0.3284,0.1169,,Yes,0.2740,Weak Match,Good,,Machinery Fault,Yes,Yes,Yes,Medium,High,Alert generated,Not required,,,0.0000,0.0000,0.0001,0.0072,0.0031,0.0300,0.6024,0.3569,0.0000,0.0003,0.0578,0.0235,0.0187,0.2116,0.0189,0.1653,0.3284,0.1345,0.0073,0.0341
MCH-00268,MCH-00268.wav,Machinery Fault,10.00,Machinery Fault,0.6167,0.2407,Machinery Fault,0.3789,0.2161,,Yes,0.2378,Weak Match,Good,,Machinery Fault,Yes,Yes,Yes,Medium,High,Alert generated,Not required,,,0.0000,0.0000,0.0001,0.0013,0.0013,0.0043,0.6167,0.3760,0.0000,0.0003,0.0598,0.0196,0.0266,0.1528,0.0173,0.1628,0.3789,0.1530,0.0080,0.0211
MCH-00269,MCH-00269.wav,Machinery Fault,10.00,Machinery Fault,0.6079,0.2547,Machinery Fault,0.5257,0.3901,,Yes,0.0822,Acceptable Match,Good,,Machinery Fault,Yes,Yes,Yes,Medium,High,Alert generated,Not required,,,0.0000,0.0003,0.0006,0.0266,0.0001,0.0011,0.6079,0.3532,0.0000,0.0101,0.0150,0.0391,0.0570,0.1356,0.0128,0.0621,0.5257,0.1133,0.0117,0.0278
MCH-00270,MCH-00270.wav,Machinery Fault,10.00,Machinery Fault,0.6280,0.2988,Machinery Fault,0.3614,0.1768,,Yes,0.2667,Weak Match,Good,,Machinery Fault,Yes,Yes,Yes,Medium,High,Alert generated,Not required,,,0.0000,0.0004,0.0001,0.0356,0.0004,0.0018,0.6280,0.3292,0.0000,0.0045,0.0714,0.0212,0.0273,0.1690,0.0156,0.1846,0.3614,0.1196,0.0072,0.0228
MCH-00271,MCH-00271.wav,Machinery Fault,10.00,Machinery Fault,0.6206,0.2442,Machinery Fault,0.3743,0.2071,,Yes,0.2464,Weak Match,Good,,Machinery Fault,Yes,Yes,Yes,Medium,High,Alert generated,Not required,,,0.0000,0.0000,0.0001,0.0020,0.0001,0.0004,0.6206,0.3764,0.0000,0.0003,0.0711,0.0204,0.0196,0.1672,0.0068,0.1441,0.3743,0.1607,0.0068,0.0289
MCH-00272,MCH-00272.wav,Machinery Fault,10.00,Machinery Fault,0.7561,0.5147,Machinery Fault,0.6158,0.4623,,Yes,0.1404,Acceptable Match,Good,,Machinery Fault,Yes,Yes,Yes,Medium,High,Alert generated,Not required,,,0.0000,0.0000,0.0001,0.0006,0.0008,0.0008,0.7561,0.2415,0.0000,0.0001,0.0279,0.0147,0.0341,0.0314,0.0295,0.0782,0.6158,0.1535,0.0070,0.0080
MCH-00273,MCH-00273.wav,Machinery Fault,10.00,Machinery Fault,0.7817,0.5789,Machinery Fault,0.7815,0.7281,,Yes,0.0002,Acceptable Match,Good,,Machinery Fault,Yes,Yes,Yes,Medium,High,Alert generated,Not required,,,0.0000,0.0001,0.0007,0.0013,0.0019,0.0102,0.7817,0.2028,0.0001,0.0011,0.0130,0.0207,0.0242,0.0303,0.0042,0.0534,0.7815,0.0474,0.0183,0.0070
MCH-00274,MCH-00274.wav,Machinery Fault,10.00,Machinery Fault,0.8021,0.6145,Machinery Fault,0.6739,0.5688,,Yes,0.1282,Acceptable Match,Good,,Machinery Fault,Yes,Yes,Yes,High,High,Alert generated,Not required,,,0.0001,0.0000,0.0007,0.0013,0.0038,0.0040,0.8021,0.1876,0.0001,0.0004,0.0265,0.0132,0.0317,0.0334,0.0282,0.1051,0.6739,0.0740,0.0111,0.0028
MCH-00275,MCH-00275.wav,Machinery Fault,10.00,Machinery Fault,0.8631,0.7870,Machinery Fault,0.7589,0.6852,,Yes,0.1042,Acceptable Match,Good,,Machinery Fault,Yes,Yes,Yes,High,High,Alert generated,Not required,,,0.0000,0.0001,0.0004,0.0010,0.0410,0.0181,0.8631,0.0761,0.0000,0.0002,0.0174,0.0286,0.0451,0.0280,0.0040,0.0275,0.7589,0.0737,0.0129,0.0038
MCH-00276,MCH-00276.wav,Machinery Fault,10.00,Machinery Fault,0.5547,0.1566,Machinery Fault,0.3489,0.1196,,Yes,0.2059,Weak Match,Good,,Machinery Fault,Yes,Yes,Yes,Medium,High,Alert generated,Not required,,,0.0021,0.0017,0.0268,0.0069,0.0043,0.0026,0.5547,0.3982,0.0006,0.0021,0.0449,0.0183,0.0044,0.2293,0.0358,0.1013,0.3489,0.1455,0.0514,0.0202
MCH-00277,MCH-00277.wav,Machinery Fault,10.00,Machinery Fault,0.7524,0.6260,Machinery Fault,0.2712,0.0966,,Yes,0.4812,Weak Match,Good,,Machinery Fault,Yes,Yes,Yes,Medium,High,Alert generated,Required,Overlapping sounds,,0.0063,0.0175,0.0189,0.0096,0.0002,0.0004,0.7524,0.1265,0.0005,0.0677,0.0870,0.1001,0.0365,0.1747,0.0456,0.0568,0.2712,0.0924,0.0250,0.1107
MCH-00278,MCH-00278.wav,Machinery Fault,10.00,Machinery Fault,0.5924,0.3501,Machinery Fault,0.2643,0.0273,,Yes,0.3281,Weak Match,Good,,Machinery Fault,Yes,Yes,Yes,Medium,High,Alert generated,Not required,,,0.0285,0.0003,0.0014,0.1279,0.0034,0.0023,0.5924,0.2423,0.0003,0.0011,0.0271,0.0068,0.0054,0.1526,0.0793,0.2102,0.2643,0.2370,0.0061,0.0112
MCH-00279,MCH-00279.wav,Machinery Fault,10.00,Machinery Fault,0.7219,0.5012,Machinery Fault,0.5656,0.4153,,Yes,0.1563,Acceptable Match,Good,,Machinery Fault,Yes,Yes,Yes,Medium,High,Alert generated,Not required,,,0.0000,0.0004,0.0008,0.0144,0.0011,0.0027,0.7219,0.2207,0.0000,0.0379,0.0127,0.0265,0.0122,0.0850,0.0054,0.1074,0.5656,0.1503,0.0025,0.0325
MCH-00280,MCH-00280.wav,Machinery Fault,10.00,Machinery Fault,0.8334,0.6752,Machinery Fault,0.4859,0.2424,,Yes,0.3475,Weak Match,Good,,Machinery Fault,Yes,Yes,Yes,Medium,High,Alert generated,Not required,,,0.0042,0.0002,0.0002,0.0014,0.0008,0.0003,0.8334,0.1583,0.0009,0.0002,0.0367,0.0091,0.0102,0.0611,0.0162,0.1231,0.4859,0.2436,0.0061,0.0080
MCH-00281,MCH-00281.wav,Machinery Fault,10.00,Machinery Fault,0.8696,0.8304,Machinery Fault,0.4028,0.2665,,Yes,0.4668,Weak Match,Good,,Machinery Fault,Yes,Yes,Yes,Medium,High,Alert generated,Not required,,,0.0009,0.0175,0.0081,0.0152,0.0203,0.0006,0.8696,0.0392,0.0113,0.0174,0.0316,0.0178,0.0144,0.0875,0.1363,0.1235,0.4028,0.0847,0.0886,0.0126
MCH-00282,MCH-00282.wav,Machinery Fault,10.00,Machinery Fault,0.9875,0.9756,Machinery Fault,0.6807,0.5218,,Yes,0.3068,Weak Match,Good,,Machinery Fault,Yes,Yes,Yes,Medium,High,Alert generated,Not required,,,0.0000,0.0002,0.0000,0.0000,0.0000,0.0000,0.9875,0.0118,0.0000,0.0005,0.0344,0.0173,0.0232,0.0432,0.0035,0.0082,0.6807,0.1589,0.0239,0.0068
MCH-00283,MCH-00283.wav,Machinery Fault,10.00,Machinery Fault,0.9689,0.9392,Machinery Fault,0.6011,0.4116,,Yes,0.3677,Weak Match,Good,,Machinery Fault,Yes,Yes,Yes,Medium,High,Alert generated,Not required,,,0.0000,0.0000,0.0001,0.0001,0.0010,0.0000,0.9689,0.0297,0.0000,0.0001,0.0100,0.0077,0.0041,0.0382,0.0208,0.1065,0.6011,0.1895,0.0044,0.0177
MCH-00284,MCH-00284.wav,Machinery Fault,10.00,Machinery Fault,0.9686,0.9433,Machinery Fault,0.6208,0.3983,,Yes,0.3478,Weak Match,Good,,Machinery Fault,Yes,Yes,Yes,Medium,High,Alert generated,Not required,,,0.0000,0.0000,0.0002,0.0016,0.0000,0.0001,0.9686,0.0253,0.0000,0.0041,0.0039,0.0028,0.0055,0.0322,0.0122,0.0824,0.6208,0.2225,0.0107,0.0072
MCH-00285,MCH-00285.wav,Machinery Fault,10.00,Machinery Fault,0.5845,0.2747,Machinery Fault,0.3426,0.0986,,Yes,0.2419,Weak Match,Good,,Machinery Fault,Yes,Yes,Yes,Medium,High,Alert generated,Not required,,,0.0000,0.0001,0.0002,0.0434,0.0153,0.0446,0.5845,0.3098,0.0001,0.0018,0.0123,0.0400,0.0214,0.2046,0.0119,0.0981,0.3426,0.2440,0.0018,0.0234
MCH-00286,MCH-00286.wav,Machinery Fault,10.00,Machinery Fault,0.8243,0.6906,Machinery Fault,0.4601,0.2975,,Yes,0.3642,Weak Match,Good,,Machinery Fault,Yes,Yes,Yes,Medium,High,Alert generated,Not required,,,0.0000,0.0160,0.0001,0.0012,0.0016,0.0003,0.8243,0.1336,0.0003,0.0226,0.0392,0.1625,0.0634,0.0538,0.0013,0.0090,0.4601,0.1605,0.0424,0.0078
MCH-00287,MCH-00287.wav,Machinery Fault,10.00,Machinery Fault,0.4004,0.0772,Normal Machinery,0.3105,0.1087,,No,0.0899,Uncertain Result,Good,,Machinery Fault,Yes,Yes,No,Low,High,Not confirmed,Required,Different predictions from the two models; Low confidence; Similar top-class confidence scores; Possible false alarm,,0.0003,0.0003,0.0025,0.0153,0.0088,0.2471,0.4004,0.3233,0.0001,0.0018,0.0437,0.0312,0.0492,0.0829,0.0459,0.1986,0.2018,0.3105,0.0160,0.0201
MCH-00288,MCH-00288.wav,Machinery Fault,10.00,Machinery Fault,0.7480,0.5582,Machinery Fault,0.2948,0.0593,,Yes,0.4533,Weak Match,Good,,Machinery Fault,Yes,Yes,Yes,Medium,High,Alert generated,Not required,,,0.0056,0.0268,0.0003,0.0012,0.0083,0.0086,0.7480,0.1898,0.0003,0.0111,0.1297,0.0925,0.0578,0.0705,0.0019,0.0075,0.2948,0.2354,0.0820,0.0279
MCH-00289,MCH-00289.wav,Machinery Fault,10.00,Machinery Fault,0.5433,0.2156,Machinery Fault,0.3292,0.0219,,Yes,0.2141,Weak Match,Good,,Machinery Fault,Yes,Yes,Yes,Medium,High,Not confirmed,Required,Overlapping sounds; Possible false alarm,,0.0000,0.0008,0.0008,0.0587,0.0003,0.0002,0.5433,0.3277,0.0000,0.0682,0.0227,0.0332,0.0492,0.1190,0.0302,0.0570,0.3292,0.3073,0.0123,0.0398
MCH-00290,MCH-00290.wav,Machinery Fault,10.00,Machinery Fault,0.8276,0.7107,Normal Machinery,0.5424,0.2285,,No,0.2852,Model Disagreement,Good,,Machinery Fault,Yes,Yes,No,Medium,High,Alert generated,Required,Different predictions from the two models,"Python heard Machinery Fault (83%), GTM heard Normal Machinery (54%); it was Machinery Fault, so Python was right. Machinery Fault and Normal Machinery are easy to confuse: they come from the same kinds of machines; a fault differs only by subtle rhythmic or tonal changes. The app raised a High alert for Machinery Fault. The app sent it to manual review (different predictions from the two models).",0.0001,0.0001,0.0039,0.0028,0.0040,0.0430,0.8276,0.1169,0.0002,0.0014,0.0034,0.0126,0.0349,0.0225,0.0097,0.0510,0.3139,0.5424,0.0031,0.0065
MCH-00291,MCH-00291.wav,Machinery Fault,10.00,Machinery Fault,0.7515,0.5101,Machinery Fault,0.4124,0.0588,,Yes,0.3391,Weak Match,Good,,Machinery Fault,Yes,Yes,Yes,Medium,High,Alert generated,Not required,,,0.0000,0.0001,0.0002,0.0009,0.0044,0.0013,0.7515,0.2414,0.0000,0.0002,0.0069,0.0132,0.0182,0.0535,0.0265,0.0343,0.4124,0.3536,0.0802,0.0011
MCH-00292,MCH-00292.wav,Machinery Fault,10.00,Machinery Fault,0.8745,0.7585,Normal Machinery,0.4507,0.0943,,No,0.4237,Uncertain Result,Good,,Machinery Fault,Yes,Yes,No,Medium,High,Alert generated,Required,Different predictions from the two models,"Python heard Machinery Fault (87%), GTM heard Normal Machinery (45%); it was Machinery Fault, so Python was right. Machinery Fault and Normal Machinery are easy to confuse: they come from the same kinds of machines; a fault differs only by subtle rhythmic or tonal changes. GTM was unsure (top class only 45%). The app raised a High alert for Machinery Fault. The app sent it to manual review (different predictions from the two models).",0.0000,0.0000,0.0045,0.0015,0.0006,0.0021,0.8745,0.1159,0.0000,0.0007,0.0036,0.0239,0.0324,0.0342,0.0210,0.0624,0.3564,0.4507,0.0068,0.0085
MCH-00293,MCH-00293.wav,Machinery Fault,10.00,Machinery Fault,0.8804,0.7642,Normal Machinery,0.4280,0.0323,,No,0.4525,Uncertain Result,Good,,Machinery Fault,Yes,Yes,No,Medium,High,Alert generated,Required,Different predictions from the two models,"Python heard Machinery Fault (88%), GTM heard Normal Machinery (43%); it was Machinery Fault, so Python was right. Machinery Fault and Normal Machinery are easy to confuse: they come from the same kinds of machines; a fault differs only by subtle rhythmic or tonal changes. GTM was unsure (top class only 43%). The app raised a High alert for Machinery Fault. The app sent it to manual review (different predictions from the two models).",0.0000,0.0001,0.0001,0.0023,0.0003,0.0002,0.8804,0.1163,0.0000,0.0004,0.0044,0.0147,0.0161,0.0284,0.0361,0.0588,0.3957,0.4280,0.0087,0.0092
MCH-00294,MCH-00294.wav,Machinery Fault,10.00,Machinery Fault,0.8737,0.7484,Machinery Fault,0.5279,0.1969,,Yes,0.3457,Weak Match,Good,,Machinery Fault,Yes,Yes,Yes,Medium,High,Alert generated,Not required,,,0.0000,0.0000,0.0000,0.0000,0.0007,0.0001,0.8737,0.1252,0.0000,0.0001,0.0051,0.0185,0.0438,0.0068,0.0029,0.0483,0.5279,0.3310,0.0123,0.0034
MCH-00295,MCH-00295.wav,Machinery Fault,10.00,Machinery Fault,0.9271,0.8679,Machinery Fault,0.5187,0.2289,,Yes,0.4084,Weak Match,Good,,Machinery Fault,Yes,Yes,Yes,Medium,High,Alert generated,Not required,,,0.0000,0.0016,0.0000,0.0007,0.0055,0.0048,0.9271,0.0592,0.0002,0.0008,0.0124,0.0226,0.0677,0.0101,0.0034,0.0438,0.5187,0.2899,0.0255,0.0058
MCH-00296,MCH-00296.wav,Machinery Fault,10.00,Machinery Fault,0.6779,0.3633,Normal Machinery,0.5401,0.1648,,No,0.1378,Model Disagreement,Good,,Machinery Fault,Yes,Yes,No,Medium,High,Alert generated,Required,Different predictions from the two models,"Python heard Machinery Fault (68%), GTM heard Normal Machinery (54%); it was Machinery Fault, so Python was right. Machinery Fault and Normal Machinery are easy to confuse: they come from the same kinds of machines; a fault differs only by subtle rhythmic or tonal changes. The recording is not uniform: Python's one-second windows heard Machinery Fault in 18, Normal Machinery in 1. The app raised a High alert for Machinery Fault. The app sent it to manual review (different predictions from the two models).",0.0000,0.0000,0.0001,0.0008,0.0063,0.0001,0.6779,0.3146,0.0000,0.0001,0.0019,0.0100,0.0176,0.0194,0.0149,0.0137,0.3753,0.5401,0.0033,0.0037
MCH-00297,MCH-00297.wav,Machinery Fault,10.00,Machinery Fault,0.6228,0.3268,Normal Machinery,0.3143,0.1129,,No,0.3086,Uncertain Result,Good,,Machinery Fault,Yes,Yes,No,Medium,High,Alert generated,Required,Different predictions from the two models,"Python heard Machinery Fault (62%), GTM heard Normal Machinery (31%); it was Machinery Fault, so Python was right. Machinery Fault and Normal Machinery are easy to confuse: they come from the same kinds of machines; a fault differs only by subtle rhythmic or tonal changes. The recording is not uniform: Python's one-second windows heard Machinery Fault in 14, Normal Machinery in 5. GTM was unsure (top class only 31%). The app raised a High alert for Machinery Fault. The app sent it to manual review (different predictions from the two models).",0.0002,0.0014,0.0029,0.0167,0.0118,0.0407,0.6228,0.2961,0.0019,0.0056,0.0831,0.0365,0.0350,0.1648,0.0285,0.0603,0.2014,0.3143,0.0661,0.0101
MCH-00298,MCH-00298.wav,Machinery Fault,10.00,Normal Machinery,0.4866,0.0540,Normal Machinery,0.3599,0.0168,,Yes,0.1266,Weak Match,Good,,Normal Machinery,No,No,No,Low,Informational,No alert,Required,Low confidence; Similar top-class confidence scores,,0.0003,0.0020,0.0002,0.0004,0.0690,0.0074,0.4326,0.4866,0.0013,0.0003,0.0382,0.0374,0.0264,0.0523,0.0189,0.0179,0.3431,0.3599,0.1028,0.0031
MCH-00299,MCH-00299.wav,Machinery Fault,10.00,Machinery Fault,0.6112,0.2275,Normal Machinery,0.5392,0.1880,,No,0.0720,Model Disagreement,Good,,Machinery Fault,Yes,Yes,No,Medium,High,Alert generated,Required,Different predictions from the two models,"Python heard Machinery Fault (61%), GTM heard Normal Machinery (54%); it was Machinery Fault, so Python was right. Machinery Fault and Normal Machinery are easy to confuse: they come from the same kinds of machines; a fault differs only by subtle rhythmic or tonal changes. The recording is not uniform: Python's one-second windows heard Machinery Fault in 18, Normal Machinery in 1. The app raised a High alert for Machinery Fault. The app sent it to manual review (different predictions from the two models).",0.0001,0.0003,0.0005,0.0009,0.0020,0.0004,0.6112,0.3837,0.0002,0.0008,0.0008,0.0034,0.0119,0.0021,0.0469,0.0396,0.3512,0.5392,0.0034,0.0016
MCH-00300,MCH-00300.wav,Machinery Fault,10.00,Machinery Fault,0.5560,0.1559,Normal Machinery,0.5439,0.4192,,No,0.0122,Model Disagreement,Good,,Machinery Fault,Yes,Yes,No,Medium,High,Alert generated,Required,Different predictions from the two models,,0.0001,0.0029,0.0007,0.0115,0.0042,0.0179,0.5560,0.4001,0.0019,0.0047,0.0103,0.0353,0.0233,0.1031,0.0414,0.0093,0.1247,0.5439,0.1069,0.0018
NRM-00256,NRM-00256.wav,Normal Machinery,10.00,Machinery Fault,0.6921,0.4259,Machinery Fault,0.3183,0.0924,,Yes,0.3738,Weak Match,Good,,Machinery Fault,No,No,No,Medium,High,Alert generated,Not required,,,0.0002,0.0161,0.0010,0.0018,0.0000,0.0003,0.6921,0.2662,0.0001,0.0222,0.0469,0.2259,0.0693,0.1796,0.0008,0.0557,0.3183,0.0788,0.0051,0.0197
NRM-00257,NRM-00257.wav,Normal Machinery,10.00,Normal Machinery,0.5222,0.0908,Machinery Fault,0.2749,0.0741,,No,0.2473,Uncertain Result,Good,,Normal Machinery,Yes,Yes,No,Medium,Informational,No alert,Required,Different predictions from the two models; Similar top-class confidence scores,,0.0003,0.0215,0.0006,0.0096,0.0000,0.0004,0.4314,0.5222,0.0001,0.0139,0.0649,0.1721,0.1173,0.2008,0.0008,0.0315,0.2749,0.1020,0.0039,0.0318
NRM-00258,NRM-00258.wav,Normal Machinery,10.00,Normal Machinery,0.7163,0.5859,Background Noise,0.2993,0.0068,,No,0.4170,Uncertain Result,Good,,Normal Machinery,Yes,Yes,No,Medium,Informational,No alert,Required,Different predictions from the two models,"Python heard Normal Machinery (72%), GTM heard Background Noise (30%); it was Normal Machinery, so Python was right. Background Noise is involved: a quiet or distant event sinks into the background, and busy background noise can resemble an event. GTM was unsure (top class only 30%). The app sent it to manual review (different predictions from the two models).",0.0014,0.0137,0.0124,0.1080,0.0018,0.0056,0.1304,0.7163,0.0022,0.0083,0.0267,0.0363,0.0527,0.2993,0.0016,0.0827,0.2925,0.1742,0.0216,0.0125
NRM-00259,NRM-00259.wav,Normal Machinery,10.00,Normal Machinery,0.9763,0.9559,Aggression,0.3144,0.0457,,No,0.6619,Uncertain Result,Good,,Normal Machinery,Yes,Yes,No,Medium,Informational,No alert,Required,Different predictions from the two models,"Python heard Normal Machinery (98%), GTM heard Aggression (31%); it was Normal Machinery, so Python was right. GTM learned from the training audio played through the speaker and re-recorded (Stereo Mix), the Python model from the original files, so each relies on different cues. GTM was unsure (top class only 31%). The app sent it to manual review (different predictions from the two models).",0.0000,0.0001,0.0001,0.0205,0.0000,0.0000,0.0030,0.9763,0.0000,0.0001,0.3144,0.0367,0.0276,0.2069,0.0004,0.0215,0.0213,0.2688,0.0133,0.0892
NRM-00260,NRM-00260.wav,Normal Machinery,10.00,Normal Machinery,0.9894,0.9847,Aggression,0.3384,0.0861,,No,0.6511,Uncertain Result,Good,,Normal Machinery,Yes,Yes,No,Medium,Informational,No alert,Required,Different predictions from the two models,"Python heard Normal Machinery (99%), GTM heard Aggression (34%); it was Normal Machinery, so Python was right. GTM learned from the training audio played through the speaker and re-recorded (Stereo Mix), the Python model from the original files, so each relies on different cues. GTM was unsure (top class only 34%). The app sent it to manual review (different predictions from the two models).",0.0000,0.0001,0.0006,0.0046,0.0001,0.0001,0.0047,0.9894,0.0000,0.0003,0.3384,0.0300,0.0325,0.1851,0.0003,0.0146,0.0267,0.2523,0.0116,0.1084
NRM-00261,NRM-00261.wav,Normal Machinery,10.00,Normal Machinery,0.9465,0.9278,Background Noise,0.2882,0.0658,,No,0.6583,Uncertain Result,Good,,Normal Machinery,Yes,Yes,No,Medium,Informational,No alert,Required,Different predictions from the two models,"Python heard Normal Machinery (95%), GTM heard Background Noise (29%); it was Normal Machinery, so Python was right. Background Noise is involved: a quiet or distant event sinks into the background, and busy background noise can resemble an event. GTM was unsure (top class only 29%). The app sent it to manual review (different predictions from the two models).",0.0003,0.0018,0.0136,0.0187,0.0000,0.0000,0.0083,0.9465,0.0000,0.0109,0.1318,0.1049,0.0404,0.2882,0.0036,0.0598,0.0606,0.2224,0.0116,0.0767
NRM-00262,NRM-00262.wav,Normal Machinery,10.00,Normal Machinery,0.6526,0.4758,Background Noise,0.3447,0.0142,,No,0.3079,Uncertain Result,Good,,Normal Machinery,Yes,Yes,No,Medium,Informational,No alert,Required,Different predictions from the two models,"Python heard Normal Machinery (65%), GTM heard Background Noise (34%); it was Normal Machinery, so Python was right. Background Noise is involved: a quiet or distant event sinks into the background, and busy background noise can resemble an event. The recording is not uniform: Python's one-second windows heard Normal Machinery in 17, Animal Sound in 2. GTM was unsure (top class only 34%). The app sent it to manual review (different predictions from the two models).",0.0036,0.0013,0.1769,0.1172,0.0022,0.0049,0.0285,0.6526,0.0009,0.0119,0.3305,0.0267,0.0352,0.3447,0.0036,0.0451,0.0240,0.0815,0.1008,0.0079
NRM-00263,NRM-00263.wav,Normal Machinery,10.00,Normal Machinery,0.7146,0.4677,Aggression,0.2825,0.0459,,No,0.4321,Uncertain Result,Good,,Normal Machinery,Yes,Yes,No,Medium,Informational,No alert,Required,Different predictions from the two models,"Python heard Normal Machinery (71%), GTM heard Aggression (28%); it was Normal Machinery, so Python was right. GTM learned from the training audio played through the speaker and re-recorded (Stereo Mix), the Python model from the original files, so each relies on different cues. The recording is not uniform: Python's one-second windows heard Normal Machinery in 18, Background Noise in 1. GTM was unsure (top class only 28%). The app sent it to manual review (different predictions from the two models).",0.0003,0.0008,0.0244,0.2469,0.0003,0.0016,0.0006,0.7146,0.0007,0.0098,0.2825,0.0528,0.0496,0.2366,0.0168,0.0899,0.1021,0.0537,0.0627,0.0534
NRM-00264,NRM-00264.wav,Normal Machinery,10.00,Normal Machinery,0.8702,0.7765,Background Noise,0.3208,0.0735,,No,0.5495,Uncertain Result,Good,,Normal Machinery,Yes,Yes,No,Medium,Informational,No alert,Required,Different predictions from the two models,"Python heard Normal Machinery (87%), GTM heard Background Noise (32%); it was Normal Machinery, so Python was right. Background Noise is involved: a quiet or distant event sinks into the background, and busy background noise can resemble an event. GTM was unsure (top class only 32%). The app sent it to manual review (different predictions from the two models).",0.0000,0.0003,0.0112,0.0937,0.0004,0.0005,0.0165,0.8702,0.0001,0.0070,0.2473,0.0501,0.0460,0.3208,0.0084,0.0081,0.1226,0.0721,0.1098,0.0148
NRM-00265,NRM-00265.wav,Normal Machinery,10.00,Normal Machinery,0.7344,0.5432,Aggression,0.3275,0.1326,,No,0.4069,Uncertain Result,Good,,Normal Machinery,Yes,Yes,No,Medium,Informational,No alert,Required,Different predictions from the two models,"Python heard Normal Machinery (73%), GTM heard Aggression (33%); it was Normal Machinery, so Python was right. GTM learned from the training audio played through the speaker and re-recorded (Stereo Mix), the Python model from the original files, so each relies on different cues. The recording is not uniform: Python's one-second windows heard Normal Machinery in 17, Background Noise in 2. GTM was unsure (top class only 33%). The app sent it to manual review (different predictions from the two models).",0.0002,0.0004,0.0502,0.1912,0.0003,0.0005,0.0019,0.7344,0.0001,0.0209,0.3275,0.0650,0.0658,0.1949,0.0094,0.0644,0.0456,0.1174,0.0404,0.0697
NRM-00266,NRM-00266.wav,Normal Machinery,10.00,Normal Machinery,0.6110,0.3232,Background Noise,0.4125,0.2200,,No,0.1985,Uncertain Result,Good,,Normal Machinery,Yes,Yes,No,Medium,Informational,No alert,Required,Different predictions from the two models,"Python heard Normal Machinery (61%), GTM heard Background Noise (41%); it was Normal Machinery, so Python was right. Background Noise is involved: a quiet or distant event sinks into the background, and busy background noise can resemble an event. The recording is not uniform: Python's one-second windows heard Normal Machinery in 18, Machinery Fault in 1. GTM was unsure (top class only 41%). The app sent it to manual review (different predictions from the two models).",0.0001,0.0006,0.0448,0.0471,0.0044,0.0004,0.2878,0.6110,0.0004,0.0034,0.1925,0.0570,0.0350,0.4125,0.0044,0.0228,0.0276,0.1228,0.0852,0.0402
NRM-00267,NRM-00267.wav,Normal Machinery,10.00,Normal Machinery,0.9292,0.9021,Background Noise,0.2689,0.1067,,No,0.6603,Uncertain Result,Good,,Normal Machinery,Yes,Yes,No,Medium,Informational,No alert,Required,Different predictions from the two models,"Python heard Normal Machinery (93%), GTM heard Background Noise (27%); it was Normal Machinery, so Python was right. Background Noise is involved: a quiet or distant event sinks into the background, and busy background noise can resemble an event. GTM was unsure (top class only 27%). The app sent it to manual review (different predictions from the two models).",0.0002,0.0268,0.0024,0.0040,0.0048,0.0023,0.0271,0.9292,0.0021,0.0012,0.1354,0.0627,0.0534,0.2689,0.0010,0.0074,0.0533,0.1452,0.1622,0.1105
NRM-00268,NRM-00268.wav,Normal Machinery,10.00,Normal Machinery,0.9851,0.9779,Normal Machinery,0.8900,0.8486,,Yes,0.0951,Acceptable Match,Good,,Normal Machinery,Yes,Yes,Yes,High,Informational,No alert,Not required,,,0.0000,0.0042,0.0000,0.0072,0.0022,0.0011,0.0001,0.9851,0.0000,0.0000,0.0104,0.0059,0.0051,0.0414,0.0016,0.0124,0.0288,0.8900,0.0012,0.0032
NRM-00269,NRM-00269.wav,Normal Machinery,10.00,Normal Machinery,0.9505,0.9221,Normal Machinery,0.8469,0.7919,,Yes,0.1036,Acceptable Match,Good,,Normal Machinery,Yes,Yes,Yes,High,Informational,No alert,Not required,,,0.0000,0.0153,0.0000,0.0012,0.0044,0.0283,0.0003,0.9505,0.0000,0.0000,0.0103,0.0318,0.0149,0.0294,0.0012,0.0002,0.0074,0.8469,0.0549,0.0031
NRM-00270,NRM-00270.wav,Normal Machinery,10.00,Normal Machinery,0.6766,0.4434,Background Noise,0.2025,0.0424,,No,0.4740,Uncertain Result,Acceptable,low signal strength: active level -49 dBFS,Normal Machinery,Yes,Yes,No,Medium,Informational,No alert,Required,Different predictions from the two models,"Python heard Normal Machinery (68%), GTM heard Background Noise (20%); it was Normal Machinery, so Python was right. Background Noise is involved: a quiet or distant event sinks into the background, and busy background noise can resemble an event. The recording is not uniform: Python's one-second windows heard Normal Machinery in 18, Machinery Fault in 1. Audio quality was Acceptable (low signal strength: active level -49 dBFS). GTM was unsure (top class only 20%). The app sent it to manual review (different predictions from the two models).",0.0005,0.0024,0.0150,0.0598,0.0027,0.0007,0.2331,0.6766,0.0003,0.0089,0.1440,0.0982,0.0720,0.2025,0.0073,0.1211,0.1601,0.1119,0.0122,0.0706
NRM-00271,NRM-00271.wav,Normal Machinery,10.00,Normal Machinery,0.5213,0.1800,Background Noise,0.2766,0.0631,,No,0.2447,Uncertain Result,Acceptable,low signal strength: active level -49 dBFS,Normal Machinery,Yes,Yes,No,Medium,Informational,No alert,Required,Different predictions from the two models,,0.0002,0.0018,0.0622,0.3412,0.0051,0.0065,0.0500,0.5213,0.0000,0.0117,0.0611,0.1366,0.0248,0.2766,0.0119,0.0659,0.2135,0.1412,0.0108,0.0577
NRM-00272,NRM-00272.wav,Normal Machinery,10.00,Normal Machinery,0.8280,0.6621,Machinery Fault,0.4786,0.2527,,No,0.3494,Uncertain Result,Good,,Normal Machinery,Yes,Yes,No,Medium,Informational,No alert,Required,Different predictions from the two models,"Python heard Normal Machinery (83%), GTM heard Machinery Fault (48%); it was Normal Machinery, so Python was right. Normal Machinery and Machinery Fault are easy to confuse: they come from the same kinds of machines; a fault differs only by subtle rhythmic or tonal changes. GTM was unsure (top class only 48%). The app sent it to manual review (different predictions from the two models).",0.0000,0.0007,0.0001,0.0012,0.0001,0.0003,0.1659,0.8280,0.0000,0.0036,0.0201,0.0074,0.0061,0.0699,0.0086,0.1244,0.4786,0.2260,0.0568,0.0021
NRM-00273,NRM-00273.wav,Normal Machinery,10.00,Normal Machinery,0.8108,0.6629,Normal Machinery,0.3571,0.1010,,Yes,0.4537,Weak Match,Good,,Normal Machinery,Yes,Yes,Yes,Medium,Informational,No alert,Not required,,,0.0000,0.0005,0.0000,0.0008,0.0394,0.0004,0.1479,0.8108,0.0000,0.0001,0.0194,0.0130,0.0180,0.0495,0.0409,0.2279,0.2561,0.3571,0.0111,0.0070
NRM-00274,NRM-00274.wav,Normal Machinery,10.00,Normal Machinery,0.7992,0.6070,Normal Machinery,0.5662,0.3720,,Yes,0.2330,Acceptable Match,Good,,Normal Machinery,Yes,Yes,Yes,Medium,Informational,No alert,Not required,,,0.0000,0.0001,0.0002,0.0017,0.0017,0.0016,0.1921,0.7992,0.0000,0.0033,0.0167,0.0087,0.0704,0.0126,0.0239,0.0897,0.1942,0.5662,0.0121,0.0056
NRM-00275,NRM-00275.wav,Normal Machinery,10.00,Machinery Fault,0.5465,0.1067,Machinery Fault,0.4674,0.2010,,Yes,0.0791,Weak Match,Good,,Machinery Fault,No,No,No,Medium,High,Not confirmed,Required,Possible false alarm,,0.0000,0.0021,0.0001,0.0003,0.0051,0.0004,0.5465,0.4398,0.0011,0.0046,0.0065,0.1496,0.0246,0.0448,0.0003,0.0269,0.4674,0.2664,0.0128,0.0008
NRM-00276,NRM-00276.wav,Normal Machinery,10.00,Normal Machinery,0.7393,0.5139,Normal Machinery,0.3580,0.1637,,Yes,0.3813,Weak Match,Good,,Normal Machinery,Yes,Yes,Yes,Medium,Informational,No alert,Not required,,,0.0000,0.0002,0.0007,0.0054,0.0002,0.0021,0.2254,0.7393,0.0000,0.0267,0.0477,0.0262,0.0189,0.1725,0.0090,0.1224,0.1943,0.3580,0.0053,0.0457
NRM-00277,NRM-00277.wav,Normal Machinery,10.00,Normal Machinery,0.5890,0.3775,Normal Machinery,0.2472,0.0366,,Yes,0.3418,Weak Match,Good,,Normal Machinery,Yes,Yes,Yes,Medium,Informational,No alert,Not required,,,0.0000,0.0001,0.0008,0.2115,0.0006,0.0012,0.1832,0.5890,0.0000,0.0136,0.0301,0.0733,0.0481,0.1837,0.0391,0.1302,0.2106,0.2472,0.0042,0.0336
NRM-00278,NRM-00278.wav,Normal Machinery,10.00,Normal Machinery,0.6312,0.4332,Normal Machinery,0.3022,0.1084,,Yes,0.3290,Weak Match,Good,,Normal Machinery,Yes,Yes,Yes,Medium,Informational,No alert,Not required,,,0.0002,0.0001,0.0005,0.0046,0.0059,0.1483,0.1980,0.6312,0.0001,0.0113,0.0482,0.0244,0.0294,0.1807,0.0157,0.1938,0.1605,0.3022,0.0100,0.0350
NRM-00279,NRM-00279.wav,Normal Machinery,10.00,Normal Machinery,0.7576,0.6706,Machinery Fault,0.3121,0.1354,,No,0.4454,Uncertain Result,Good,,Normal Machinery,Yes,Yes,No,Medium,Informational,No alert,Required,Different predictions from the two models,"Python heard Normal Machinery (76%), GTM heard Machinery Fault (31%); it was Normal Machinery, so Python was right. Normal Machinery and Machinery Fault are easy to confuse: they come from the same kinds of machines; a fault differs only by subtle rhythmic or tonal changes. GTM was unsure (top class only 31%). The app sent it to manual review (different predictions from the two models).",0.0006,0.0007,0.0007,0.0484,0.0012,0.0178,0.0857,0.7576,0.0004,0.0870,0.0443,0.0409,0.0537,0.1767,0.0176,0.1223,0.3121,0.1619,0.0121,0.0584
NRM-00280,NRM-00280.wav,Normal Machinery,10.00,Normal Machinery,0.5660,0.3352,Background Noise,0.3271,0.1069,,No,0.2389,Uncertain Result,Good,,Normal Machinery,Yes,Yes,No,Medium,Informational,No alert,Required,Different predictions from the two models,,0.0001,0.0001,0.0001,0.2309,0.0140,0.0037,0.1841,0.5660,0.0000,0.0008,0.2202,0.0020,0.0043,0.3271,0.0321,0.0881,0.1066,0.1315,0.0358,0.0522
NRM-00281,NRM-00281.wav,Normal Machinery,10.00,Normal Machinery,0.8166,0.6907,Machinery Fault,0.2908,0.0950,,No,0.5258,Uncertain Result,Good,,Normal Machinery,Yes,Yes,No,Medium,Informational,No alert,Required,Different predictions from the two models,"Python heard Normal Machinery (82%), GTM heard Machinery Fault (29%); it was Normal Machinery, so Python was right. Normal Machinery and Machinery Fault are easy to confuse: they come from the same kinds of machines; a fault differs only by subtle rhythmic or tonal changes. GTM was unsure (top class only 29%). The app sent it to manual review (different predictions from the two models).",0.0003,0.0001,0.0003,0.0527,0.0008,0.0023,0.1259,0.8166,0.0001,0.0011,0.0592,0.0218,0.0147,0.1498,0.0258,0.1884,0.2908,0.1958,0.0096,0.0439
NRM-00282,NRM-00282.wav,Normal Machinery,10.00,Normal Machinery,0.8868,0.7904,Machinery Fault,0.4417,0.1610,,No,0.4450,Uncertain Result,Good,,Normal Machinery,Yes,Yes,No,Medium,Informational,No alert,Required,Different predictions from the two models,"Python heard Normal Machinery (89%), GTM heard Machinery Fault (44%); it was Normal Machinery, so Python was right. Normal Machinery and Machinery Fault are easy to confuse: they come from the same kinds of machines; a fault differs only by subtle rhythmic or tonal changes. GTM was unsure (top class only 44%). The app sent it to manual review (different predictions from the two models).",0.0003,0.0001,0.0031,0.0037,0.0011,0.0068,0.0964,0.8868,0.0011,0.0007,0.0302,0.0172,0.0328,0.0347,0.0468,0.0819,0.4417,0.2807,0.0274,0.0067
NRM-00283,NRM-00283.wav,Normal Machinery,10.00,Normal Machinery,0.8560,0.7346,Machinery Fault,0.4240,0.2061,,No,0.4321,Uncertain Result,Good,,Normal Machinery,Yes,Yes,No,Medium,Informational,No alert,Required,Different predictions from the two models,"Python heard Normal Machinery (86%), GTM heard Machinery Fault (42%); it was Normal Machinery, so Python was right. Normal Machinery and Machinery Fault are easy to confuse: they come from the same kinds of machines; a fault differs only by subtle rhythmic or tonal changes. GTM was unsure (top class only 42%). The app sent it to manual review (different predictions from the two models).",0.0026,0.0003,0.0004,0.0053,0.0045,0.0073,0.1214,0.8560,0.0009,0.0011,0.0190,0.0130,0.0295,0.0055,0.0860,0.1276,0.4240,0.2179,0.0739,0.0037
NRM-00284,NRM-00284.wav,Normal Machinery,10.00,Machinery Fault,0.5952,0.2050,Machinery Fault,0.5161,0.2967,,Yes,0.0791,Acceptable Match,Good,,Machinery Fault,No,No,No,Medium,High,Not confirmed,Required,Possible false alarm,,0.0001,0.0034,0.0010,0.0008,0.0007,0.0003,0.5952,0.3902,0.0040,0.0044,0.0691,0.0241,0.0226,0.0285,0.0149,0.0795,0.5161,0.2194,0.0167,0.0092
NRM-00285,NRM-00285.wav,Normal Machinery,10.00,Normal Machinery,0.7837,0.5874,Machinery Fault,0.5338,0.3687,,No,0.2499,Model Disagreement,Good,,Normal Machinery,Yes,Yes,No,Medium,Informational,No alert,Required,Different predictions from the two models,"Python heard Normal Machinery (78%), GTM heard Machinery Fault (53%); it was Normal Machinery, so Python was right. Normal Machinery and Machinery Fault are easy to confuse: they come from the same kinds of machines; a fault differs only by subtle rhythmic or tonal changes. The app sent it to manual review (different predictions from the two models).",0.0006,0.0003,0.0022,0.0047,0.0009,0.0021,0.1963,0.7837,0.0002,0.0090,0.0463,0.0144,0.0116,0.0510,0.0241,0.1651,0.5338,0.1355,0.0111,0.0071
NRM-00286,NRM-00286.wav,Normal Machinery,10.00,Normal Machinery,0.8839,0.7688,Normal Machinery,0.6636,0.4204,,Yes,0.2203,Acceptable Match,Good,,Normal Machinery,Yes,Yes,Yes,High,Informational,No alert,Not required,,,0.0000,0.0000,0.0001,0.0004,0.0001,0.0002,0.1150,0.8839,0.0000,0.0002,0.0170,0.0070,0.0079,0.0120,0.0082,0.0237,0.2432,0.6636,0.0060,0.0115
NRM-00287,NRM-00287.wav,Normal Machinery,10.00,Normal Machinery,0.8040,0.6620,Machinery Fault,0.2772,0.0043,,No,0.5268,Uncertain Result,Good,,Normal Machinery,Yes,Yes,No,Medium,Informational,No alert,Required,Different predictions from the two models,"Python heard Normal Machinery (80%), GTM heard Machinery Fault (28%); it was Normal Machinery, so Python was right. Normal Machinery and Machinery Fault are easy to confuse: they come from the same kinds of machines; a fault differs only by subtle rhythmic or tonal changes. GTM was unsure (top class only 28%). The app sent it to manual review (different predictions from the two models).",0.0024,0.0005,0.0006,0.0047,0.0030,0.0009,0.1419,0.8040,0.0012,0.0408,0.0534,0.0089,0.0063,0.0410,0.0719,0.1779,0.2772,0.2728,0.0585,0.0322
NRM-00288,NRM-00288.wav,Normal Machinery,10.00,Normal Machinery,0.7561,0.5583,Normal Machinery,0.4702,0.2925,,Yes,0.2859,Weak Match,Good,,Normal Machinery,Yes,Yes,Yes,Medium,Informational,No alert,Not required,,,0.0002,0.0001,0.0007,0.0023,0.0089,0.0324,0.1978,0.7561,0.0008,0.0009,0.0315,0.0212,0.0032,0.0313,0.0172,0.1775,0.1777,0.4702,0.0521,0.0182
NRM-00289,NRM-00289.wav,Normal Machinery,10.00,Normal Machinery,0.5981,0.2550,Normal Machinery,0.5264,0.3881,,Yes,0.0717,Acceptable Match,Good,,Normal Machinery,Yes,Yes,Yes,Medium,Informational,No alert,Not required,,,0.0002,0.0023,0.0059,0.0165,0.0007,0.0013,0.3431,0.5981,0.0001,0.0320,0.0121,0.0432,0.0374,0.1382,0.0106,0.0805,0.1082,0.5264,0.0036,0.0397
NRM-00290,NRM-00290.wav,Normal Machinery,10.00,Machinery Fault,0.4962,0.0276,Machinery Fault,0.3908,0.0608,,Yes,0.1053,Weak Match,Good,,Machinery Fault,No,No,No,Low,High,Not confirmed,Required,Low confidence; Similar top-class confidence scores; Possible false alarm,,0.0003,0.0061,0.0002,0.0028,0.0005,0.0001,0.4962,0.4686,0.0011,0.0242,0.0396,0.0879,0.0496,0.0681,0.0003,0.0054,0.3908,0.3301,0.0244,0.0038
NRM-00291,NRM-00291.wav,Normal Machinery,10.00,Normal Machinery,0.7030,0.5427,Normal Machinery,0.4230,0.2687,,Yes,0.2800,Weak Match,Good,,Normal Machinery,Yes,Yes,Yes,Medium,Informational,No alert,Not required,,,0.0000,0.0001,0.0001,0.1603,0.0002,0.0002,0.1352,0.7030,0.0000,0.0008,0.0820,0.0178,0.0155,0.1544,0.0214,0.1368,0.0972,0.4230,0.0221,0.0298
NRM-00292,NRM-00292.wav,Normal Machinery,10.00,Normal Machinery,0.6819,0.4373,Normal Machinery,0.4745,0.3590,,Yes,0.2074,Weak Match,Good,,Normal Machinery,Yes,Yes,Yes,Medium,Informational,No alert,Not required,,,0.0004,0.0003,0.0037,0.2445,0.0010,0.0020,0.0608,0.6819,0.0005,0.0049,0.0980,0.0287,0.0239,0.1155,0.0079,0.0828,0.1088,0.4745,0.0073,0.0527
NRM-00293,NRM-00293.wav,Normal Machinery,10.00,Normal Machinery,0.5709,0.2196,Normal Machinery,0.3373,0.1345,,Yes,0.2336,Weak Match,Good,,Normal Machinery,Yes,Yes,Yes,Medium,Informational,No alert,Not required,,,0.0003,0.0006,0.0004,0.0313,0.0006,0.0030,0.3513,0.5709,0.0008,0.0408,0.0504,0.0248,0.0463,0.1696,0.0036,0.0614,0.2029,0.3373,0.0636,0.0402
NRM-00294,NRM-00294.wav,Normal Machinery,10.00,Normal Machinery,0.5438,0.0989,Machinery Fault,0.3968,0.0859,,No,0.1470,Uncertain Result,Good,,Normal Machinery,Yes,Yes,No,Medium,Informational,No alert,Required,Different predictions from the two models; Similar top-class confidence scores,,0.0004,0.0055,0.0001,0.0011,0.0002,0.0010,0.4450,0.5438,0.0009,0.0020,0.0256,0.0853,0.0375,0.0380,0.0024,0.0187,0.3968,0.3110,0.0801,0.0045
NRM-00295,NRM-00295.wav,Normal Machinery,10.00,Normal Machinery,0.5501,0.1705,Machinery Fault,0.3681,0.0149,,No,0.1820,Uncertain Result,Good,,Normal Machinery,Yes,Yes,No,Medium,Informational,No alert,Required,Different predictions from the two models,,0.0019,0.0374,0.0001,0.0007,0.0001,0.0001,0.3796,0.5501,0.0000,0.0300,0.0285,0.1206,0.0725,0.0350,0.0008,0.0043,0.3681,0.3532,0.0159,0.0013
NRM-00296,NRM-00296.wav,Normal Machinery,10.00,Normal Machinery,0.5658,0.3092,Normal Machinery,0.3822,0.1487,,Yes,0.1836,Weak Match,Good,,Normal Machinery,Yes,Yes,Yes,Medium,Informational,No alert,Not required,,,0.0004,0.0002,0.0021,0.2566,0.0027,0.0144,0.1473,0.5658,0.0004,0.0101,0.1519,0.0387,0.0263,0.2336,0.0107,0.0336,0.0601,0.3822,0.0322,0.0307
NRM-00297,NRM-00297.wav,Normal Machinery,10.00,Normal Machinery,0.7624,0.5687,Normal Machinery,0.4093,0.2503,,Yes,0.3530,Weak Match,Good,,Normal Machinery,Yes,Yes,Yes,Medium,Informational,No alert,Not required,,,0.0000,0.0001,0.0007,0.0087,0.0281,0.0012,0.1937,0.7624,0.0000,0.0051,0.0478,0.0128,0.0150,0.1590,0.0356,0.1453,0.1493,0.4093,0.0059,0.0201
NRM-00298,NRM-00298.wav,Normal Machinery,10.00,Normal Machinery,0.5767,0.1829,Normal Machinery,0.4201,0.2693,,Yes,0.1566,Weak Match,Good,,Normal Machinery,Yes,Yes,Yes,Medium,Informational,No alert,Not required,,,0.0009,0.0033,0.0006,0.0020,0.0012,0.0004,0.3937,0.5767,0.0015,0.0197,0.1416,0.0465,0.0406,0.1113,0.0088,0.0091,0.1508,0.4201,0.0266,0.0448
NRM-00299,NRM-00299.wav,Normal Machinery,10.00,Normal Machinery,0.8865,0.7737,Normal Machinery,0.7854,0.6050,,Yes,0.1011,Acceptable Match,Good,,Normal Machinery,Yes,Yes,Yes,High,Informational,No alert,Not required,,,0.0000,0.0000,0.0000,0.0005,0.0000,0.0001,0.1128,0.8865,0.0000,0.0000,0.0011,0.0042,0.0054,0.0059,0.0029,0.0069,0.1804,0.7854,0.0065,0.0013
NRM-00300,NRM-00300.wav,Normal Machinery,10.00,Normal Machinery,0.8541,0.7176,Normal Machinery,0.6933,0.4466,,Yes,0.1608,Acceptable Match,Good,,Normal Machinery,Yes,Yes,Yes,High,Informational,No alert,Not required,,,0.0000,0.0076,0.0002,0.0004,0.0003,0.0002,0.1365,0.8541,0.0001,0.0006,0.0018,0.0023,0.0136,0.0176,0.0112,0.0081,0.2467,0.6933,0.0042,0.0013
SCR-00256,SCR-00256.wav,Panic Scream,5.25,Panic Scream,0.9972,0.9955,Panic Scream,0.4797,0.0841,,Yes,0.5175,Weak Match,Acceptable,missing audio frames: 1 dropout (0.03 s),Panic Scream,Yes,Yes,Yes,Medium,Critical,Alert generated,Not required,,,0.0016,0.0009,0.0002,0.0000,0.0000,0.0000,0.0000,0.0000,0.9972,0.0000,0.0861,0.3956,0.0104,0.0212,0.0011,0.0004,0.0010,0.0032,0.4797,0.0013
SCR-00257,SCR-00257.wav,Panic Scream,6.36,Panic Scream,0.6955,0.5038,Panic Scream,0.7053,0.5567,,Yes,0.0097,Acceptable Match,Good,,Panic Scream,Yes,Yes,Yes,Medium,Critical,Alert generated,Required,Overlapping sounds,,0.1917,0.0822,0.0039,0.0002,0.0000,0.0000,0.0000,0.0001,0.6955,0.0262,0.1486,0.0710,0.0281,0.0301,0.0005,0.0001,0.0024,0.0058,0.7053,0.0082
SCR-00258,SCR-00258.wav,Panic Scream,4.37,Aggression,0.5275,0.1679,Panic Scream,0.3621,0.1933,,No,0.1654,Uncertain Result,Good,,Aggression,No,No,Yes,Medium,High,Alert generated,Required,Different predictions from the two models; Overlapping sounds; Critical event without sufficient model agreement,"Python heard Aggression (53%), GTM heard Panic Scream (36%); it was Panic Scream, so GTM was right. Aggression and Panic Scream are easy to confuse: both are loud, strained human voices; angry shouting and fearful screaming overlap in pitch and loudness. The recording is not uniform: Python's one-second windows heard Aggression in 4, Vehicle Horn in 1. GTM was unsure (top class only 36%). The app raised a High alert for Aggression. The app sent it to manual review (different predictions from the two models; overlapping sounds; critical event without sufficient model agreement).",0.5275,0.0122,0.0016,0.0012,0.0002,0.0000,0.0001,0.0001,0.0976,0.3596,0.1688,0.0992,0.1589,0.0998,0.0019,0.0049,0.0080,0.0197,0.3621,0.0768
SCR-00259,SCR-00259.wav,Panic Scream,4.31,Panic Scream,0.5947,0.3070,Panic Scream,0.3930,0.1956,,Yes,0.2017,Weak Match,Good,,Panic Scream,Yes,Yes,Yes,Medium,Critical,Alert generated,Required,Overlapping sounds,,0.2877,0.0338,0.0830,0.0006,0.0000,0.0001,0.0000,0.0000,0.5947,0.0001,0.1974,0.0446,0.1307,0.0800,0.0530,0.0159,0.0111,0.0524,0.3930,0.0220
SCR-00260,SCR-00260.wav,Panic Scream,2.33,Animal Sound,0.5076,0.0676,Aggression,0.3288,0.0586,,No,0.1788,Uncertain Result,Good,,Animal Sound,No,No,No,Medium,Low,No alert,Required,Different predictions from the two models; Similar top-class confidence scores; Overlapping sounds,"Python heard Animal Sound (51%), GTM heard Aggression (33%); it was Panic Scream, so neither model was right. Animal Sound and Aggression are easy to confuse: barking and growling resemble shouting. The recording is not uniform: Python's one-second windows heard Animal Sound in 3, Panic Scream in 1. GTM was unsure (top class only 33%). The app sent it to manual review (different predictions from the two models; similar top-class confidence scores; overlapping sounds).",0.0476,0.0037,0.5076,0.0006,0.0000,0.0000,0.0000,0.0000,0.4400,0.0004,0.3288,0.1023,0.2702,0.0889,0.0014,0.0079,0.0233,0.0191,0.0428,0.1152
SCR-00261,SCR-00261.wav,Panic Scream,3.37,Panic Scream,0.8992,0.8198,Panic Scream,0.8610,0.8033,,Yes,0.0382,Acceptable Match,Good,,Panic Scream,Yes,Yes,Yes,High,Critical,Alert generated,Required,Overlapping sounds,,0.0019,0.0793,0.0006,0.0045,0.0001,0.0000,0.0000,0.0001,0.8992,0.0143,0.0254,0.0299,0.0129,0.0577,0.0000,0.0003,0.0024,0.0026,0.8610,0.0078
SCR-00262,SCR-00262.wav,Panic Scream,3.03,Panic Scream,0.9889,0.9839,Panic Scream,0.4666,0.3513,,Yes,0.5223,Weak Match,Acceptable,missing audio frames: 1 dropout (0.03 s),Panic Scream,Yes,Yes,Yes,Medium,Critical,Alert generated,Not required,,,0.0044,0.0013,0.0050,0.0001,0.0000,0.0001,0.0000,0.0001,0.9889,0.0001,0.0588,0.1153,0.1085,0.0589,0.0259,0.1006,0.0113,0.0249,0.4666,0.0291
SCR-00263,SCR-00263.wav,Panic Scream,1.26,Panic Scream,0.7774,0.5553,Panic Scream,0.4815,0.2822,,Yes,0.2960,Weak Match,Good,,Panic Scream,Yes,Yes,Yes,Medium,Critical,Alert generated,Required,Overlapping sounds,,0.2222,0.0000,0.0003,0.0001,0.0000,0.0000,0.0000,0.0000,0.7774,0.0000,0.1515,0.1993,0.0855,0.0221,0.0024,0.0332,0.0043,0.0040,0.4815,0.0162
SCR-00264,SCR-00264.wav,Panic Scream,2.43,Panic Scream,0.9998,0.9997,Panic Scream,0.6399,0.5359,,Yes,0.3599,Weak Match,Good,,Panic Scream,Yes,Yes,Yes,Medium,Critical,Alert generated,Not required,,,0.0001,0.0000,0.0000,0.0000,0.0001,0.0000,0.0000,0.0000,0.9998,0.0000,0.1039,0.0177,0.0994,0.0847,0.0004,0.0033,0.0007,0.0324,0.6399,0.0175
SCR-00265,SCR-00265.wav,Panic Scream,1.71,Animal Sound,0.5276,0.1126,Panic Scream,0.3995,0.1036,,No,0.1281,Uncertain Result,Good,,Animal Sound,No,No,Yes,Medium,Low,No alert,Required,Different predictions from the two models,"Python heard Animal Sound (53%), GTM heard Panic Scream (40%); it was Panic Scream, so GTM was right. Animal Sound and Panic Scream are easy to confuse: animal calls such as screeches share pitch and loudness with screams. The recording is not uniform: Python's one-second windows heard Animal Sound in 2, Panic Scream in 1. GTM was unsure (top class only 40%). The app sent it to manual review (different predictions from the two models).",0.0003,0.0556,0.5276,0.0009,0.0000,0.0000,0.0000,0.0000,0.4150,0.0006,0.1313,0.2959,0.0785,0.0085,0.0007,0.0094,0.0029,0.0638,0.3995,0.0094
SCR-00266,SCR-00266.wav,Panic Scream,1.35,Panic Scream,0.4155,0.0526,Aggression,0.9232,0.8530,,No,0.5077,Uncertain Result,Good,,Panic Scream,Yes,Yes,No,Low,Critical,Not confirmed,Required,Different predictions from the two models; Low confidence; Similar top-class confidence scores; Overlapping sounds; Possible false alarm; Critical event without sufficient model agreement,"Python heard Panic Scream (42%), GTM heard Aggression (92%); it was Panic Scream, so Python was right. Panic Scream and Aggression are easy to confuse: both are loud, strained human voices; angry shouting and fearful screaming overlap in pitch and loudness. The recording is not uniform: Python's one-second windows heard Aggression in 1, Panic Scream in 1. The app sent it to manual review (different predictions from the two models; low confidence; similar top-class confidence scores; overlapping sounds; possible false alarm; critical event without sufficient model agreement).",0.3629,0.1250,0.0790,0.0081,0.0002,0.0005,0.0002,0.0006,0.4155,0.0081,0.9232,0.0058,0.0002,0.0001,0.0000,0.0002,0.0004,0.0000,0.0702,0.0000
SCR-00267,SCR-00267.wav,Panic Scream,1.86,Panic Scream,0.9663,0.9511,Panic Scream,0.7089,0.4771,,Yes,0.2574,Acceptable Match,Good,,Panic Scream,Yes,Yes,Yes,High,Critical,Alert generated,Not required,,,0.0034,0.0145,0.0152,0.0002,0.0000,0.0000,0.0000,0.0001,0.9663,0.0002,0.2318,0.0022,0.0014,0.0506,0.0007,0.0006,0.0010,0.0027,0.7089,0.0000
SCR-00268,SCR-00268.wav,Panic Scream,2.26,Panic Scream,0.5492,0.1478,Panic Scream,0.6234,0.4113,,Yes,0.0742,Acceptable Match,Good,,Panic Scream,Yes,Yes,Yes,Medium,Critical,Alert generated,Required,Overlapping sounds,,0.4013,0.0001,0.0004,0.0003,0.0000,0.0000,0.0000,0.0000,0.5492,0.0487,0.2120,0.0241,0.0131,0.0572,0.0011,0.0017,0.0013,0.0081,0.6234,0.0580
SCR-00269,SCR-00269.wav,Panic Scream,1.88,Panic Scream,0.8856,0.7718,Panic Scream,0.4825,0.1972,,Yes,0.4030,Weak Match,Good,,Panic Scream,Yes,Yes,Yes,Medium,Critical,Alert generated,Required,Overlapping sounds,,0.0003,0.0001,0.1137,0.0002,0.0001,0.0000,0.0000,0.0000,0.8856,0.0000,0.0308,0.0583,0.1396,0.2854,0.0001,0.0030,0.0000,0.0001,0.4825,0.0003
SCR-00270,SCR-00270.wav,Panic Scream,4.08,Panic Scream,0.5322,0.2844,Panic Scream,0.2833,0.1139,,Yes,0.2489,Weak Match,Good,,Panic Scream,Yes,Yes,Yes,Medium,Critical,Alert generated,Required,Overlapping sounds,,0.0181,0.0025,0.2478,0.0697,0.1096,0.0005,0.0001,0.0000,0.5322,0.0196,0.1053,0.0360,0.0151,0.1694,0.0219,0.1569,0.0167,0.1581,0.2833,0.0373
SCR-00271,SCR-00271.wav,Panic Scream,2.38,Panic Scream,0.3806,0.0156,Panic Scream,0.3316,0.1721,,Yes,0.0489,Weak Match,Good,,Panic Scream,Yes,Yes,Yes,Low,Critical,Not confirmed,Required,Low confidence; Similar top-class confidence scores; Overlapping sounds; Possible false alarm,,0.1460,0.0267,0.3649,0.0085,0.0509,0.0005,0.0000,0.0000,0.3806,0.0218,0.0657,0.0545,0.1175,0.1179,0.0095,0.0066,0.0257,0.1596,0.3316,0.1114
SCR-00272,SCR-00272.wav,Panic Scream,0.84,Panic Scream,0.9933,0.9879,Aggression,0.2006,0.0162,,No,0.7927,Uncertain Result,Good,,Panic Scream,Yes,Yes,No,Medium,Critical,Alert generated,Required,Different predictions from the two models; Critical event without sufficient model agreement,"Python heard Panic Scream (99%), GTM heard Aggression (20%); it was Panic Scream, so Python was right. Panic Scream and Aggression are easy to confuse: both are loud, strained human voices; angry shouting and fearful screaming overlap in pitch and loudness. GTM was unsure (top class only 20%). The app raised a Critical alert for Panic Scream. The app sent it to manual review (different predictions from the two models; critical event without sufficient model agreement).",0.0054,0.0005,0.0002,0.0003,0.0000,0.0001,0.0001,0.0001,0.9933,0.0001,0.2006,0.0898,0.0983,0.0984,0.0179,0.1844,0.0499,0.0703,0.1698,0.0205
SCR-00273,SCR-00273.wav,Panic Scream,6.27,Panic Scream,0.3371,0.0391,Panic Scream,0.4245,0.2821,,Yes,0.0874,Weak Match,Good,,Unknown,No,Yes,Yes,Low,Informational,No alert,Required,Low confidence; Similar top-class confidence scores; Overlapping sounds; Unsupported sound pattern,,0.1891,0.0413,0.2980,0.0934,0.0252,0.0145,0.0001,0.0000,0.3371,0.0012,0.1424,0.0746,0.0601,0.1352,0.0085,0.0391,0.0039,0.0236,0.4245,0.0883
SCR-00274,SCR-00274.wav,Panic Scream,13.88,Aggression,0.3114,0.0522,Aggression,0.1846,0.0008,,Yes,0.1268,Weak Match,Good,,Unknown,No,No,No,Low,Informational,No alert,Required,Low confidence; Similar top-class confidence scores; Overlapping sounds; Unsupported sound pattern,,0.3114,0.0054,0.1546,0.2592,0.0001,0.0328,0.0000,0.0002,0.2104,0.0259,0.1846,0.1083,0.1130,0.1690,0.0101,0.0278,0.0791,0.0502,0.1837,0.0741
SCR-00275,SCR-00275.wav,Panic Scream,4.24,Panic Scream,0.9189,0.8378,Panic Scream,0.7522,0.6248,,Yes,0.1667,Acceptable Match,Good,,Panic Scream,Yes,Yes,Yes,High,Critical,Alert generated,Required,Overlapping sounds,,0.0811,0.0000,0.0000,0.0000,0.0000,0.0000,0.0000,0.0000,0.9189,0.0000,0.0504,0.0136,0.1274,0.0252,0.0043,0.0051,0.0013,0.0071,0.7522,0.0135
SCR-00276,SCR-00276.wav,Panic Scream,2.05,Panic Scream,0.3846,0.0642,Panic Scream,0.7884,0.6380,,Yes,0.4038,Weak Match,Poor,clipping: 1.7% of samples are clipped,Panic Scream,Yes,Yes,Yes,Low,Critical,Not confirmed,Required,Low confidence; Poor audio quality; Similar top-class confidence scores; Overlapping sounds; Possible false alarm,,0.0112,0.2804,0.3204,0.0003,0.0000,0.0000,0.0000,0.0001,0.3846,0.0029,0.1503,0.0610,0.0001,0.0001,0.0000,0.0000,0.0000,0.0000,0.7884,0.0000
SCR-00277,SCR-00277.wav,Panic Scream,2.76,Panic Scream,0.9944,0.9905,Panic Scream,0.5615,0.3903,,Yes,0.4330,Weak Match,Good,,Panic Scream,Yes,Yes,Yes,Medium,Critical,Alert generated,Not required,,,0.0040,0.0000,0.0015,0.0000,0.0000,0.0000,0.0000,0.0000,0.9944,0.0000,0.1615,0.1711,0.0548,0.0461,0.0001,0.0009,0.0002,0.0015,0.5615,0.0022
SCR-00278,SCR-00278.wav,Panic Scream,3.37,Panic Scream,0.8480,0.7225,Panic Scream,0.8430,0.7198,,Yes,0.0049,Acceptable Match,Good,,Panic Scream,Yes,Yes,Yes,High,Critical,Alert generated,Required,Overlapping sounds,,0.0254,0.0010,0.1255,0.0001,0.0000,0.0000,0.0000,0.0000,0.8480,0.0000,0.1232,0.0304,0.0018,0.0011,0.0000,0.0000,0.0001,0.0003,0.8430,0.0001
SCR-00279,SCR-00279.wav,Panic Scream,3.50,Panic Scream,0.9563,0.9311,Panic Scream,0.7489,0.6220,,Yes,0.2074,Acceptable Match,Good,,Panic Scream,Yes,Yes,Yes,High,Critical,Alert generated,Not required,,,0.0177,0.0001,0.0252,0.0006,0.0000,0.0001,0.0000,0.0000,0.9563,0.0000,0.0335,0.0190,0.1268,0.0201,0.0043,0.0182,0.0030,0.0152,0.7489,0.0111
SCR-00280,SCR-00280.wav,Panic Scream,5.25,Panic Scream,0.7755,0.6786,Panic Scream,0.3253,0.0819,,Yes,0.4502,Weak Match,Good,,Panic Scream,Yes,Yes,Yes,Medium,Critical,Alert generated,Required,Overlapping sounds,,0.0491,0.0022,0.0623,0.0006,0.0130,0.0969,0.0001,0.0000,0.7755,0.0002,0.2434,0.0241,0.0233,0.0619,0.0914,0.1803,0.0081,0.0289,0.3253,0.0133
SCR-00281,SCR-00281.wav,Panic Scream,13.78,Panic Scream,0.9646,0.9322,Panic Scream,0.9682,0.9530,,Yes,0.0035,Acceptable Match,Poor,missing audio frames: 17 dropouts (0.67 s),Panic Scream,Yes,Yes,Yes,High,Critical,Alert generated,Required,Poor audio quality,,0.0000,0.0027,0.0325,0.0000,0.0001,0.0000,0.0000,0.0000,0.9646,0.0000,0.0006,0.0152,0.0007,0.0080,0.0000,0.0001,0.0003,0.0069,0.9682,0.0000
SCR-00282,SCR-00282.wav,Panic Scream,2.76,Aggression,0.6575,0.5043,Panic Scream,0.2514,0.0423,,No,0.4061,Uncertain Result,Poor,clipping: 12.4% of samples are clipped,Aggression,No,No,Yes,Medium,High,Alert generated,Required,Different predictions from the two models; Poor audio quality; Overlapping sounds; Critical event without sufficient model agreement,"Python heard Aggression (66%), GTM heard Panic Scream (25%); it was Panic Scream, so GTM was right. Aggression and Panic Scream are easy to confuse: both are loud, strained human voices; angry shouting and fearful screaming overlap in pitch and loudness. The recording is not uniform: Python's one-second windows heard Aggression in 4, Animal Sound in 1. Audio quality was Poor (clipping: 12.4% of samples are clipped). GTM was unsure (top class only 25%). The app raised a High alert for Aggression. The app sent it to manual review (different predictions from the two models; poor audio quality; overlapping sounds; critical event without sufficient model agreement).",0.6575,0.0003,0.1507,0.0072,0.0000,0.0000,0.0000,0.0001,0.1533,0.0309,0.2091,0.1689,0.1384,0.0437,0.0061,0.0291,0.0045,0.0222,0.2514,0.1266
SCR-00283,SCR-00283.wav,Panic Scream,0.94,Panic Scream,0.9998,0.9996,Panic Scream,0.9398,0.9089,,Yes,0.0600,Acceptable Match,Good,,Panic Scream,Yes,Yes,Yes,High,Critical,Alert generated,Not required,,,0.0002,0.0000,0.0000,0.0000,0.0000,0.0000,0.0000,0.0000,0.9998,0.0000,0.0308,0.0033,0.0256,0.0002,0.0002,0.0000,0.0000,0.0001,0.9398,0.0000
SCR-00284,SCR-00284.wav,Panic Scream,27.06,Animal Sound,0.2593,0.0703,Aggression,0.2171,0.0761,,No,0.0422,Uncertain Result,Good,,Unknown,No,No,No,Low,Informational,No alert,Required,Different predictions from the two models; Low confidence; Similar top-class confidence scores; Overlapping sounds; Unsupported sound pattern,"Python heard Animal Sound (26%), GTM heard Aggression (22%); it was Panic Scream, so neither model was right. Animal Sound and Aggression are easy to confuse: barking and growling resemble shouting. The recording is not uniform: Python's one-second windows heard Vehicle Horn in 16, Animal Sound in 12, Background Noise in 12. GTM was unsure (top class only 22%). The app sent it to manual review (different predictions from the two models; low confidence; similar top-class confidence scores; overlapping sounds; unsupported sound pattern).",0.1684,0.0040,0.2593,0.1234,0.0034,0.0382,0.0369,0.0148,0.1890,0.1626,0.2171,0.1190,0.1329,0.0972,0.0039,0.0159,0.1125,0.0673,0.1411,0.0932
SCR-00285,SCR-00285.wav,Panic Scream,2.14,Panic Scream,0.9916,0.9837,Panic Scream,0.9810,0.9639,,Yes,0.0106,Acceptable Match,Poor,clipping: 5.2% of samples are clipped,Panic Scream,Yes,Yes,Yes,High,Critical,Alert generated,Required,Poor audio quality,,0.0004,0.0078,0.0001,0.0001,0.0000,0.0000,0.0000,0.0000,0.9916,0.0000,0.0003,0.0012,0.0171,0.0001,0.0001,0.0000,0.0000,0.0001,0.9810,0.0002
SCR-00286,SCR-00286.wav,Panic Scream,1.08,Aggression,0.9768,0.9545,Aggression,0.6765,0.5558,,Yes,0.3003,Weak Match,Good,,Aggression,No,No,No,Medium,High,Alert generated,Not required,,,0.9768,0.0001,0.0000,0.0006,0.0000,0.0000,0.0000,0.0000,0.0223,0.0000,0.6765,0.0276,0.1038,0.0018,0.0000,0.0653,0.0003,0.0037,0.1207,0.0002
SCR-00287,SCR-00287.wav,Panic Scream,1.42,Panic Scream,0.9969,0.9938,Aggression,0.5513,0.3496,,No,0.4456,Model Disagreement,Good,,Panic Scream,Yes,Yes,No,Medium,Critical,Alert generated,Required,Different predictions from the two models; Critical event without sufficient model agreement,"Python heard Panic Scream (100%), GTM heard Aggression (55%); it was Panic Scream, so Python was right. Panic Scream and Aggression are easy to confuse: both are loud, strained human voices; angry shouting and fearful screaming overlap in pitch and loudness. The app raised a Critical alert for Panic Scream. The app sent it to manual review (different predictions from the two models; critical event without sufficient model agreement).",0.0031,0.0000,0.0000,0.0000,0.0000,0.0000,0.0000,0.0000,0.9969,0.0000,0.5513,0.0355,0.0783,0.0809,0.0022,0.0080,0.0120,0.0113,0.2018,0.0186
SCR-00288,SCR-00288.wav,Panic Scream,1.58,Panic Scream,0.8075,0.6891,Panic Scream,0.4544,0.1582,,Yes,0.3531,Weak Match,Good,,Panic Scream,Yes,Yes,Yes,Medium,Critical,Alert generated,Required,Overlapping sounds,,0.1184,0.0004,0.0256,0.0095,0.0000,0.0000,0.0000,0.0001,0.8075,0.0386,0.1046,0.0346,0.2962,0.0619,0.0027,0.0081,0.0025,0.0045,0.4544,0.0304
SCR-00289,SCR-00289.wav,Panic Scream,0.93,Panic Scream,0.9908,0.9818,Aggression,0.5682,0.3674,,No,0.4226,Model Disagreement,Good,,Panic Scream,Yes,Yes,No,Medium,Critical,Alert generated,Required,Different predictions from the two models; Critical event without sufficient model agreement,"Python heard Panic Scream (99%), GTM heard Aggression (57%); it was Panic Scream, so Python was right. Panic Scream and Aggression are easy to confuse: both are loud, strained human voices; angry shouting and fearful screaming overlap in pitch and loudness. The app raised a Critical alert for Panic Scream. The app sent it to manual review (different predictions from the two models; critical event without sufficient model agreement).",0.0090,0.0000,0.0001,0.0000,0.0000,0.0000,0.0000,0.0000,0.9908,0.0000,0.5682,0.1513,0.0410,0.0251,0.0004,0.0044,0.0010,0.0033,0.2008,0.0046
SCR-00290,SCR-00290.wav,Panic Scream,1.73,Panic Scream,0.9954,0.9927,Alarm or Siren,0.3745,0.0322,,No,0.6209,Uncertain Result,Good,,Panic Scream,Yes,Yes,No,Medium,Critical,Alert generated,Required,Different predictions from the two models; Critical event without sufficient model agreement,"Python heard Panic Scream (100%), GTM heard Alarm or Siren (37%); it was Panic Scream, so Python was right. Panic Scream and Alarm or Siren are easy to confuse: both are sustained, high-pitched sounds. GTM was unsure (top class only 37%). The app raised a Critical alert for Panic Scream. The app sent it to manual review (different predictions from the two models; critical event without sufficient model agreement).",0.0017,0.0001,0.0028,0.0000,0.0000,0.0000,0.0000,0.0000,0.9954,0.0000,0.0199,0.3745,0.0125,0.1561,0.0001,0.0000,0.0015,0.0931,0.3423,0.0001
SCR-00291,SCR-00291.wav,Panic Scream,3.17,Panic Scream,0.8082,0.6238,Panic Scream,0.6712,0.5185,,Yes,0.1371,Acceptable Match,Good,,Panic Scream,Yes,Yes,Yes,High,Critical,Alert generated,Required,Overlapping sounds,,0.0063,0.1845,0.0009,0.0000,0.0000,0.0000,0.0000,0.0000,0.8082,0.0000,0.1527,0.1403,0.0323,0.0011,0.0000,0.0000,0.0000,0.0005,0.6712,0.0018
SCR-00292,SCR-00292.wav,Panic Scream,4.00,Panic Scream,0.5075,0.0200,Panic Scream,0.9320,0.8946,,Yes,0.4245,Weak Match,Good,,Panic Scream,Yes,Yes,Yes,Medium,Critical,Not confirmed,Required,Similar top-class confidence scores; Overlapping sounds; Possible false alarm,,0.0017,0.4875,0.0000,0.0006,0.0017,0.0001,0.0000,0.0000,0.5075,0.0009,0.0022,0.0154,0.0007,0.0373,0.0000,0.0000,0.0000,0.0122,0.9320,0.0002
SCR-00293,SCR-00293.wav,Panic Scream,0.65,Panic Scream,0.9578,0.9180,Panic Scream,0.4152,0.2102,,Yes,0.5426,Weak Match,Good,,Panic Scream,Yes,Yes,Yes,Medium,Critical,Alert generated,Not required,,,0.0007,0.0011,0.0398,0.0003,0.0001,0.0001,0.0000,0.0001,0.9578,0.0001,0.2050,0.0209,0.0914,0.0908,0.0032,0.0843,0.0150,0.0170,0.4152,0.0573
SCR-00294,SCR-00294.wav,Panic Scream,1.01,Panic Scream,0.9698,0.9407,Panic Scream,0.7494,0.5016,,Yes,0.2204,Acceptable Match,Good,,Panic Scream,Yes,Yes,Yes,High,Critical,Alert generated,Not required,,,0.0005,0.0006,0.0290,0.0000,0.0000,0.0000,0.0000,0.0000,0.9698,0.0000,0.0000,0.2478,0.0011,0.0002,0.0000,0.0000,0.0000,0.0015,0.7494,0.0000
SCR-00295,SCR-00295.wav,Panic Scream,3.63,Panic Scream,0.6109,0.2881,Vehicle Horn,0.5159,0.2931,,No,0.0950,Model Disagreement,Good,,Panic Scream,Yes,Yes,No,Medium,Critical,Alert generated,Required,Different predictions from the two models; Overlapping sounds; Critical event without sufficient model agreement,"Python heard Panic Scream (61%), GTM heard Vehicle Horn (52%); it was Panic Scream, so Python was right. GTM learned from the training audio played through the speaker and re-recorded (Stereo Mix), the Python model from the original files, so each relies on different cues. The recording is not uniform: Python's one-second windows heard Panic Scream in 5, Animal Sound in 2. The app raised a Critical alert for Panic Scream. The app sent it to manual review (different predictions from the two models; overlapping sounds; critical event without sufficient model agreement).",0.0021,0.0622,0.3228,0.0003,0.0000,0.0000,0.0000,0.0000,0.6109,0.0015,0.0879,0.2228,0.0296,0.0079,0.0000,0.0000,0.0000,0.0000,0.1360,0.5159
SCR-00296,SCR-00296.wav,Panic Scream,3.09,Panic Scream,0.4805,0.0681,Panic Scream,0.4449,0.2235,,Yes,0.0356,Weak Match,Good,,Panic Scream,Yes,Yes,Yes,Low,Critical,Not confirmed,Required,Low confidence; Similar top-class confidence scores; Overlapping sounds; Possible false alarm,,0.4124,0.0967,0.0095,0.0006,0.0000,0.0001,0.0000,0.0001,0.4805,0.0001,0.2214,0.0678,0.1018,0.1438,0.0018,0.0006,0.0034,0.0089,0.4449,0.0056
SCR-00297,SCR-00297.wav,Panic Scream,4.00,Panic Scream,0.8950,0.8398,Panic Scream,0.4295,0.2419,,Yes,0.4655,Weak Match,Good,,Panic Scream,Yes,Yes,Yes,Medium,Critical,Alert generated,Not required,,,0.0552,0.0424,0.0011,0.0034,0.0010,0.0000,0.0000,0.0001,0.8950,0.0018,0.1877,0.0727,0.1595,0.1001,0.0004,0.0028,0.0060,0.0139,0.4295,0.0273
SCR-00298,SCR-00298.wav,Panic Scream,4.00,Panic Scream,0.8846,0.7792,Panic Scream,0.6871,0.5469,,Yes,0.1975,Acceptable Match,Good,,Panic Scream,Yes,Yes,Yes,High,Critical,Alert generated,Required,Overlapping sounds,,0.1053,0.0035,0.0034,0.0006,0.0000,0.0023,0.0000,0.0001,0.8846,0.0002,0.1402,0.0670,0.0566,0.0346,0.0003,0.0083,0.0015,0.0013,0.6871,0.0031
SCR-00299,SCR-00299.wav,Panic Scream,2.94,Aggression,0.4062,0.0620,Animal Sound,0.3626,0.2235,,No,0.0437,Uncertain Result,Acceptable,missing audio frames: 1 dropout (0.83 s),Aggression,No,No,No,Low,High,Not confirmed,Required,Different predictions from the two models; Low confidence; Similar top-class confidence scores; Overlapping sounds; Possible false alarm; Critical event without sufficient model agreement,"Python heard Aggression (41%), GTM heard Animal Sound (36%); it was Panic Scream, so neither model was right. Aggression and Animal Sound are easy to confuse: barking and growling resemble shouting. The recording is not uniform: Python's one-second windows heard Aggression in 2, Glass Breaking in 1, Animal Sound in 1. Audio quality was Acceptable (missing audio frames: 1 dropout (0.83 s)). GTM was unsure (top class only 36%). The app sent it to manual review (different predictions from the two models; low confidence; similar top-class confidence scores; overlapping sounds; possible false alarm; critical event without sufficient model agreement).",0.4062,0.0004,0.3442,0.0000,0.1911,0.0015,0.0001,0.0000,0.0563,0.0001,0.0724,0.0816,0.3626,0.0931,0.0574,0.0523,0.0277,0.0545,0.1391,0.0594
SCR-00300,SCR-00300.wav,Panic Scream,3.16,Panic Scream,0.5495,0.3264,Panic Scream,0.5243,0.3275,,Yes,0.0252,Acceptable Match,Good,,Panic Scream,Yes,Yes,Yes,Medium,Critical,Alert generated,Required,Overlapping sounds,,0.0126,0.0004,0.2231,0.0086,0.0001,0.0000,0.0018,0.0040,0.5495,0.1998,0.0263,0.1968,0.0597,0.0172,0.0222,0.0168,0.0845,0.0340,0.5243,0.0183
HRN-00256,HRN-00256.wav,Vehicle Horn,5.00,Vehicle Horn,0.9698,0.9539,Aggression,0.2494,0.0480,,No,0.7205,Uncertain Result,Good,,Vehicle Horn,Yes,Yes,No,Medium,Low,No alert,Required,Different predictions from the two models,"Python heard Vehicle Horn (97%), GTM heard Aggression (25%); it was Vehicle Horn, so Python was right. GTM learned from the training audio played through the speaker and re-recorded (Stereo Mix), the Python model from the original files, so each relies on different cues. GTM was unsure (top class only 25%). The app sent it to manual review (different predictions from the two models).",0.0159,0.0031,0.0040,0.0024,0.0005,0.0001,0.0000,0.0001,0.0040,0.9698,0.2494,0.0961,0.0614,0.1926,0.0135,0.0080,0.0081,0.0611,0.1085,0.2014
HRN-00257,HRN-00257.ogg,Vehicle Horn,3.59,Vehicle Horn,0.7203,0.5029,Vehicle Horn,0.4072,0.2456,,Yes,0.3131,Weak Match,Good,,Vehicle Horn,Yes,Yes,Yes,Medium,Low,No alert,Not required,,,0.0001,0.0016,0.0604,0.2174,0.0000,0.0001,0.0000,0.0000,0.0000,0.7203,0.1456,0.1036,0.0661,0.1616,0.0030,0.0338,0.0320,0.0402,0.0069,0.4072
HRN-00258,HRN-00258.ogg,Vehicle Horn,2.51,Vehicle Horn,0.9984,0.9969,Aggression,0.3099,0.1259,,No,0.6885,Uncertain Result,Good,,Vehicle Horn,Yes,Yes,No,Medium,Low,No alert,Required,Different predictions from the two models,"Python heard Vehicle Horn (100%), GTM heard Aggression (31%); it was Vehicle Horn, so Python was right. GTM learned from the training audio played through the speaker and re-recorded (Stereo Mix), the Python model from the original files, so each relies on different cues. GTM was unsure (top class only 31%). The app sent it to manual review (different predictions from the two models).",0.0000,0.0016,0.0000,0.0000,0.0000,0.0000,0.0000,0.0000,0.0000,0.9984,0.3099,0.0557,0.1806,0.1840,0.0195,0.0741,0.0232,0.0215,0.0693,0.0620
HRN-00259,HRN-00259.ogg,Vehicle Horn,0.92,Vehicle Horn,0.9999,0.9997,Alarm or Siren,0.4669,0.2933,,No,0.5330,Uncertain Result,Good,,Vehicle Horn,Yes,Yes,No,Medium,Low,No alert,Required,Different predictions from the two models,"Python heard Vehicle Horn (100%), GTM heard Alarm or Siren (47%); it was Vehicle Horn, so Python was right. Vehicle Horn and Alarm or Siren are easy to confuse: both are loud tonal signals with strong harmonics. GTM was unsure (top class only 47%). The app sent it to manual review (different predictions from the two models).",0.0000,0.0001,0.0000,0.0000,0.0000,0.0000,0.0000,0.0000,0.0000,0.9999,0.0180,0.4669,0.0057,0.0646,0.0266,0.0739,0.0503,0.0138,0.1736,0.1068
HRN-00260,HRN-00260.ogg,Vehicle Horn,14.32,Vehicle Horn,0.9155,0.8331,Vehicle Horn,0.6433,0.4458,,Yes,0.2722,Acceptable Match,Good,,Vehicle Horn,Yes,Yes,Yes,High,Low,No alert,Required,Overlapping sounds,,0.0004,0.0824,0.0005,0.0002,0.0010,0.0000,0.0000,0.0000,0.0000,0.9155,0.0123,0.1975,0.0018,0.0085,0.0923,0.0223,0.0044,0.0006,0.0170,0.6433
HRN-00261,HRN-00261.ogg,Vehicle Horn,10.37,Alarm or Siren,0.4655,0.0060,Vehicle Horn,0.4156,0.2138,,No,0.0499,Uncertain Result,Good,,Alarm or Siren,No,No,Yes,Low,High,Not confirmed,Required,Different predictions from the two models; Low confidence; Similar top-class confidence scores; Overlapping sounds; Possible false alarm,,0.0001,0.4655,0.0497,0.0242,0.0001,0.0001,0.0002,0.0001,0.0005,0.4595,0.1191,0.2018,0.0692,0.0904,0.0011,0.0126,0.0217,0.0209,0.0476,0.4156
HRN-00262,HRN-00262.ogg,Vehicle Horn,3.77,Vehicle Horn,0.8220,0.7135,Panic Scream,0.4901,0.2459,,No,0.3320,Uncertain Result,Good,,Vehicle Horn,Yes,Yes,No,Medium,Low,No alert,Required,Different predictions from the two models; Overlapping sounds,"Python heard Vehicle Horn (82%), GTM heard Panic Scream (49%); it was Vehicle Horn, so Python was right. GTM learned from the training audio played through the speaker and re-recorded (Stereo Mix), the Python model from the original files, so each relies on different cues. GTM was unsure (top class only 49%). The app sent it to manual review (different predictions from the two models; overlapping sounds).",0.0003,0.1086,0.0533,0.0010,0.0000,0.0000,0.0000,0.0002,0.0145,0.8220,0.1827,0.2442,0.0150,0.0268,0.0000,0.0001,0.0005,0.0012,0.4901,0.0395
HRN-00263,HRN-00263.ogg,Vehicle Horn,7.03,Vehicle Horn,0.9678,0.9355,Vehicle Horn,0.4233,0.2272,,Yes,0.5444,Weak Match,Good,,Vehicle Horn,Yes,Yes,Yes,Medium,Low,No alert,Not required,,,0.0000,0.0322,0.0000,0.0000,0.0000,0.0000,0.0000,0.0000,0.0000,0.9678,0.1074,0.1961,0.0410,0.0916,0.0106,0.0031,0.0069,0.0131,0.1069,0.4233
HRN-00264,HRN-00264.ogg,Vehicle Horn,10.50,Vehicle Horn,0.3746,0.1640,Vehicle Horn,0.2034,0.0532,,Yes,0.1713,Weak Match,Good,,Vehicle Horn,Yes,Yes,Yes,Low,Low,No alert,Required,Low confidence; Overlapping sounds,,0.0399,0.0700,0.2106,0.1274,0.0032,0.0985,0.0001,0.0453,0.0304,0.3746,0.1376,0.1081,0.1501,0.1248,0.0269,0.1034,0.0194,0.0592,0.0671,0.2034
HRN-00265,HRN-00265.ogg,Vehicle Horn,7.88,Vehicle Horn,0.5331,0.2108,Aggression,0.1811,0.0187,,No,0.3520,Uncertain Result,Good,,Vehicle Horn,Yes,Yes,No,Medium,Low,No alert,Required,Different predictions from the two models,"Python heard Vehicle Horn (53%), GTM heard Aggression (18%); it was Vehicle Horn, so Python was right. GTM learned from the training audio played through the speaker and re-recorded (Stereo Mix), the Python model from the original files, so each relies on different cues. The recording is not uniform: Python's one-second windows heard Vehicle Horn in 12, Aggression in 2, Animal Sound in 1. GTM was unsure (top class only 18%). The app sent it to manual review (different predictions from the two models).",0.3222,0.0076,0.0843,0.0337,0.0000,0.0001,0.0004,0.0059,0.0126,0.5331,0.1811,0.1624,0.1612,0.0632,0.0067,0.0383,0.1005,0.0284,0.1285,0.1298
HRN-00266,HRN-00266.ogg,Vehicle Horn,5.78,Vehicle Horn,0.9644,0.9323,Animal Sound,0.3630,0.2198,,No,0.6013,Uncertain Result,Good,,Vehicle Horn,Yes,Yes,No,Medium,Low,No alert,Required,Different predictions from the two models,"Python heard Vehicle Horn (96%), GTM heard Animal Sound (36%); it was Vehicle Horn, so Python was right. GTM learned from the training audio played through the speaker and re-recorded (Stereo Mix), the Python model from the original files, so each relies on different cues. GTM was unsure (top class only 36%). The app sent it to manual review (different predictions from the two models).",0.0003,0.0321,0.0026,0.0006,0.0001,0.0000,0.0000,0.0000,0.0000,0.9644,0.1231,0.1054,0.3630,0.0804,0.0147,0.0782,0.0124,0.0435,0.1432,0.0360
HRN-00267,HRN-00267.ogg,Vehicle Horn,11.95,Vehicle Horn,0.6647,0.4972,Panic Scream,0.1777,0.0242,,No,0.4870,Uncertain Result,Good,,Vehicle Horn,Yes,Yes,No,Medium,Low,No alert,Required,Different predictions from the two models,"Python heard Vehicle Horn (66%), GTM heard Panic Scream (18%); it was Vehicle Horn, so Python was right. GTM learned from the training audio played through the speaker and re-recorded (Stereo Mix), the Python model from the original files, so each relies on different cues. The recording is not uniform: Python's one-second windows heard Vehicle Horn in 11, Gunshot in 3. GTM was unsure (top class only 18%). The app sent it to manual review (different predictions from the two models).",0.0050,0.0011,0.0081,0.1459,0.0052,0.1675,0.0016,0.0002,0.0006,0.6647,0.0916,0.1535,0.1355,0.1278,0.0785,0.0684,0.0278,0.0565,0.1777,0.0827
HRN-00268,HRN-00268.ogg,Vehicle Horn,15.79,Vehicle Horn,0.4444,0.0364,Background Noise,0.2498,0.0528,,No,0.1946,Uncertain Result,Good,,Vehicle Horn,Yes,Yes,No,Low,Low,No alert,Required,Different predictions from the two models; Low confidence; Similar top-class confidence scores,,0.0015,0.0020,0.0445,0.4080,0.0003,0.0038,0.0102,0.0851,0.0001,0.4444,0.1284,0.0803,0.0389,0.2498,0.0038,0.0995,0.0920,0.1970,0.0104,0.0998
HRN-00269,HRN-00269.ogg,Vehicle Horn,3.94,Vehicle Horn,0.8179,0.6380,Vehicle Horn,0.4403,0.2578,,Yes,0.3776,Weak Match,Good,,Vehicle Horn,Yes,Yes,Yes,Medium,Low,No alert,Required,Overlapping sounds,,0.0021,0.1800,0.0000,0.0000,0.0000,0.0000,0.0000,0.0000,0.0000,0.8179,0.1255,0.1825,0.0222,0.0401,0.0260,0.1254,0.0018,0.0024,0.0337,0.4403
HRN-00270,HRN-00270.wav,Vehicle Horn,4.37,Background Noise,0.6006,0.3593,Aggression,0.2023,0.0204,,No,0.3983,Uncertain Result,Good,,Background Noise,No,No,No,Medium,Medium,Alert generated,Required,Different predictions from the two models,"Python heard Background Noise (60%), GTM heard Aggression (20%); it was Vehicle Horn, so neither model was right. Background Noise is involved: a quiet or distant event sinks into the background, and busy background noise can resemble an event. The recording is not uniform: Python's one-second windows heard Background Noise in 5, Animal Sound in 2, Vehicle Horn in 1. GTM was unsure (top class only 20%). The app raised a Medium alert for Background Noise. The app sent it to manual review (different predictions from the two models).",0.0283,0.0007,0.2413,0.6006,0.0029,0.0134,0.0002,0.0004,0.0034,0.1087,0.2023,0.0479,0.0636,0.1819,0.0250,0.1763,0.0538,0.0475,0.0806,0.1212
HRN-00271,HRN-00271.wav,Vehicle Horn,8.46,Background Noise,0.6388,0.3246,Background Noise,0.3715,0.1952,,Yes,0.2673,Weak Match,Good,,Background Noise,No,No,No,Medium,Informational,No alert,Not required,,,0.0004,0.0109,0.0158,0.6388,0.0004,0.0033,0.0008,0.0139,0.0015,0.3142,0.0606,0.0143,0.0082,0.3715,0.0161,0.1764,0.1093,0.1112,0.0422,0.0901
HRN-00272,HRN-00272.wav,Vehicle Horn,5.33,Vehicle Horn,0.8702,0.7879,Panic Scream,0.2207,0.0626,,No,0.6495,Uncertain Result,Good,,Vehicle Horn,Yes,Yes,No,Medium,Low,No alert,Required,Different predictions from the two models,"Python heard Vehicle Horn (87%), GTM heard Panic Scream (22%); it was Vehicle Horn, so Python was right. GTM learned from the training audio played through the speaker and re-recorded (Stereo Mix), the Python model from the original files, so each relies on different cues. GTM was unsure (top class only 22%). The app sent it to manual review (different predictions from the two models).",0.0000,0.0042,0.0424,0.0823,0.0001,0.0001,0.0006,0.0000,0.0000,0.8702,0.1581,0.1463,0.0680,0.1490,0.0015,0.0060,0.0466,0.0491,0.2207,0.1547
HRN-00273,HRN-00273.wav,Vehicle Horn,16.38,Vehicle Horn,0.4573,0.0321,Background Noise,0.3912,0.2875,,No,0.0661,Uncertain Result,Good,,Vehicle Horn,Yes,Yes,No,Low,Low,No alert,Required,Different predictions from the two models; Low confidence; Similar top-class confidence scores,,0.0045,0.0254,0.0485,0.4252,0.0010,0.0026,0.0270,0.0074,0.0011,0.4573,0.0542,0.0823,0.0762,0.3912,0.0384,0.1037,0.1027,0.0544,0.0188,0.0781
HRN-00274,HRN-00274.wav,Vehicle Horn,6.42,Vehicle Horn,0.4986,0.2910,Vehicle Horn,0.3288,0.1111,,Yes,0.1699,Weak Match,Good,,Vehicle Horn,Yes,Yes,Yes,Low,Low,No alert,Required,Low confidence; Overlapping sounds,,0.2077,0.1531,0.1013,0.0390,0.0000,0.0000,0.0002,0.0000,0.0001,0.4986,0.1542,0.1090,0.0375,0.0788,0.0031,0.0131,0.0272,0.0306,0.2177,0.3288
HRN-00275,HRN-00275.wav,Vehicle Horn,28.48,Vehicle Horn,0.5634,0.2160,Aggression,0.2721,0.0751,,No,0.2914,Uncertain Result,Good,,Vehicle Horn,Yes,Yes,No,Medium,Low,No alert,Required,Different predictions from the two models,"Python heard Vehicle Horn (56%), GTM heard Aggression (27%); it was Vehicle Horn, so Python was right. GTM learned from the training audio played through the speaker and re-recorded (Stereo Mix), the Python model from the original files, so each relies on different cues. The recording is not uniform: Python's one-second windows heard Vehicle Horn in 32, Background Noise in 24. GTM was unsure (top class only 27%). The app sent it to manual review (different predictions from the two models).",0.0081,0.0115,0.0183,0.3474,0.0050,0.0367,0.0065,0.0029,0.0002,0.5634,0.2721,0.1599,0.0803,0.1970,0.0043,0.0270,0.0333,0.0632,0.0176,0.1454
HRN-00276,HRN-00276.wav,Vehicle Horn,17.58,Vehicle Horn,0.6149,0.4918,Vehicle Horn,0.3263,0.1607,,Yes,0.2886,Weak Match,Good,,Vehicle Horn,Yes,Yes,Yes,Medium,Low,No alert,Required,Overlapping sounds,,0.0411,0.0581,0.0950,0.1230,0.0039,0.0595,0.0001,0.0001,0.0044,0.6149,0.1655,0.1532,0.0424,0.1017,0.0187,0.0427,0.0408,0.0600,0.0487,0.3263
HRN-00277,HRN-00277.wav,Vehicle Horn,0.48,Vehicle Horn,0.8562,0.7563,Animal Sound,0.3660,0.1746,,No,0.4902,Uncertain Result,Good,,Vehicle Horn,Yes,Yes,No,Medium,Low,No alert,Required,Different predictions from the two models,"Python heard Vehicle Horn (86%), GTM heard Animal Sound (37%); it was Vehicle Horn, so Python was right. GTM learned from the training audio played through the speaker and re-recorded (Stereo Mix), the Python model from the original files, so each relies on different cues. GTM was unsure (top class only 37%). The app sent it to manual review (different predictions from the two models).",0.0427,0.0999,0.0008,0.0002,0.0000,0.0000,0.0000,0.0000,0.0001,0.8562,0.0229,0.1914,0.3660,0.0035,0.0086,0.0066,0.1802,0.0346,0.1462,0.0401
HRN-00278,HRN-00278.wav,Vehicle Horn,0.78,Vehicle Horn,0.6510,0.3025,Panic Scream,0.8330,0.7266,,No,0.1820,Model Disagreement,Good,,Vehicle Horn,Yes,Yes,No,Medium,Low,No alert,Required,Different predictions from the two models; Overlapping sounds,"Python heard Vehicle Horn (65%), GTM heard Panic Scream (83%); it was Vehicle Horn, so Python was right. GTM learned from the training audio played through the speaker and re-recorded (Stereo Mix), the Python model from the original files, so each relies on different cues. The app sent it to manual review (different predictions from the two models; overlapping sounds).",0.0003,0.3485,0.0001,0.0001,0.0000,0.0000,0.0000,0.0000,0.0000,0.6510,0.0116,0.1064,0.0311,0.0068,0.0012,0.0001,0.0043,0.0010,0.8330,0.0044
HRN-00279,HRN-00279.wav,Vehicle Horn,0.56,Vehicle Horn,1.0000,1.0000,Vehicle Horn,0.4824,0.2163,,Yes,0.5176,Weak Match,Good,,Vehicle Horn,Yes,Yes,Yes,Medium,Low,No alert,Not required,,,0.0000,0.0000,0.0000,0.0000,0.0000,0.0000,0.0000,0.0000,0.0000,1.0000,0.0352,0.0415,0.0798,0.0030,0.0310,0.0435,0.0153,0.0022,0.2661,0.4824
HRN-00280,HRN-00280.wav,Vehicle Horn,0.81,Vehicle Horn,0.9995,0.9991,Vehicle Horn,0.5918,0.4632,,Yes,0.4077,Weak Match,Good,,Vehicle Horn,Yes,Yes,Yes,Medium,Low,No alert,Not required,,,0.0000,0.0005,0.0000,0.0000,0.0000,0.0000,0.0000,0.0000,0.0000,0.9995,0.0478,0.0122,0.0079,0.1286,0.0397,0.0904,0.0045,0.0012,0.0759,0.5918
HRN-00281,HRN-00281.wav,Vehicle Horn,2.40,Vehicle Horn,0.7283,0.4733,Background Noise,0.2915,0.1008,,No,0.4368,Uncertain Result,Good,,Vehicle Horn,Yes,Yes,No,Medium,Low,No alert,Required,Different predictions from the two models,"Python heard Vehicle Horn (73%), GTM heard Background Noise (29%); it was Vehicle Horn, so Python was right. Background Noise is involved: a quiet or distant event sinks into the background, and busy background noise can resemble an event. The recording is not uniform: Python's one-second windows heard Vehicle Horn in 3, Background Noise in 1. GTM was unsure (top class only 29%). The app sent it to manual review (different predictions from the two models).",0.0003,0.0027,0.0066,0.2550,0.0012,0.0016,0.0003,0.0038,0.0001,0.7283,0.1907,0.0281,0.0307,0.2915,0.0032,0.0478,0.0682,0.1084,0.0477,0.1837
HRN-00282,HRN-00282.wav,Vehicle Horn,4.42,Vehicle Horn,0.4397,0.0374,Aggression,0.3613,0.1914,,No,0.0784,Uncertain Result,Good,,Vehicle Horn,Yes,Yes,No,Low,Low,No alert,Required,Different predictions from the two models; Low confidence; Similar top-class confidence scores,"Python heard Vehicle Horn (44%), GTM heard Aggression (36%); it was Vehicle Horn, so Python was right. GTM learned from the training audio played through the speaker and re-recorded (Stereo Mix), the Python model from the original files, so each relies on different cues. The recording is not uniform: Python's one-second windows heard Aggression in 5, Vehicle Horn in 2, Panic Scream in 1. GTM was unsure (top class only 36%). The app sent it to manual review (different predictions from the two models; low confidence; similar top-class confidence scores).",0.4024,0.0135,0.0064,0.0003,0.0000,0.0000,0.0000,0.0000,0.1376,0.4397,0.3613,0.1280,0.1013,0.1700,0.0090,0.0633,0.0081,0.0131,0.0541,0.0919
HRN-00283,HRN-00283.wav,Vehicle Horn,9.22,Vehicle Horn,0.3276,0.0565,Aggression,0.2270,0.0494,,No,0.1006,Uncertain Result,Good,,Unknown,No,Yes,No,Low,Informational,No alert,Required,Different predictions from the two models; Low confidence; Similar top-class confidence scores; Overlapping sounds; Unsupported sound pattern,"Python heard Vehicle Horn (33%), GTM heard Aggression (23%); it was Vehicle Horn, so Python was right. GTM learned from the training audio played through the speaker and re-recorded (Stereo Mix), the Python model from the original files, so each relies on different cues. The recording is not uniform: Python's one-second windows heard Vehicle Horn in 6, Background Noise in 6, Animal Sound in 4. GTM was unsure (top class only 23%). The app sent it to manual review (different predictions from the two models; low confidence; similar top-class confidence scores; overlapping sounds; unsupported sound pattern).",0.1837,0.0109,0.1335,0.2711,0.0071,0.0168,0.0029,0.0005,0.0458,0.3276,0.2270,0.1776,0.0891,0.1021,0.0086,0.0339,0.0565,0.0558,0.1045,0.1449
HRN-00284,HRN-00284.wav,Vehicle Horn,5.49,Aggression,0.3169,0.0332,Background Noise,0.1433,0.0043,,No,0.1737,Uncertain Result,Good,,Unknown,No,No,No,Low,Informational,No alert,Required,Different predictions from the two models; Low confidence; Similar top-class confidence scores; Overlapping sounds; Unsupported sound pattern,"Python heard Aggression (32%), GTM heard Background Noise (14%); it was Vehicle Horn, so neither model was right. Background Noise is involved: a quiet or distant event sinks into the background, and busy background noise can resemble an event. The recording is not uniform: Python's one-second windows heard Aggression in 4, Animal Sound in 3, Background Noise in 2. GTM was unsure (top class only 14%). The app sent it to manual review (different predictions from the two models; low confidence; similar top-class confidence scores; overlapping sounds; unsupported sound pattern).",0.3169,0.0003,0.2837,0.2069,0.0034,0.1714,0.0000,0.0002,0.0130,0.0041,0.1269,0.0638,0.1389,0.1433,0.0164,0.1255,0.1143,0.1161,0.1021,0.0526
HRN-00285,HRN-00285.wav,Vehicle Horn,10.27,Vehicle Horn,0.6338,0.3482,Glass Breaking,0.4133,0.2642,,No,0.2204,Uncertain Result,Good,,Vehicle Horn,Yes,Yes,No,Medium,Low,No alert,Required,Different predictions from the two models; Overlapping sounds,"Python heard Vehicle Horn (63%), GTM heard Glass Breaking (41%); it was Vehicle Horn, so Python was right. GTM learned from the training audio played through the speaker and re-recorded (Stereo Mix), the Python model from the original files, so each relies on different cues. The recording is not uniform: Python's one-second windows heard Vehicle Horn in 10, Glass Breaking in 3. GTM was unsure (top class only 41%). The app sent it to manual review (different predictions from the two models; overlapping sounds).",0.0007,0.0675,0.0084,0.0026,0.2856,0.0012,0.0001,0.0001,0.0000,0.6338,0.1451,0.0642,0.0181,0.0770,0.4133,0.0241,0.0253,0.0274,0.0564,0.1491
HRN-00286,HRN-00286.wav,Vehicle Horn,17.00,Background Noise,0.4764,0.1167,Aggression,0.2875,0.0659,,No,0.1889,Uncertain Result,Good,,Background Noise,No,No,No,Low,Medium,Not confirmed,Required,Different predictions from the two models; Low confidence; Possible false alarm,"Python heard Background Noise (48%), GTM heard Aggression (29%); it was Vehicle Horn, so neither model was right. Background Noise is involved: a quiet or distant event sinks into the background, and busy background noise can resemble an event. The recording is not uniform: Python's one-second windows heard Vehicle Horn in 21, Background Noise in 11, Gunshot in 1. GTM was unsure (top class only 29%). The app sent it to manual review (different predictions from the two models; low confidence; possible false alarm).",0.0006,0.0069,0.0242,0.4764,0.0014,0.1298,0.0007,0.0002,0.0001,0.3597,0.2875,0.0930,0.0611,0.2215,0.0060,0.0575,0.0627,0.0772,0.0394,0.0941
HRN-00287,HRN-00287.wav,Vehicle Horn,5.90,Vehicle Horn,0.9916,0.9833,Panic Scream,0.1853,0.0053,,No,0.8063,Uncertain Result,Acceptable,missing audio frames: 1 dropout (0.72 s),Vehicle Horn,Yes,Yes,No,Medium,Low,No alert,Required,Different predictions from the two models,"Python heard Vehicle Horn (99%), GTM heard Panic Scream (19%); it was Vehicle Horn, so Python was right. GTM learned from the training audio played through the speaker and re-recorded (Stereo Mix), the Python model from the original files, so each relies on different cues. Audio quality was Acceptable (missing audio frames: 1 dropout (0.72 s)). GTM was unsure (top class only 19%). The app sent it to manual review (different predictions from the two models).",0.0000,0.0083,0.0000,0.0000,0.0000,0.0000,0.0000,0.0000,0.0000,0.9916,0.1209,0.0464,0.1358,0.1013,0.0254,0.1444,0.0439,0.0166,0.1853,0.1800
HRN-00288,HRN-00288.wav,Vehicle Horn,0.66,Vehicle Horn,1.0000,0.9999,Normal Machinery,0.3208,0.1162,,No,0.6791,Uncertain Result,Good,,Vehicle Horn,Yes,Yes,No,Medium,Low,No alert,Required,Different predictions from the two models,"Python heard Vehicle Horn (100%), GTM heard Normal Machinery (32%); it was Vehicle Horn, so Python was right. GTM learned from the training audio played through the speaker and re-recorded (Stereo Mix), the Python model from the original files, so each relies on different cues. GTM was unsure (top class only 32%). The app sent it to manual review (different predictions from the two models).",0.0000,0.0000,0.0000,0.0000,0.0000,0.0000,0.0000,0.0000,0.0000,1.0000,0.2046,0.0455,0.0764,0.1558,0.0077,0.0194,0.0390,0.3208,0.0787,0.0519
HRN-00289,HRN-00289.wav,Vehicle Horn,0.86,Vehicle Horn,0.4705,0.0581,Vehicle Horn,0.4154,0.2419,,Yes,0.0551,Weak Match,Good,,Vehicle Horn,Yes,Yes,Yes,Low,Low,No alert,Required,Low confidence; Similar top-class confidence scores,,0.0000,0.0632,0.0016,0.4124,0.0014,0.0498,0.0008,0.0003,0.0000,0.4705,0.0629,0.0350,0.0611,0.0598,0.0305,0.0761,0.0590,0.1735,0.0268,0.4154
HRN-00290,HRN-00290.wav,Vehicle Horn,0.48,Alarm or Siren,0.4704,0.0190,Panic Scream,0.2840,0.0227,,No,0.1864,Uncertain Result,Good,,Alarm or Siren,No,No,No,Low,High,Not confirmed,Required,Different predictions from the two models; Low confidence; Similar top-class confidence scores; Overlapping sounds; Possible false alarm,"Python heard Alarm or Siren (47%), GTM heard Panic Scream (28%); it was Vehicle Horn, so neither model was right. Alarm or Siren and Panic Scream are easy to confuse: both are sustained, high-pitched sounds. GTM was unsure (top class only 28%). The app sent it to manual review (different predictions from the two models; low confidence; similar top-class confidence scores; overlapping sounds; possible false alarm).",0.0003,0.4704,0.0048,0.0172,0.0156,0.0106,0.0203,0.0056,0.0037,0.4515,0.0147,0.0312,0.0683,0.1363,0.0331,0.0433,0.0204,0.1074,0.2840,0.2613
HRN-00291,HRN-00291.wav,Vehicle Horn,1.16,Vehicle Horn,0.9998,0.9997,Panic Scream,0.8623,0.8081,,No,0.1376,Model Disagreement,Good,,Vehicle Horn,Yes,Yes,No,Medium,Low,No alert,Required,Different predictions from the two models,"Python heard Vehicle Horn (100%), GTM heard Panic Scream (86%); it was Vehicle Horn, so Python was right. GTM learned from the training audio played through the speaker and re-recorded (Stereo Mix), the Python model from the original files, so each relies on different cues. The app sent it to manual review (different predictions from the two models).",0.0000,0.0002,0.0000,0.0000,0.0000,0.0000,0.0000,0.0000,0.0000,0.9998,0.0328,0.0144,0.0285,0.0050,0.0003,0.0006,0.0002,0.0018,0.8623,0.0542
HRN-00292,HRN-00292.wav,Vehicle Horn,1.81,Vehicle Horn,1.0000,1.0000,Vehicle Horn,0.8175,0.7513,,Yes,0.1825,Acceptable Match,Good,,Vehicle Horn,Yes,Yes,Yes,High,Low,No alert,Not required,,,0.0000,0.0000,0.0000,0.0000,0.0000,0.0000,0.0000,0.0000,0.0000,1.0000,0.0254,0.0377,0.0030,0.0082,0.0095,0.0215,0.0066,0.0043,0.0662,0.8175
HRN-00293,HRN-00293.wav,Vehicle Horn,4.00,Vehicle Horn,0.9328,0.9197,Aggression,0.2923,0.0845,,No,0.6404,Uncertain Result,Good,,Vehicle Horn,Yes,Yes,No,Medium,Low,No alert,Required,Different predictions from the two models,"Python heard Vehicle Horn (93%), GTM heard Aggression (29%); it was Vehicle Horn, so Python was right. GTM learned from the training audio played through the speaker and re-recorded (Stereo Mix), the Python model from the original files, so each relies on different cues. GTM was unsure (top class only 29%). The app sent it to manual review (different predictions from the two models).",0.0075,0.0130,0.0096,0.0060,0.0122,0.0004,0.0021,0.0076,0.0086,0.9328,0.2923,0.0488,0.0599,0.1449,0.0048,0.0272,0.0375,0.0773,0.0993,0.2079
HRN-00294,HRN-00294.wav,Vehicle Horn,0.30,Vehicle Horn,0.9774,0.9692,Panic Scream,0.4940,0.3648,,No,0.4833,Uncertain Result,Good,,Vehicle Horn,Yes,Yes,No,Medium,Low,No alert,Required,Different predictions from the two models,"Python heard Vehicle Horn (98%), GTM heard Panic Scream (49%); it was Vehicle Horn, so Python was right. GTM learned from the training audio played through the speaker and re-recorded (Stereo Mix), the Python model from the original files, so each relies on different cues. GTM was unsure (top class only 49%). The app sent it to manual review (different predictions from the two models).",0.0003,0.0024,0.0082,0.0014,0.0018,0.0005,0.0001,0.0000,0.0080,0.9774,0.0171,0.1206,0.0956,0.0340,0.0064,0.0446,0.0026,0.0558,0.4940,0.1293
HRN-00295,HRN-00295.wav,Vehicle Horn,1.84,Vehicle Horn,0.8770,0.8357,Vehicle Horn,0.2293,0.0379,,Yes,0.6477,Weak Match,Good,,Vehicle Horn,Yes,Yes,Yes,Medium,Low,No alert,Not required,,,0.0373,0.0027,0.0056,0.0357,0.0001,0.0001,0.0001,0.0000,0.0414,0.8770,0.1914,0.1113,0.0398,0.1905,0.0045,0.0756,0.0537,0.0616,0.0423,0.2293
HRN-00296,HRN-00296.wav,Vehicle Horn,0.85,Vehicle Horn,0.9997,0.9996,Normal Machinery,0.3227,0.0731,,No,0.6770,Uncertain Result,Acceptable,low signal strength: active level -55 dBFS,Vehicle Horn,Yes,Yes,No,Medium,Low,No alert,Required,Different predictions from the two models,"Python heard Vehicle Horn (100%), GTM heard Normal Machinery (32%); it was Vehicle Horn, so Python was right. GTM learned from the training audio played through the speaker and re-recorded (Stereo Mix), the Python model from the original files, so each relies on different cues. Audio quality was Acceptable (low signal strength: active level -55 dBFS). GTM was unsure (top class only 32%). The app sent it to manual review (different predictions from the two models).",0.0000,0.0002,0.0000,0.0000,0.0000,0.0000,0.0000,0.0000,0.0000,0.9997,0.0591,0.0456,0.0343,0.0795,0.0320,0.0694,0.0782,0.3227,0.0297,0.2496
HRN-00297,HRN-00297.wav,Vehicle Horn,1.16,Vehicle Horn,0.9999,0.9998,Vehicle Horn,0.7798,0.6867,,Yes,0.2201,Acceptable Match,Good,,Vehicle Horn,Yes,Yes,Yes,High,Low,No alert,Not required,,,0.0000,0.0001,0.0000,0.0000,0.0000,0.0000,0.0000,0.0000,0.0000,0.9999,0.0190,0.0582,0.0077,0.0279,0.0014,0.0041,0.0061,0.0026,0.0931,0.7798
HRN-00298,HRN-00298.wav,Vehicle Horn,3.51,Vehicle Horn,0.8871,0.8043,Aggression,0.2707,0.0271,,No,0.6165,Uncertain Result,Good,,Vehicle Horn,Yes,Yes,No,Medium,Low,No alert,Required,Different predictions from the two models; Overlapping sounds,"Python heard Vehicle Horn (89%), GTM heard Aggression (27%); it was Vehicle Horn, so Python was right. GTM learned from the training audio played through the speaker and re-recorded (Stereo Mix), the Python model from the original files, so each relies on different cues. GTM was unsure (top class only 27%). The app sent it to manual review (different predictions from the two models; overlapping sounds).",0.0003,0.0242,0.0048,0.0007,0.0001,0.0828,0.0000,0.0001,0.0000,0.8871,0.2707,0.0815,0.0435,0.2436,0.0027,0.0306,0.0341,0.0382,0.2072,0.0480
HRN-00299,HRN-00299.wav,Vehicle Horn,0.83,Vehicle Horn,1.0000,1.0000,Vehicle Horn,0.3163,0.0479,,Yes,0.6837,Weak Match,Good,,Vehicle Horn,Yes,Yes,Yes,Medium,Low,No alert,Not required,,,0.0000,0.0000,0.0000,0.0000,0.0000,0.0000,0.0000,0.0000,0.0000,1.0000,0.2684,0.0400,0.0442,0.0748,0.0017,0.0035,0.0085,0.0189,0.2239,0.3163
HRN-00300,HRN-00300.wav,Vehicle Horn,0.39,Vehicle Horn,1.0000,1.0000,Gunshot,0.4723,0.3407,,No,0.5277,Uncertain Result,Good,,Vehicle Horn,Yes,Yes,No,Medium,Low,No alert,Required,Different predictions from the two models,"Python heard Vehicle Horn (100%), GTM heard Gunshot (47%); it was Vehicle Horn, so Python was right. GTM learned from the training audio played through the speaker and re-recorded (Stereo Mix), the Python model from the original files, so each relies on different cues. GTM was unsure (top class only 47%). The app sent it to manual review (different predictions from the two models).",0.0000,0.0000,0.0000,0.0000,0.0000,0.0000,0.0000,0.0000,0.0000,1.0000,0.0128,0.0273,0.0840,0.0621,0.0311,0.4723,0.0240,0.1259,0.1316,0.0289
